== PSL(2,64): order 262080 built in 3.1s
  [PSL(2,64)] |G|=262080 degree=65 odd classes=63 involution classes=1 subgroup candidates=28 (largest 4032)  setup 721.1s
  [PSL(2,64)] generating pairs (a,x) up to conjugacy and inversion: 3858  (802.2s)
    pair ord(x)=65 ord(ax)=63: True quotient by N(Z63) of order 126 (2080 vertices) [11.3s]
    pair ord(x)=65 ord(ax)=21: True quotient by N(Z63) of order 126 (2080 vertices) [11.3s]
    pair ord(x)=65 ord(ax)=63: True quotient by N(Z63) of order 126 (2080 vertices) [11.3s]
    pair ord(x)=65 ord(ax)=21: True quotient by N(Z63) of order 126 (2080 vertices) [11.3s]
    pair ord(x)=65 ord(ax)=7: True quotient by N(Z63) of order 126 (2080 vertices) [11.3s]
    pair ord(x)=65 ord(ax)=65: True quotient by N(Z63) of order 126 (2080 vertices) [11.3s]
    pair ord(x)=65 ord(ax)=65: True quotient by N(Z63) of order 126 (2080 vertices) [11.4s]
    pair ord(x)=65 ord(ax)=63: True quotient by N(Z63) of order 126 (2080 vertices) [11.4s]
    pair ord(x)=65 ord(ax)=63: True quotient by N(Z63) of order 126 (2080 vertices) [11.4s]
    pair ord(x)=65 ord(ax)=63: True quotient by N(Z63) of order 126 (2080 vertices) [11.4s]
    pair ord(x)=65 ord(ax)=65: True quotient by N(Z63) of order 126 (2080 vertices) [11.5s]
    pair ord(x)=65 ord(ax)=63: True quotient by N(Z63) of order 126 (2080 vertices) [11.3s]
    pair ord(x)=65 ord(ax)=63: True quotient by N(Z63) of order 126 (2080 vertices) [11.3s]
    pair ord(x)=65 ord(ax)=21: True quotient by N(Z63) of order 126 (2080 vertices) [11.3s]
    pair ord(x)=65 ord(ax)=65: True quotient by N(Z63) of order 126 (2080 vertices) [11.3s]
    pair ord(x)=65 ord(ax)=13: True quotient by N(Z63) of order 126 (2080 vertices) [11.4s]
    pair ord(x)=65 ord(ax)=13: True quotient by N(Z63) of order 126 (2080 vertices) [11.4s]
    pair ord(x)=65 ord(ax)=65: True quotient by N(Z63) of order 126 (2080 vertices) [11.6s]
    pair ord(x)=65 ord(ax)=65: True quotient by N(Z63) of order 126 (2080 vertices) [11.6s]
    pair ord(x)=65 ord(ax)=13: True quotient by N(Z63) of order 126 (2080 vertices) [11.5s]
    pair ord(x)=65 ord(ax)=65: True quotient by N(Z63) of order 126 (2080 vertices) [11.6s]
    pair ord(x)=65 ord(ax)=3: True quotient by N(Z63) of order 126 (2080 vertices) [11.8s]
    pair ord(x)=65 ord(ax)=65: True quotient by N(Z63) of order 126 (2080 vertices) [12.1s]
    pair ord(x)=65 ord(ax)=9: True quotient by N(Z63) of order 126 (2080 vertices) [12.0s]
    pair ord(x)=65 ord(ax)=21: True quotient by N(Z63) of order 126 (2080 vertices) [12.1s]
    pair ord(x)=65 ord(ax)=65: True quotient by N(Z63) of order 126 (2080 vertices) [12.0s]
    pair ord(x)=65 ord(ax)=63: True quotient by N(Z63) of order 126 (2080 vertices) [12.1s]
    pair ord(x)=65 ord(ax)=63: True quotient by N(Z63) of order 126 (2080 vertices) [12.0s]
    pair ord(x)=65 ord(ax)=63: True quotient by N(Z63) of order 126 (2080 vertices) [12.0s]
    pair ord(x)=65 ord(ax)=9: True quotient by N(Z63) of order 126 (2080 vertices) [12.0s]
    pair ord(x)=65 ord(ax)=65: True quotient by N(Z63) of order 126 (2080 vertices) [12.3s]
    pair ord(x)=65 ord(ax)=65: True quotient by N(Z63) of order 126 (2080 vertices) [12.1s]
    pair ord(x)=65 ord(ax)=65: True quotient by N(Z63) of order 126 (2080 vertices) [12.2s]
    pair ord(x)=65 ord(ax)=9: True quotient by N(Z63) of order 126 (2080 vertices) [11.8s]
    pair ord(x)=65 ord(ax)=65: True quotient by N(Z63) of order 126 (2080 vertices) [12.0s]
    pair ord(x)=65 ord(ax)=21: True quotient by N(Z63) of order 126 (2080 vertices) [11.9s]
    pair ord(x)=65 ord(ax)=63: True quotient by N(Z63) of order 126 (2080 vertices) [12.0s]
    pair ord(x)=65 ord(ax)=65: True quotient by N(Z63) of order 126 (2080 vertices) [12.2s]
    pair ord(x)=65 ord(ax)=65: True quotient by N(Z63) of order 126 (2080 vertices) [11.9s]
    pair ord(x)=65 ord(ax)=65: True quotient by N(Z63) of order 126 (2080 vertices) [11.9s]
    pair ord(x)=65 ord(ax)=65: True quotient by N(Z63) of order 126 (2080 vertices) [12.1s]
    pair ord(x)=65 ord(ax)=65: True quotient by N(Z63) of order 126 (2080 vertices) [12.2s]
    pair ord(x)=65 ord(ax)=13: True quotient by N(Z63) of order 126 (2080 vertices) [12.1s]
    pair ord(x)=65 ord(ax)=65: True quotient by N(Z63) of order 126 (2080 vertices) [12.0s]
    pair ord(x)=65 ord(ax)=63: True quotient by N(Z63) of order 126 (2080 vertices) [12.2s]
    pair ord(x)=65 ord(ax)=63: True quotient by N(Z63) of order 126 (2080 vertices) [12.4s]
    pair ord(x)=65 ord(ax)=63: True quotient by N(Z63) of order 126 (2080 vertices) [12.3s]
    pair ord(x)=65 ord(ax)=65: True quotient by N(Z63) of order 126 (2080 vertices) [12.6s]
    pair ord(x)=65 ord(ax)=63: True quotient by N(Z63) of order 126 (2080 vertices) [12.3s]
    pair ord(x)=65 ord(ax)=7: True quotient by N(Z63) of order 126 (2080 vertices) [12.4s]
    pair ord(x)=65 ord(ax)=13: True quotient by N(Z63) of order 126 (2080 vertices) [12.5s]
    pair ord(x)=65 ord(ax)=5: True quotient by N(Z63) of order 126 (2080 vertices) [12.4s]
    pair ord(x)=65 ord(ax)=65: True quotient by N(Z63) of order 126 (2080 vertices) [12.4s]
    pair ord(x)=65 ord(ax)=63: True quotient by N(Z63) of order 126 (2080 vertices) [12.4s]
    pair ord(x)=65 ord(ax)=13: True quotient by N(Z63) of order 126 (2080 vertices) [12.5s]
    pair ord(x)=65 ord(ax)=63: True quotient by N(Z63) of order 126 (2080 vertices) [12.4s]
    pair ord(x)=65 ord(ax)=63: True quotient by N(Z63) of order 126 (2080 vertices) [12.5s]
    pair ord(x)=65 ord(ax)=21: True quotient by N(Z63) of order 126 (2080 vertices) [12.4s]
    pair ord(x)=65 ord(ax)=65: True quotient by N(Z63) of order 126 (2080 vertices) [12.6s]
    pair ord(x)=65 ord(ax)=7: True quotient by N(Z63) of order 126 (2080 vertices) [12.6s]
    pair ord(x)=65 ord(ax)=63: True quotient by N(Z63) of order 126 (2080 vertices) [12.6s]
    pair ord(x)=65 ord(ax)=65: True quotient by N(Z63) of order 126 (2080 vertices) [12.7s]
    pair ord(x)=65 ord(ax)=65: True quotient by N(Z63) of order 126 (2080 vertices) [12.7s]
    pair ord(x)=65 ord(ax)=5: True quotient by N(Z63) of order 126 (2080 vertices) [12.9s]
    pair ord(x)=65 ord(ax)=63: True quotient by N(Z63) of order 126 (2080 vertices) [12.5s]
    pair ord(x)=65 ord(ax)=65: True quotient by N(Z63) of order 126 (2080 vertices) [13.0s]
    pair ord(x)=65 ord(ax)=13: True quotient by N(Z63) of order 126 (2080 vertices) [11.9s]
    pair ord(x)=65 ord(ax)=7: True quotient by N(Z63) of order 126 (2080 vertices) [11.8s]
    pair ord(x)=65 ord(ax)=65: True quotient by N(Z63) of order 126 (2080 vertices) [11.9s]
    pair ord(x)=65 ord(ax)=65: True quotient by N(Z63) of order 126 (2080 vertices) [11.7s]
    pair ord(x)=65 ord(ax)=9: True quotient by N(Z63) of order 126 (2080 vertices) [11.8s]
    pair ord(x)=65 ord(ax)=21: True quotient by N(Z63) of order 126 (2080 vertices) [11.6s]
    pair ord(x)=65 ord(ax)=63: True quotient by N(Z63) of order 126 (2080 vertices) [11.8s]
    pair ord(x)=65 ord(ax)=65: True quotient by N(Z63) of order 126 (2080 vertices) [11.8s]
    pair ord(x)=65 ord(ax)=5: True quotient by N(Z63) of order 126 (2080 vertices) [11.9s]
    pair ord(x)=65 ord(ax)=21: True quotient by N(Z63) of order 126 (2080 vertices) [11.8s]
    pair ord(x)=65 ord(ax)=63: True quotient by N(Z63) of order 126 (2080 vertices) [11.6s]
    pair ord(x)=65 ord(ax)=13: True quotient by N(Z63) of order 126 (2080 vertices) [11.7s]
    pair ord(x)=65 ord(ax)=65: True quotient by N(Z63) of order 126 (2080 vertices) [11.9s]
    pair ord(x)=65 ord(ax)=65: True quotient by N(Z63) of order 126 (2080 vertices) [11.9s]
    pair ord(x)=65 ord(ax)=21: True quotient by N(Z63) of order 126 (2080 vertices) [11.8s]
    pair ord(x)=65 ord(ax)=65: True quotient by N(Z63) of order 126 (2080 vertices) [11.8s]
    pair ord(x)=65 ord(ax)=65: True quotient by N(Z63) of order 126 (2080 vertices) [11.8s]
    pair ord(x)=65 ord(ax)=13: True quotient by N(Z63) of order 126 (2080 vertices) [11.8s]
    pair ord(x)=65 ord(ax)=63: True quotient by N(Z63) of order 126 (2080 vertices) [11.7s]
    pair ord(x)=65 ord(ax)=63: True quotient by N(Z63) of order 126 (2080 vertices) [11.8s]
    pair ord(x)=65 ord(ax)=63: True quotient by N(Z63) of order 126 (2080 vertices) [11.7s]
    pair ord(x)=65 ord(ax)=65: True quotient by N(Z63) of order 126 (2080 vertices) [12.3s]
    pair ord(x)=65 ord(ax)=3: True quotient by N(Z63) of order 126 (2080 vertices) [11.3s]
    pair ord(x)=65 ord(ax)=5: True quotient by N(Z63) of order 126 (2080 vertices) [11.4s]
    pair ord(x)=65 ord(ax)=65: True quotient by N(Z63) of order 126 (2080 vertices) [11.6s]
    pair ord(x)=65 ord(ax)=63: True quotient by N(Z63) of order 126 (2080 vertices) [11.5s]
    pair ord(x)=65 ord(ax)=65: True quotient by N(Z63) of order 126 (2080 vertices) [11.5s]
    pair ord(x)=65 ord(ax)=65: True quotient by N(Z63) of order 126 (2080 vertices) [11.6s]
    pair ord(x)=65 ord(ax)=63: True quotient by N(Z63) of order 126 (2080 vertices) [11.4s]
    pair ord(x)=65 ord(ax)=65: True quotient by N(Z63) of order 126 (2080 vertices) [11.5s]
    pair ord(x)=65 ord(ax)=65: True quotient by N(Z63) of order 126 (2080 vertices) [11.6s]
    pair ord(x)=65 ord(ax)=65: True quotient by N(Z63) of order 126 (2080 vertices) [11.6s]
    pair ord(x)=65 ord(ax)=13: True quotient by N(Z63) of order 126 (2080 vertices) [11.5s]
    pair ord(x)=65 ord(ax)=65: True quotient by N(Z63) of order 126 (2080 vertices) [140.3s]
    pair ord(x)=65 ord(ax)=65: True quotient by N(Z63) of order 126 (2080 vertices) [140.5s]
    pair ord(x)=65 ord(ax)=9: True quotient by N(Z63) of order 126 (2080 vertices) [140.3s]
    pair ord(x)=65 ord(ax)=63: True quotient by N(Z63) of order 126 (2080 vertices) [140.3s]
    pair ord(x)=65 ord(ax)=63: True quotient by N(Z63) of order 126 (2080 vertices) [140.3s]
    pair ord(x)=65 ord(ax)=63: True quotient by N(Z63) of order 126 (2080 vertices) [140.4s]
    pair ord(x)=65 ord(ax)=13: True quotient by N(Z63) of order 126 (2080 vertices) [140.2s]
    pair ord(x)=65 ord(ax)=63: True quotient by N(Z63) of order 126 (2080 vertices) [140.3s]
    pair ord(x)=65 ord(ax)=63: True quotient by N(Z63) of order 126 (2080 vertices) [140.5s]
    pair ord(x)=65 ord(ax)=63: True quotient by N(Z63) of order 126 (2080 vertices) [140.5s]
    pair ord(x)=65 ord(ax)=21: True quotient by N(Z63) of order 126 (2080 vertices) [140.6s]
    pair ord(x)=65 ord(ax)=63: True quotient by N(Z63) of order 126 (2080 vertices) [11.6s]
    pair ord(x)=65 ord(ax)=65: True quotient by N(Z63) of order 126 (2080 vertices) [11.9s]
    pair ord(x)=65 ord(ax)=65: True quotient by N(Z63) of order 126 (2080 vertices) [11.7s]
    pair ord(x)=65 ord(ax)=21: True quotient by N(Z63) of order 126 (2080 vertices) [11.7s]
    pair ord(x)=65 ord(ax)=7: True quotient by N(Z63) of order 126 (2080 vertices) [11.7s]
    pair ord(x)=65 ord(ax)=63: True quotient by N(Z63) of order 126 (2080 vertices) [11.8s]
    pair ord(x)=65 ord(ax)=21: True quotient by N(Z63) of order 126 (2080 vertices) [11.9s]
    pair ord(x)=65 ord(ax)=7: True quotient by N(Z63) of order 126 (2080 vertices) [11.6s]
    pair ord(x)=65 ord(ax)=63: True quotient by N(Z63) of order 126 (2080 vertices) [11.6s]
    pair ord(x)=65 ord(ax)=13: True quotient by N(Z63) of order 126 (2080 vertices) [12.0s]
    pair ord(x)=65 ord(ax)=65: True quotient by N(Z63) of order 126 (2080 vertices) [11.9s]
    pair ord(x)=63 ord(ax)=63: True quotient by N(Z65) of order 130 (2016 vertices) [7.1s]
    pair ord(x)=63 ord(ax)=13: True quotient by N(Z65) of order 130 (2016 vertices) [7.1s]
    pair ord(x)=63 ord(ax)=63: True quotient by N(Z65) of order 130 (2016 vertices) [7.2s]
    pair ord(x)=63 ord(ax)=65: True quotient by N(Z65) of order 130 (2016 vertices) [7.1s]
    pair ord(x)=63 ord(ax)=65: True quotient by N(Z65) of order 130 (2016 vertices) [7.1s]
    pair ord(x)=63 ord(ax)=9: True quotient by N(Z65) of order 130 (2016 vertices) [7.1s]
    pair ord(x)=63 ord(ax)=63: True quotient by N(Z65) of order 130 (2016 vertices) [7.1s]
    pair ord(x)=63 ord(ax)=65: True quotient by N(Z65) of order 130 (2016 vertices) [7.1s]
    pair ord(x)=65 ord(ax)=65: True quotient by N(Z63) of order 126 (2080 vertices) [11.9s]
    pair ord(x)=65 ord(ax)=65: True quotient by N(Z63) of order 126 (2080 vertices) [11.8s]
    pair ord(x)=65 ord(ax)=9: True quotient by N(Z63) of order 126 (2080 vertices) [11.9s]
    pair ord(x)=63 ord(ax)=65: True quotient by N(Z65) of order 130 (2016 vertices) [7.0s]
    pair ord(x)=63 ord(ax)=63: True quotient by N(Z65) of order 130 (2016 vertices) [7.1s]
    pair ord(x)=63 ord(ax)=65: True quotient by N(Z65) of order 130 (2016 vertices) [7.0s]
    pair ord(x)=63 ord(ax)=13: True quotient by N(Z65) of order 130 (2016 vertices) [7.0s]
    pair ord(x)=63 ord(ax)=21: True quotient by N(Z65) of order 130 (2016 vertices) [7.0s]
    pair ord(x)=63 ord(ax)=63: True quotient by N(Z65) of order 130 (2016 vertices) [7.0s]
    pair ord(x)=63 ord(ax)=21: True quotient by N(Z65) of order 130 (2016 vertices) [7.1s]
    pair ord(x)=63 ord(ax)=65: True quotient by N(Z65) of order 130 (2016 vertices) [7.1s]
    pair ord(x)=63 ord(ax)=21: True quotient by N(Z65) of order 130 (2016 vertices) [7.0s]
    pair ord(x)=63 ord(ax)=65: True quotient by N(Z65) of order 130 (2016 vertices) [7.0s]
    pair ord(x)=63 ord(ax)=9: True quotient by N(Z65) of order 130 (2016 vertices) [7.0s]
    pair ord(x)=63 ord(ax)=65: True quotient by N(Z65) of order 130 (2016 vertices) [7.1s]
    pair ord(x)=63 ord(ax)=63: True quotient by N(Z65) of order 130 (2016 vertices) [7.1s]
    pair ord(x)=63 ord(ax)=65: True quotient by N(Z65) of order 130 (2016 vertices) [7.1s]
    pair ord(x)=63 ord(ax)=65: True quotient by N(Z65) of order 130 (2016 vertices) [7.2s]
    pair ord(x)=63 ord(ax)=9: True quotient by N(Z65) of order 130 (2016 vertices) [7.2s]
    pair ord(x)=63 ord(ax)=5: True quotient by N(Z65) of order 130 (2016 vertices) [7.1s]
    pair ord(x)=63 ord(ax)=3: True quotient by N(Z65) of order 130 (2016 vertices) [7.4s]
    pair ord(x)=63 ord(ax)=65: True quotient by N(Z65) of order 130 (2016 vertices) [7.1s]
    pair ord(x)=63 ord(ax)=13: True quotient by N(Z65) of order 130 (2016 vertices) [7.0s]
    pair ord(x)=63 ord(ax)=63: True quotient by N(Z65) of order 130 (2016 vertices) [7.1s]
    pair ord(x)=63 ord(ax)=63: True quotient by N(Z65) of order 130 (2016 vertices) [7.0s]
    pair ord(x)=63 ord(ax)=63: True quotient by N(Z65) of order 130 (2016 vertices) [7.0s]
    pair ord(x)=63 ord(ax)=13: True quotient by N(Z65) of order 130 (2016 vertices) [7.0s]
    pair ord(x)=63 ord(ax)=63: True quotient by N(Z65) of order 130 (2016 vertices) [7.0s]
    pair ord(x)=63 ord(ax)=63: True quotient by N(Z65) of order 130 (2016 vertices) [7.0s]
    pair ord(x)=63 ord(ax)=65: True quotient by N(Z65) of order 130 (2016 vertices) [7.0s]
    pair ord(x)=63 ord(ax)=21: True quotient by N(Z65) of order 130 (2016 vertices) [7.0s]
    pair ord(x)=63 ord(ax)=13: True quotient by N(Z65) of order 130 (2016 vertices) [7.1s]
    pair ord(x)=63 ord(ax)=13: True quotient by N(Z65) of order 130 (2016 vertices) [7.0s]
    pair ord(x)=63 ord(ax)=63: True quotient by N(Z65) of order 130 (2016 vertices) [7.4s]
    pair ord(x)=63 ord(ax)=7: True quotient by N(Z65) of order 130 (2016 vertices) [7.5s]
    pair ord(x)=63 ord(ax)=63: True quotient by N(Z65) of order 130 (2016 vertices) [7.5s]
    pair ord(x)=63 ord(ax)=65: True quotient by N(Z65) of order 130 (2016 vertices) [7.6s]
    pair ord(x)=63 ord(ax)=65: True quotient by N(Z65) of order 130 (2016 vertices) [7.5s]
    pair ord(x)=63 ord(ax)=65: True quotient by N(Z65) of order 130 (2016 vertices) [7.6s]
    pair ord(x)=63 ord(ax)=21: True quotient by N(Z65) of order 130 (2016 vertices) [7.6s]
    pair ord(x)=63 ord(ax)=63: True quotient by N(Z65) of order 130 (2016 vertices) [7.5s]
    pair ord(x)=63 ord(ax)=21: True quotient by N(Z65) of order 130 (2016 vertices) [7.6s]
    pair ord(x)=63 ord(ax)=65: True quotient by N(Z65) of order 130 (2016 vertices) [7.5s]
    pair ord(x)=63 ord(ax)=65: True quotient by N(Z65) of order 130 (2016 vertices) [7.6s]
    pair ord(x)=63 ord(ax)=63: True quotient by N(Z65) of order 130 (2016 vertices) [7.2s]
    pair ord(x)=63 ord(ax)=5: True quotient by N(Z65) of order 130 (2016 vertices) [7.2s]
    pair ord(x)=63 ord(ax)=65: True quotient by N(Z65) of order 130 (2016 vertices) [7.2s]
    pair ord(x)=63 ord(ax)=65: True quotient by N(Z65) of order 130 (2016 vertices) [7.3s]
    pair ord(x)=63 ord(ax)=63: True quotient by N(Z65) of order 130 (2016 vertices) [7.3s]
    pair ord(x)=63 ord(ax)=65: True quotient by N(Z65) of order 130 (2016 vertices) [7.3s]
    pair ord(x)=63 ord(ax)=7: True quotient by N(Z65) of order 130 (2016 vertices) [7.4s]
    pair ord(x)=63 ord(ax)=65: True quotient by N(Z65) of order 130 (2016 vertices) [7.3s]
    pair ord(x)=63 ord(ax)=63: True quotient by N(Z65) of order 130 (2016 vertices) [7.4s]
    pair ord(x)=63 ord(ax)=65: True quotient by N(Z65) of order 130 (2016 vertices) [7.4s]
    pair ord(x)=63 ord(ax)=7: True quotient by N(Z65) of order 130 (2016 vertices) [7.3s]
    pair ord(x)=63 ord(ax)=65: True quotient by N(Z65) of order 130 (2016 vertices) [7.2s]
    pair ord(x)=63 ord(ax)=65: True quotient by N(Z65) of order 130 (2016 vertices) [7.2s]
    pair ord(x)=65 ord(ax)=65: True quotient by N(Z63) of order 126 (2080 vertices) [12.3s]
    pair ord(x)=65 ord(ax)=21: True quotient by N(Z63) of order 126 (2080 vertices) [12.4s]
    pair ord(x)=65 ord(ax)=65: True quotient by N(Z63) of order 126 (2080 vertices) [12.6s]
    pair ord(x)=65 ord(ax)=9: True quotient by N(Z63) of order 126 (2080 vertices) [12.4s]
    pair ord(x)=65 ord(ax)=7: True quotient by N(Z63) of order 126 (2080 vertices) [12.5s]
    pair ord(x)=65 ord(ax)=65: True quotient by N(Z63) of order 126 (2080 vertices) [12.7s]
    pair ord(x)=65 ord(ax)=63: True quotient by N(Z63) of order 126 (2080 vertices) [12.6s]
    pair ord(x)=65 ord(ax)=63: True quotient by N(Z63) of order 126 (2080 vertices) [12.4s]
    pair ord(x)=65 ord(ax)=65: True quotient by N(Z63) of order 126 (2080 vertices) [12.5s]
    pair ord(x)=65 ord(ax)=65: True quotient by N(Z63) of order 126 (2080 vertices) [12.6s]
    pair ord(x)=65 ord(ax)=63: True quotient by N(Z63) of order 126 (2080 vertices) [12.7s]
    pair ord(x)=65 ord(ax)=21: True quotient by N(Z63) of order 126 (2080 vertices) [12.3s]
    pair ord(x)=65 ord(ax)=63: True quotient by N(Z63) of order 126 (2080 vertices) [12.0s]
    pair ord(x)=65 ord(ax)=3: True quotient by N(Z63) of order 126 (2080 vertices) [12.0s]
    pair ord(x)=65 ord(ax)=65: True quotient by N(Z63) of order 126 (2080 vertices) [12.0s]
    pair ord(x)=65 ord(ax)=63: True quotient by N(Z63) of order 126 (2080 vertices) [12.0s]
    pair ord(x)=65 ord(ax)=65: True quotient by N(Z63) of order 126 (2080 vertices) [11.9s]
    pair ord(x)=65 ord(ax)=65: True quotient by N(Z63) of order 126 (2080 vertices) [12.3s]
    pair ord(x)=65 ord(ax)=65: True quotient by N(Z63) of order 126 (2080 vertices) [12.3s]
    pair ord(x)=65 ord(ax)=65: True quotient by N(Z63) of order 126 (2080 vertices) [12.1s]
    pair ord(x)=65 ord(ax)=63: True quotient by N(Z63) of order 126 (2080 vertices) [11.7s]
    pair ord(x)=65 ord(ax)=65: True quotient by N(Z63) of order 126 (2080 vertices) [12.0s]
    pair ord(x)=65 ord(ax)=63: True quotient by N(Z63) of order 126 (2080 vertices) [11.7s]
    pair ord(x)=65 ord(ax)=13: True quotient by N(Z63) of order 126 (2080 vertices) [11.8s]
    pair ord(x)=65 ord(ax)=63: True quotient by N(Z63) of order 126 (2080 vertices) [11.8s]
    pair ord(x)=65 ord(ax)=63: True quotient by N(Z63) of order 126 (2080 vertices) [11.8s]
    pair ord(x)=65 ord(ax)=5: True quotient by N(Z63) of order 126 (2080 vertices) [12.1s]
    pair ord(x)=65 ord(ax)=65: True quotient by N(Z63) of order 126 (2080 vertices) [11.9s]
    pair ord(x)=65 ord(ax)=63: True quotient by N(Z63) of order 126 (2080 vertices) [11.9s]
    pair ord(x)=65 ord(ax)=65: True quotient by N(Z63) of order 126 (2080 vertices) [12.1s]
    pair ord(x)=65 ord(ax)=65: True quotient by N(Z63) of order 126 (2080 vertices) [12.2s]
    pair ord(x)=65 ord(ax)=63: True quotient by N(Z63) of order 126 (2080 vertices) [11.9s]
    pair ord(x)=65 ord(ax)=63: True quotient by N(Z63) of order 126 (2080 vertices) [12.0s]
    pair ord(x)=65 ord(ax)=63: True quotient by N(Z63) of order 126 (2080 vertices) [12.5s]
    pair ord(x)=65 ord(ax)=21: True quotient by N(Z63) of order 126 (2080 vertices) [13.0s]
    pair ord(x)=65 ord(ax)=13: True quotient by N(Z63) of order 126 (2080 vertices) [13.3s]
    pair ord(x)=65 ord(ax)=65: True quotient by N(Z63) of order 126 (2080 vertices) [13.4s]
    pair ord(x)=65 ord(ax)=63: True quotient by N(Z63) of order 126 (2080 vertices) [13.6s]
    pair ord(x)=65 ord(ax)=7: True quotient by N(Z63) of order 126 (2080 vertices) [13.4s]
    pair ord(x)=65 ord(ax)=65: True quotient by N(Z63) of order 126 (2080 vertices) [13.5s]
    pair ord(x)=65 ord(ax)=21: True quotient by N(Z63) of order 126 (2080 vertices) [13.4s]
    pair ord(x)=65 ord(ax)=65: True quotient by N(Z63) of order 126 (2080 vertices) [13.6s]
    pair ord(x)=65 ord(ax)=5: True quotient by N(Z63) of order 126 (2080 vertices) [13.7s]
    pair ord(x)=65 ord(ax)=65: True quotient by N(Z63) of order 126 (2080 vertices) [13.6s]
    pair ord(x)=65 ord(ax)=21: True quotient by N(Z63) of order 126 (2080 vertices) [14.0s]
    pair ord(x)=65 ord(ax)=7: True quotient by N(Z63) of order 126 (2080 vertices) [13.4s]
    pair ord(x)=65 ord(ax)=63: True quotient by N(Z63) of order 126 (2080 vertices) [13.3s]
    pair ord(x)=65 ord(ax)=9: True quotient by N(Z63) of order 126 (2080 vertices) [13.2s]
    pair ord(x)=65 ord(ax)=65: True quotient by N(Z63) of order 126 (2080 vertices) [13.7s]
    pair ord(x)=65 ord(ax)=65: True quotient by N(Z63) of order 126 (2080 vertices) [13.4s]
    pair ord(x)=65 ord(ax)=63: True quotient by N(Z63) of order 126 (2080 vertices) [13.5s]
    pair ord(x)=65 ord(ax)=63: True quotient by N(Z63) of order 126 (2080 vertices) [13.5s]
    pair ord(x)=65 ord(ax)=9: True quotient by N(Z63) of order 126 (2080 vertices) [13.5s]
    pair ord(x)=65 ord(ax)=65: True quotient by N(Z63) of order 126 (2080 vertices) [13.2s]
    pair ord(x)=65 ord(ax)=13: True quotient by N(Z63) of order 126 (2080 vertices) [13.1s]
    pair ord(x)=65 ord(ax)=65: True quotient by N(Z63) of order 126 (2080 vertices) [13.9s]
    pair ord(x)=65 ord(ax)=13: True quotient by N(Z63) of order 126 (2080 vertices) [14.3s]
    pair ord(x)=65 ord(ax)=63: True quotient by N(Z63) of order 126 (2080 vertices) [13.5s]
    pair ord(x)=65 ord(ax)=13: True quotient by N(Z63) of order 126 (2080 vertices) [13.6s]
    pair ord(x)=65 ord(ax)=65: True quotient by N(Z63) of order 126 (2080 vertices) [13.5s]
    pair ord(x)=65 ord(ax)=21: True quotient by N(Z63) of order 126 (2080 vertices) [13.4s]
    pair ord(x)=65 ord(ax)=13: True quotient by N(Z63) of order 126 (2080 vertices) [13.5s]
    pair ord(x)=65 ord(ax)=3: True quotient by N(Z63) of order 126 (2080 vertices) [13.4s]
    pair ord(x)=65 ord(ax)=65: True quotient by N(Z63) of order 126 (2080 vertices) [13.5s]
    pair ord(x)=65 ord(ax)=65: True quotient by N(Z63) of order 126 (2080 vertices) [13.0s]
    pair ord(x)=65 ord(ax)=65: True quotient by N(Z63) of order 126 (2080 vertices) [13.1s]
    pair ord(x)=65 ord(ax)=65: True quotient by N(Z63) of order 126 (2080 vertices) [11.7s]
    pair ord(x)=65 ord(ax)=63: True quotient by N(Z63) of order 126 (2080 vertices) [11.7s]
    pair ord(x)=65 ord(ax)=63: True quotient by N(Z63) of order 126 (2080 vertices) [11.9s]
    pair ord(x)=65 ord(ax)=21: True quotient by N(Z63) of order 126 (2080 vertices) [11.8s]
    pair ord(x)=65 ord(ax)=65: True quotient by N(Z63) of order 126 (2080 vertices) [11.9s]
    pair ord(x)=65 ord(ax)=9: True quotient by N(Z63) of order 126 (2080 vertices) [11.8s]
    pair ord(x)=65 ord(ax)=65: True quotient by N(Z63) of order 126 (2080 vertices) [12.1s]
    pair ord(x)=65 ord(ax)=9: True quotient by N(Z63) of order 126 (2080 vertices) [11.9s]
    pair ord(x)=65 ord(ax)=7: True quotient by N(Z63) of order 126 (2080 vertices) [11.8s]
    pair ord(x)=65 ord(ax)=63: True quotient by N(Z63) of order 126 (2080 vertices) [11.8s]
    pair ord(x)=65 ord(ax)=5: True quotient by N(Z63) of order 126 (2080 vertices) [12.0s]
    pair ord(x)=65 ord(ax)=65: True quotient by N(Z63) of order 126 (2080 vertices) [12.5s]
    pair ord(x)=65 ord(ax)=65: True quotient by N(Z63) of order 126 (2080 vertices) [12.7s]
    pair ord(x)=65 ord(ax)=63: True quotient by N(Z63) of order 126 (2080 vertices) [12.5s]
    pair ord(x)=65 ord(ax)=63: True quotient by N(Z63) of order 126 (2080 vertices) [12.6s]
    pair ord(x)=65 ord(ax)=65: True quotient by N(Z63) of order 126 (2080 vertices) [12.8s]
    pair ord(x)=65 ord(ax)=13: True quotient by N(Z63) of order 126 (2080 vertices) [12.7s]
    pair ord(x)=65 ord(ax)=21: True quotient by N(Z63) of order 126 (2080 vertices) [12.7s]
    pair ord(x)=65 ord(ax)=63: True quotient by N(Z63) of order 126 (2080 vertices) [12.5s]
    pair ord(x)=65 ord(ax)=65: True quotient by N(Z63) of order 126 (2080 vertices) [12.7s]
    pair ord(x)=65 ord(ax)=21: True quotient by N(Z63) of order 126 (2080 vertices) [12.5s]
    pair ord(x)=65 ord(ax)=65: True quotient by N(Z63) of order 126 (2080 vertices) [12.7s]
    pair ord(x)=65 ord(ax)=5: True quotient by N(Z63) of order 126 (2080 vertices) [13.0s]
    pair ord(x)=65 ord(ax)=63: True quotient by N(Z63) of order 126 (2080 vertices) [12.4s]
    pair ord(x)=65 ord(ax)=13: True quotient by N(Z63) of order 126 (2080 vertices) [12.7s]
    pair ord(x)=65 ord(ax)=65: True quotient by N(Z63) of order 126 (2080 vertices) [12.5s]
    pair ord(x)=65 ord(ax)=63: True quotient by N(Z63) of order 126 (2080 vertices) [12.4s]
    pair ord(x)=65 ord(ax)=65: True quotient by N(Z63) of order 126 (2080 vertices) [12.7s]
    pair ord(x)=65 ord(ax)=63: True quotient by N(Z63) of order 126 (2080 vertices) [12.4s]
    pair ord(x)=65 ord(ax)=65: True quotient by N(Z63) of order 126 (2080 vertices) [12.5s]
    pair ord(x)=65 ord(ax)=63: True quotient by N(Z63) of order 126 (2080 vertices) [12.5s]
    pair ord(x)=65 ord(ax)=63: True quotient by N(Z63) of order 126 (2080 vertices) [12.3s]
    pair ord(x)=65 ord(ax)=21: True quotient by N(Z63) of order 126 (2080 vertices) [12.2s]
    pair ord(x)=65 ord(ax)=21: True quotient by N(Z63) of order 126 (2080 vertices) [11.8s]
    pair ord(x)=65 ord(ax)=13: True quotient by N(Z63) of order 126 (2080 vertices) [11.8s]
    pair ord(x)=65 ord(ax)=63: True quotient by N(Z63) of order 126 (2080 vertices) [11.7s]
    pair ord(x)=65 ord(ax)=63: True quotient by N(Z63) of order 126 (2080 vertices) [11.7s]
    pair ord(x)=65 ord(ax)=13: True quotient by N(Z63) of order 126 (2080 vertices) [11.8s]
    pair ord(x)=65 ord(ax)=13: True quotient by N(Z63) of order 126 (2080 vertices) [11.9s]
    pair ord(x)=65 ord(ax)=65: True quotient by N(Z63) of order 126 (2080 vertices) [11.8s]
    pair ord(x)=65 ord(ax)=65: True quotient by N(Z63) of order 126 (2080 vertices) [11.9s]
    pair ord(x)=65 ord(ax)=65: True quotient by N(Z63) of order 126 (2080 vertices) [11.9s]
    pair ord(x)=65 ord(ax)=65: True quotient by N(Z63) of order 126 (2080 vertices) [11.9s]
    pair ord(x)=65 ord(ax)=65: True quotient by N(Z63) of order 126 (2080 vertices) [12.0s]
    pair ord(x)=65 ord(ax)=65: True quotient by N(Z63) of order 126 (2080 vertices) [11.8s]
    pair ord(x)=65 ord(ax)=7: True quotient by N(Z63) of order 126 (2080 vertices) [11.8s]
    pair ord(x)=65 ord(ax)=7: True quotient by N(Z63) of order 126 (2080 vertices) [11.7s]
    pair ord(x)=65 ord(ax)=65: True quotient by N(Z63) of order 126 (2080 vertices) [11.8s]
    pair ord(x)=65 ord(ax)=21: True quotient by N(Z63) of order 126 (2080 vertices) [11.7s]
    pair ord(x)=65 ord(ax)=65: True quotient by N(Z63) of order 126 (2080 vertices) [11.7s]
    pair ord(x)=65 ord(ax)=63: True quotient by N(Z63) of order 126 (2080 vertices) [11.7s]
    pair ord(x)=65 ord(ax)=63: True quotient by N(Z63) of order 126 (2080 vertices) [11.8s]
    pair ord(x)=65 ord(ax)=63: True quotient by N(Z63) of order 126 (2080 vertices) [11.8s]
    pair ord(x)=65 ord(ax)=9: True quotient by N(Z63) of order 126 (2080 vertices) [11.8s]
    pair ord(x)=65 ord(ax)=65: True quotient by N(Z63) of order 126 (2080 vertices) [11.8s]
    pair ord(x)=65 ord(ax)=13: True quotient by N(Z63) of order 126 (2080 vertices) [11.8s]
    pair ord(x)=65 ord(ax)=63: True quotient by N(Z63) of order 126 (2080 vertices) [11.7s]
    pair ord(x)=65 ord(ax)=63: True quotient by N(Z63) of order 126 (2080 vertices) [12.0s]
    pair ord(x)=13 ord(ax)=63: True quotient by N(Z63) of order 126 (2080 vertices) [11.7s]
    pair ord(x)=13 ord(ax)=65: True quotient by N(Z63) of order 126 (2080 vertices) [11.8s]
    pair ord(x)=13 ord(ax)=3: True quotient by N(Z63) of order 126 (2080 vertices) [11.8s]
    pair ord(x)=13 ord(ax)=13: True quotient by N(Z63) of order 126 (2080 vertices) [11.7s]
    pair ord(x)=13 ord(ax)=65: True quotient by N(Z63) of order 126 (2080 vertices) [11.8s]
    pair ord(x)=13 ord(ax)=65: True quotient by N(Z63) of order 126 (2080 vertices) [11.9s]
    pair ord(x)=13 ord(ax)=5: True quotient by N(Z63) of order 126 (2080 vertices) [11.9s]
    pair ord(x)=13 ord(ax)=65: True quotient by N(Z63) of order 126 (2080 vertices) [11.9s]
    pair ord(x)=13 ord(ax)=63: True quotient by N(Z63) of order 126 (2080 vertices) [11.8s]
    pair ord(x)=13 ord(ax)=21: True quotient by N(Z63) of order 126 (2080 vertices) [11.8s]
    pair ord(x)=13 ord(ax)=65: True quotient by N(Z63) of order 126 (2080 vertices) [11.9s]
    pair ord(x)=13 ord(ax)=65: True quotient by N(Z63) of order 126 (2080 vertices) [11.9s]
    pair ord(x)=13 ord(ax)=63: True quotient by N(Z63) of order 126 (2080 vertices) [11.9s]
    pair ord(x)=13 ord(ax)=13: True quotient by N(Z63) of order 126 (2080 vertices) [12.3s]
    pair ord(x)=13 ord(ax)=65: True quotient by N(Z63) of order 126 (2080 vertices) [12.1s]
    pair ord(x)=13 ord(ax)=21: True quotient by N(Z63) of order 126 (2080 vertices) [11.8s]
    pair ord(x)=13 ord(ax)=63: True quotient by N(Z63) of order 126 (2080 vertices) [11.9s]
    pair ord(x)=13 ord(ax)=65: True quotient by N(Z63) of order 126 (2080 vertices) [11.9s]
    pair ord(x)=13 ord(ax)=65: True quotient by N(Z63) of order 126 (2080 vertices) [11.8s]
    pair ord(x)=13 ord(ax)=5: True quotient by N(Z63) of order 126 (2080 vertices) [11.7s]
    pair ord(x)=13 ord(ax)=63: True quotient by N(Z63) of order 126 (2080 vertices) [11.6s]
    pair ord(x)=13 ord(ax)=65: True quotient by N(Z63) of order 126 (2080 vertices) [12.0s]
    pair ord(x)=13 ord(ax)=13: True quotient by N(Z63) of order 126 (2080 vertices) [12.0s]
    pair ord(x)=13 ord(ax)=63: True quotient by N(Z63) of order 126 (2080 vertices) [11.7s]
    pair ord(x)=13 ord(ax)=65: True quotient by N(Z63) of order 126 (2080 vertices) [11.8s]
    pair ord(x)=13 ord(ax)=13: True quotient by N(Z63) of order 126 (2080 vertices) [11.8s]
    pair ord(x)=13 ord(ax)=21: True quotient by N(Z63) of order 126 (2080 vertices) [11.8s]
    pair ord(x)=13 ord(ax)=21: True quotient by N(Z63) of order 126 (2080 vertices) [12.6s]
    pair ord(x)=13 ord(ax)=65: True quotient by N(Z63) of order 126 (2080 vertices) [11.9s]
    pair ord(x)=13 ord(ax)=63: True quotient by N(Z63) of order 126 (2080 vertices) [11.7s]
    pair ord(x)=13 ord(ax)=65: True quotient by N(Z63) of order 126 (2080 vertices) [11.8s]
    pair ord(x)=13 ord(ax)=63: True quotient by N(Z63) of order 126 (2080 vertices) [11.8s]
    pair ord(x)=13 ord(ax)=21: True quotient by N(Z63) of order 126 (2080 vertices) [11.8s]
    pair ord(x)=13 ord(ax)=63: True quotient by N(Z63) of order 126 (2080 vertices) [11.8s]
    pair ord(x)=13 ord(ax)=65: True quotient by N(Z63) of order 126 (2080 vertices) [11.8s]
    pair ord(x)=13 ord(ax)=63: True quotient by N(Z63) of order 126 (2080 vertices) [11.9s]
    pair ord(x)=13 ord(ax)=21: True quotient by N(Z63) of order 126 (2080 vertices) [11.7s]
    pair ord(x)=13 ord(ax)=65: True quotient by N(Z63) of order 126 (2080 vertices) [11.8s]
    pair ord(x)=13 ord(ax)=7: True quotient by N(Z63) of order 126 (2080 vertices) [11.9s]
    pair ord(x)=13 ord(ax)=65: True quotient by N(Z63) of order 126 (2080 vertices) [11.8s]
    pair ord(x)=13 ord(ax)=65: True quotient by N(Z63) of order 126 (2080 vertices) [11.7s]
    pair ord(x)=13 ord(ax)=65: True quotient by N(Z63) of order 126 (2080 vertices) [11.8s]
    pair ord(x)=13 ord(ax)=65: True quotient by N(Z63) of order 126 (2080 vertices) [11.9s]
    pair ord(x)=13 ord(ax)=65: True quotient by N(Z63) of order 126 (2080 vertices) [12.2s]
    pair ord(x)=13 ord(ax)=9: True quotient by N(Z63) of order 126 (2080 vertices) [11.8s]
    pair ord(x)=13 ord(ax)=63: True quotient by N(Z63) of order 126 (2080 vertices) [11.8s]
    pair ord(x)=13 ord(ax)=9: True quotient by N(Z63) of order 126 (2080 vertices) [11.8s]
    pair ord(x)=13 ord(ax)=65: True quotient by N(Z63) of order 126 (2080 vertices) [11.9s]
    pair ord(x)=13 ord(ax)=7: True quotient by N(Z63) of order 126 (2080 vertices) [11.8s]
    pair ord(x)=13 ord(ax)=7: True quotient by N(Z63) of order 126 (2080 vertices) [11.8s]
    pair ord(x)=13 ord(ax)=63: True quotient by N(Z63) of order 126 (2080 vertices) [11.7s]
    pair ord(x)=13 ord(ax)=63: True quotient by N(Z63) of order 126 (2080 vertices) [11.7s]
    pair ord(x)=13 ord(ax)=9: True quotient by N(Z63) of order 126 (2080 vertices) [12.0s]
    pair ord(x)=13 ord(ax)=63: True quotient by N(Z63) of order 126 (2080 vertices) [11.8s]
    pair ord(x)=7 ord(ax)=65: True quotient by N(Z65) of order 130 (2016 vertices) [7.8s]
    pair ord(x)=13 ord(ax)=65: True quotient by N(Z63) of order 126 (2080 vertices) [11.8s]
    pair ord(x)=13 ord(ax)=63: True quotient by N(Z63) of order 126 (2080 vertices) [11.8s]
    pair ord(x)=13 ord(ax)=65: True quotient by N(Z63) of order 126 (2080 vertices) [12.0s]
    pair ord(x)=13 ord(ax)=13: True quotient by N(Z63) of order 126 (2080 vertices) [12.0s]
    pair ord(x)=13 ord(ax)=63: True quotient by N(Z63) of order 126 (2080 vertices) [12.0s]
    pair ord(x)=13 ord(ax)=65: True quotient by N(Z63) of order 126 (2080 vertices) [11.9s]
    pair ord(x)=13 ord(ax)=63: True quotient by N(Z63) of order 126 (2080 vertices) [11.9s]
    pair ord(x)=13 ord(ax)=63: True quotient by N(Z63) of order 126 (2080 vertices) [11.9s]
    pair ord(x)=7 ord(ax)=63: True quotient by N(Z65) of order 130 (2016 vertices) [7.1s]
    pair ord(x)=7 ord(ax)=13: True quotient by N(Z65) of order 130 (2016 vertices) [7.2s]
    pair ord(x)=7 ord(ax)=13: True quotient by N(Z65) of order 130 (2016 vertices) [7.9s]
    pair ord(x)=7 ord(ax)=65: True quotient by N(Z65) of order 130 (2016 vertices) [7.2s]
    pair ord(x)=7 ord(ax)=65: True quotient by N(Z65) of order 130 (2016 vertices) [7.3s]
    pair ord(x)=7 ord(ax)=65: True quotient by N(Z65) of order 130 (2016 vertices) [7.3s]
    pair ord(x)=7 ord(ax)=63: True quotient by N(Z65) of order 130 (2016 vertices) [7.3s]
    pair ord(x)=7 ord(ax)=63: True quotient by N(Z65) of order 130 (2016 vertices) [7.3s]
    pair ord(x)=7 ord(ax)=65: True quotient by N(Z65) of order 130 (2016 vertices) [8.3s]
    pair ord(x)=7 ord(ax)=21: True quotient by N(Z65) of order 130 (2016 vertices) [7.2s]
    pair ord(x)=7 ord(ax)=65: True quotient by N(Z65) of order 130 (2016 vertices) [7.2s]
    pair ord(x)=7 ord(ax)=5: True quotient by N(Z65) of order 130 (2016 vertices) [7.2s]
    pair ord(x)=7 ord(ax)=65: True quotient by N(Z65) of order 130 (2016 vertices) [7.2s]
    pair ord(x)=7 ord(ax)=63: True quotient by N(Z65) of order 130 (2016 vertices) [7.1s]
    pair ord(x)=7 ord(ax)=63: True quotient by N(Z65) of order 130 (2016 vertices) [7.2s]
    pair ord(x)=7 ord(ax)=65: True quotient by N(Z65) of order 130 (2016 vertices) [7.1s]
    pair ord(x)=7 ord(ax)=65: True quotient by N(Z65) of order 130 (2016 vertices) [7.8s]
    pair ord(x)=7 ord(ax)=65: True quotient by N(Z65) of order 130 (2016 vertices) [7.7s]
    pair ord(x)=7 ord(ax)=65: True quotient by N(Z65) of order 130 (2016 vertices) [8.3s]
    pair ord(x)=7 ord(ax)=13: True quotient by N(Z65) of order 130 (2016 vertices) [7.0s]
    pair ord(x)=7 ord(ax)=63: True quotient by N(Z65) of order 130 (2016 vertices) [7.8s]
    pair ord(x)=7 ord(ax)=65: True quotient by N(Z65) of order 130 (2016 vertices) [7.9s]
    pair ord(x)=7 ord(ax)=65: True quotient by N(Z65) of order 130 (2016 vertices) [7.1s]
    pair ord(x)=7 ord(ax)=13: True quotient by N(Z65) of order 130 (2016 vertices) [7.8s]
    pair ord(x)=7 ord(ax)=13: True quotient by N(Z65) of order 130 (2016 vertices) [7.2s]
    pair ord(x)=7 ord(ax)=63: True quotient by N(Z65) of order 130 (2016 vertices) [7.2s]
    pair ord(x)=7 ord(ax)=63: True quotient by N(Z65) of order 130 (2016 vertices) [7.3s]
    pair ord(x)=7 ord(ax)=63: True quotient by N(Z65) of order 130 (2016 vertices) [7.3s]
    pair ord(x)=7 ord(ax)=63: True quotient by N(Z65) of order 130 (2016 vertices) [7.3s]
    pair ord(x)=7 ord(ax)=63: True quotient by N(Z65) of order 130 (2016 vertices) [7.3s]
    pair ord(x)=7 ord(ax)=63: True quotient by N(Z65) of order 130 (2016 vertices) [7.9s]
    pair ord(x)=7 ord(ax)=21: True quotient by N(Z65) of order 130 (2016 vertices) [7.3s]
    pair ord(x)=7 ord(ax)=21: True quotient by N(Z65) of order 130 (2016 vertices) [7.2s]
    pair ord(x)=7 ord(ax)=63: True quotient by N(Z65) of order 130 (2016 vertices) [7.2s]
    pair ord(x)=7 ord(ax)=65: True quotient by N(Z65) of order 130 (2016 vertices) [7.2s]
    pair ord(x)=7 ord(ax)=63: True quotient by N(Z65) of order 130 (2016 vertices) [7.2s]
    pair ord(x)=7 ord(ax)=65: True quotient by N(Z65) of order 130 (2016 vertices) [7.1s]
    pair ord(x)=7 ord(ax)=65: True quotient by N(Z65) of order 130 (2016 vertices) [7.1s]
    pair ord(x)=7 ord(ax)=63: True quotient by N(Z65) of order 130 (2016 vertices) [7.1s]
    pair ord(x)=7 ord(ax)=21: True quotient by N(Z65) of order 130 (2016 vertices) [7.1s]
    pair ord(x)=7 ord(ax)=65: True quotient by N(Z65) of order 130 (2016 vertices) [7.2s]
    pair ord(x)=7 ord(ax)=63: True quotient by N(Z65) of order 130 (2016 vertices) [7.2s]
    pair ord(x)=7 ord(ax)=5: True quotient by N(Z65) of order 130 (2016 vertices) [7.2s]
    pair ord(x)=7 ord(ax)=21: True quotient by N(Z65) of order 130 (2016 vertices) [7.1s]
    pair ord(x)=7 ord(ax)=63: True quotient by N(Z65) of order 130 (2016 vertices) [7.2s]
    pair ord(x)=7 ord(ax)=65: True quotient by N(Z65) of order 130 (2016 vertices) [7.2s]
    pair ord(x)=7 ord(ax)=65: True quotient by N(Z65) of order 130 (2016 vertices) [7.2s]
    pair ord(x)=7 ord(ax)=65: True quotient by N(Z65) of order 130 (2016 vertices) [8.3s]
    pair ord(x)=7 ord(ax)=65: True quotient by N(Z65) of order 130 (2016 vertices) [7.9s]
    pair ord(x)=7 ord(ax)=65: True quotient by N(Z65) of order 130 (2016 vertices) [7.9s]
    pair ord(x)=7 ord(ax)=65: True quotient by N(Z65) of order 130 (2016 vertices) [7.9s]
    pair ord(x)=7 ord(ax)=63: True quotient by N(Z65) of order 130 (2016 vertices) [7.3s]
    pair ord(x)=7 ord(ax)=21: True quotient by N(Z65) of order 130 (2016 vertices) [8.4s]
    pair ord(x)=7 ord(ax)=13: True quotient by N(Z65) of order 130 (2016 vertices) [7.2s]
    pair ord(x)=7 ord(ax)=65: True quotient by N(Z65) of order 130 (2016 vertices) [7.1s]
    pair ord(x)=65 ord(ax)=65: True quotient by N(Z63) of order 126 (2080 vertices) [11.8s]
    pair ord(x)=65 ord(ax)=21: True quotient by N(Z63) of order 126 (2080 vertices) [11.8s]
    pair ord(x)=65 ord(ax)=13: True quotient by N(Z63) of order 126 (2080 vertices) [11.8s]
    pair ord(x)=65 ord(ax)=63: True quotient by N(Z63) of order 126 (2080 vertices) [11.7s]
    pair ord(x)=65 ord(ax)=21: True quotient by N(Z63) of order 126 (2080 vertices) [11.8s]
    pair ord(x)=65 ord(ax)=63: True quotient by N(Z63) of order 126 (2080 vertices) [11.7s]
    pair ord(x)=65 ord(ax)=13: True quotient by N(Z63) of order 126 (2080 vertices) [11.8s]
    pair ord(x)=65 ord(ax)=65: True quotient by N(Z63) of order 126 (2080 vertices) [12.0s]
    pair ord(x)=65 ord(ax)=65: True quotient by N(Z63) of order 126 (2080 vertices) [11.8s]
    pair ord(x)=65 ord(ax)=65: True quotient by N(Z63) of order 126 (2080 vertices) [11.8s]
    pair ord(x)=65 ord(ax)=65: True quotient by N(Z63) of order 126 (2080 vertices) [11.7s]
    pair ord(x)=65 ord(ax)=63: True quotient by N(Z63) of order 126 (2080 vertices) [11.8s]
    pair ord(x)=65 ord(ax)=21: True quotient by N(Z63) of order 126 (2080 vertices) [11.7s]
    pair ord(x)=65 ord(ax)=63: True quotient by N(Z63) of order 126 (2080 vertices) [11.7s]
    pair ord(x)=65 ord(ax)=13: True quotient by N(Z63) of order 126 (2080 vertices) [11.8s]
    pair ord(x)=65 ord(ax)=65: True quotient by N(Z63) of order 126 (2080 vertices) [11.7s]
    pair ord(x)=65 ord(ax)=65: True quotient by N(Z63) of order 126 (2080 vertices) [11.7s]
    pair ord(x)=65 ord(ax)=65: True quotient by N(Z63) of order 126 (2080 vertices) [11.8s]
    pair ord(x)=65 ord(ax)=63: True quotient by N(Z63) of order 126 (2080 vertices) [12.0s]
    pair ord(x)=65 ord(ax)=63: True quotient by N(Z63) of order 126 (2080 vertices) [11.8s]
    pair ord(x)=65 ord(ax)=13: True quotient by N(Z63) of order 126 (2080 vertices) [11.8s]
    pair ord(x)=65 ord(ax)=5: True quotient by N(Z63) of order 126 (2080 vertices) [11.8s]
    pair ord(x)=65 ord(ax)=63: True quotient by N(Z63) of order 126 (2080 vertices) [11.6s]
    pair ord(x)=65 ord(ax)=65: True quotient by N(Z63) of order 126 (2080 vertices) [11.7s]
    pair ord(x)=65 ord(ax)=21: True quotient by N(Z63) of order 126 (2080 vertices) [11.5s]
    pair ord(x)=65 ord(ax)=65: True quotient by N(Z63) of order 126 (2080 vertices) [12.0s]
    pair ord(x)=65 ord(ax)=65: True quotient by N(Z63) of order 126 (2080 vertices) [12.0s]
    pair ord(x)=65 ord(ax)=65: True quotient by N(Z63) of order 126 (2080 vertices) [11.7s]
    pair ord(x)=65 ord(ax)=63: True quotient by N(Z63) of order 126 (2080 vertices) [11.7s]
    pair ord(x)=65 ord(ax)=65: True quotient by N(Z63) of order 126 (2080 vertices) [11.6s]
    pair ord(x)=65 ord(ax)=65: True quotient by N(Z63) of order 126 (2080 vertices) [11.9s]
    pair ord(x)=65 ord(ax)=65: True quotient by N(Z63) of order 126 (2080 vertices) [11.9s]
    pair ord(x)=65 ord(ax)=9: True quotient by N(Z63) of order 126 (2080 vertices) [11.7s]
    pair ord(x)=65 ord(ax)=65: True quotient by N(Z63) of order 126 (2080 vertices) [11.7s]
    pair ord(x)=65 ord(ax)=63: True quotient by N(Z63) of order 126 (2080 vertices) [11.6s]
    pair ord(x)=65 ord(ax)=63: True quotient by N(Z63) of order 126 (2080 vertices) [11.5s]
    pair ord(x)=65 ord(ax)=3: True quotient by N(Z63) of order 126 (2080 vertices) [11.8s]
    pair ord(x)=65 ord(ax)=65: True quotient by N(Z63) of order 126 (2080 vertices) [11.7s]
    pair ord(x)=65 ord(ax)=63: True quotient by N(Z63) of order 126 (2080 vertices) [11.9s]
    pair ord(x)=65 ord(ax)=7: True quotient by N(Z63) of order 126 (2080 vertices) [11.8s]
    pair ord(x)=65 ord(ax)=13: True quotient by N(Z63) of order 126 (2080 vertices) [11.8s]
    pair ord(x)=65 ord(ax)=9: True quotient by N(Z63) of order 126 (2080 vertices) [11.6s]
    pair ord(x)=65 ord(ax)=65: True quotient by N(Z63) of order 126 (2080 vertices) [11.8s]
    pair ord(x)=65 ord(ax)=21: True quotient by N(Z63) of order 126 (2080 vertices) [11.7s]
    pair ord(x)=65 ord(ax)=21: True quotient by N(Z63) of order 126 (2080 vertices) [11.6s]
    pair ord(x)=65 ord(ax)=9: True quotient by N(Z63) of order 126 (2080 vertices) [11.7s]
    pair ord(x)=65 ord(ax)=65: True quotient by N(Z63) of order 126 (2080 vertices) [11.8s]
    pair ord(x)=65 ord(ax)=7: True quotient by N(Z63) of order 126 (2080 vertices) [11.7s]
    pair ord(x)=65 ord(ax)=65: True quotient by N(Z63) of order 126 (2080 vertices) [11.8s]
    pair ord(x)=65 ord(ax)=65: True quotient by N(Z63) of order 126 (2080 vertices) [12.0s]
    pair ord(x)=65 ord(ax)=63: True quotient by N(Z63) of order 126 (2080 vertices) [11.7s]
    pair ord(x)=65 ord(ax)=63: True quotient by N(Z63) of order 126 (2080 vertices) [11.7s]
    pair ord(x)=65 ord(ax)=13: True quotient by N(Z63) of order 126 (2080 vertices) [11.6s]
    pair ord(x)=65 ord(ax)=63: True quotient by N(Z63) of order 126 (2080 vertices) [11.6s]
    pair ord(x)=65 ord(ax)=7: True quotient by N(Z63) of order 126 (2080 vertices) [11.8s]
    pair ord(x)=65 ord(ax)=65: True quotient by N(Z63) of order 126 (2080 vertices) [11.9s]
    pair ord(x)=63 ord(ax)=65: True quotient by N(Z65) of order 130 (2016 vertices) [7.1s]
    pair ord(x)=63 ord(ax)=63: True quotient by N(Z65) of order 130 (2016 vertices) [7.0s]
    pair ord(x)=63 ord(ax)=63: True quotient by N(Z65) of order 130 (2016 vertices) [6.9s]
    pair ord(x)=63 ord(ax)=13: True quotient by N(Z65) of order 130 (2016 vertices) [7.0s]
    pair ord(x)=65 ord(ax)=63: True quotient by N(Z63) of order 126 (2080 vertices) [11.5s]
    pair ord(x)=65 ord(ax)=5: True quotient by N(Z63) of order 126 (2080 vertices) [11.8s]
    pair ord(x)=65 ord(ax)=63: True quotient by N(Z63) of order 126 (2080 vertices) [11.5s]
    pair ord(x)=65 ord(ax)=63: True quotient by N(Z63) of order 126 (2080 vertices) [11.6s]
    pair ord(x)=65 ord(ax)=63: True quotient by N(Z63) of order 126 (2080 vertices) [11.6s]
    pair ord(x)=65 ord(ax)=65: True quotient by N(Z63) of order 126 (2080 vertices) [11.7s]
    pair ord(x)=63 ord(ax)=21: True quotient by N(Z65) of order 130 (2016 vertices) [6.9s]
    pair ord(x)=63 ord(ax)=65: True quotient by N(Z65) of order 130 (2016 vertices) [6.9s]
    pair ord(x)=63 ord(ax)=63: True quotient by N(Z65) of order 130 (2016 vertices) [6.9s]
    pair ord(x)=63 ord(ax)=9: True quotient by N(Z65) of order 130 (2016 vertices) [6.9s]
    pair ord(x)=63 ord(ax)=63: True quotient by N(Z65) of order 130 (2016 vertices) [6.9s]
    pair ord(x)=63 ord(ax)=3: True quotient by N(Z65) of order 130 (2016 vertices) [7.0s]
    pair ord(x)=63 ord(ax)=65: True quotient by N(Z65) of order 130 (2016 vertices) [6.9s]
    pair ord(x)=63 ord(ax)=65: True quotient by N(Z65) of order 130 (2016 vertices) [7.0s]
    pair ord(x)=63 ord(ax)=63: True quotient by N(Z65) of order 130 (2016 vertices) [7.0s]
    pair ord(x)=63 ord(ax)=65: True quotient by N(Z65) of order 130 (2016 vertices) [7.0s]
    pair ord(x)=63 ord(ax)=63: True quotient by N(Z65) of order 130 (2016 vertices) [7.0s]
    pair ord(x)=63 ord(ax)=9: True quotient by N(Z65) of order 130 (2016 vertices) [7.0s]
    pair ord(x)=63 ord(ax)=65: True quotient by N(Z65) of order 130 (2016 vertices) [6.9s]
    pair ord(x)=63 ord(ax)=7: True quotient by N(Z65) of order 130 (2016 vertices) [6.9s]
    pair ord(x)=63 ord(ax)=65: True quotient by N(Z65) of order 130 (2016 vertices) [6.8s]
    pair ord(x)=63 ord(ax)=63: True quotient by N(Z65) of order 130 (2016 vertices) [6.9s]
    pair ord(x)=63 ord(ax)=21: True quotient by N(Z65) of order 130 (2016 vertices) [6.8s]
    pair ord(x)=63 ord(ax)=65: True quotient by N(Z65) of order 130 (2016 vertices) [6.8s]
    pair ord(x)=63 ord(ax)=7: True quotient by N(Z65) of order 130 (2016 vertices) [6.8s]
    pair ord(x)=63 ord(ax)=65: True quotient by N(Z65) of order 130 (2016 vertices) [6.8s]
    pair ord(x)=63 ord(ax)=63: True quotient by N(Z65) of order 130 (2016 vertices) [6.8s]
    pair ord(x)=63 ord(ax)=65: True quotient by N(Z65) of order 130 (2016 vertices) [6.8s]
    pair ord(x)=63 ord(ax)=63: True quotient by N(Z65) of order 130 (2016 vertices) [6.9s]
    pair ord(x)=63 ord(ax)=65: True quotient by N(Z65) of order 130 (2016 vertices) [7.0s]
    pair ord(x)=63 ord(ax)=63: True quotient by N(Z65) of order 130 (2016 vertices) [7.0s]
    pair ord(x)=63 ord(ax)=65: True quotient by N(Z65) of order 130 (2016 vertices) [6.9s]
    pair ord(x)=63 ord(ax)=63: True quotient by N(Z65) of order 130 (2016 vertices) [7.0s]
    pair ord(x)=63 ord(ax)=65: True quotient by N(Z65) of order 130 (2016 vertices) [7.0s]
    pair ord(x)=63 ord(ax)=13: True quotient by N(Z65) of order 130 (2016 vertices) [7.0s]
    pair ord(x)=63 ord(ax)=65: True quotient by N(Z65) of order 130 (2016 vertices) [7.0s]
    pair ord(x)=63 ord(ax)=65: True quotient by N(Z65) of order 130 (2016 vertices) [6.9s]
    pair ord(x)=63 ord(ax)=65: True quotient by N(Z65) of order 130 (2016 vertices) [6.9s]
    pair ord(x)=63 ord(ax)=21: True quotient by N(Z65) of order 130 (2016 vertices) [6.9s]
    pair ord(x)=63 ord(ax)=63: True quotient by N(Z65) of order 130 (2016 vertices) [6.8s]
    pair ord(x)=63 ord(ax)=63: True quotient by N(Z65) of order 130 (2016 vertices) [6.8s]
    pair ord(x)=63 ord(ax)=65: True quotient by N(Z65) of order 130 (2016 vertices) [6.9s]
    pair ord(x)=63 ord(ax)=63: True quotient by N(Z65) of order 130 (2016 vertices) [6.8s]
    pair ord(x)=63 ord(ax)=13: True quotient by N(Z65) of order 130 (2016 vertices) [6.8s]
    pair ord(x)=63 ord(ax)=21: True quotient by N(Z65) of order 130 (2016 vertices) [6.9s]
    pair ord(x)=63 ord(ax)=65: True quotient by N(Z65) of order 130 (2016 vertices) [6.8s]
    pair ord(x)=63 ord(ax)=65: True quotient by N(Z65) of order 130 (2016 vertices) [7.7s]
    pair ord(x)=63 ord(ax)=65: True quotient by N(Z65) of order 130 (2016 vertices) [7.6s]
    pair ord(x)=63 ord(ax)=63: True quotient by N(Z65) of order 130 (2016 vertices) [7.6s]
    pair ord(x)=63 ord(ax)=13: True quotient by N(Z65) of order 130 (2016 vertices) [7.8s]
    pair ord(x)=63 ord(ax)=65: True quotient by N(Z65) of order 130 (2016 vertices) [7.6s]
    pair ord(x)=63 ord(ax)=5: True quotient by N(Z65) of order 130 (2016 vertices) [7.6s]
    pair ord(x)=63 ord(ax)=5: True quotient by N(Z65) of order 130 (2016 vertices) [7.7s]
    pair ord(x)=63 ord(ax)=13: True quotient by N(Z65) of order 130 (2016 vertices) [7.6s]
    pair ord(x)=63 ord(ax)=65: True quotient by N(Z65) of order 130 (2016 vertices) [7.6s]
    pair ord(x)=63 ord(ax)=13: True quotient by N(Z65) of order 130 (2016 vertices) [7.6s]
    pair ord(x)=63 ord(ax)=21: True quotient by N(Z65) of order 130 (2016 vertices) [7.6s]
    pair ord(x)=63 ord(ax)=7: True quotient by N(Z65) of order 130 (2016 vertices) [7.0s]
    pair ord(x)=63 ord(ax)=65: True quotient by N(Z65) of order 130 (2016 vertices) [7.0s]
    pair ord(x)=63 ord(ax)=21: True quotient by N(Z65) of order 130 (2016 vertices) [7.0s]
    pair ord(x)=63 ord(ax)=9: True quotient by N(Z65) of order 130 (2016 vertices) [6.9s]
    pair ord(x)=63 ord(ax)=63: True quotient by N(Z65) of order 130 (2016 vertices) [7.0s]
    pair ord(x)=63 ord(ax)=63: True quotient by N(Z65) of order 130 (2016 vertices) [7.1s]
    pair ord(x)=63 ord(ax)=65: True quotient by N(Z65) of order 130 (2016 vertices) [7.0s]
    pair ord(x)=63 ord(ax)=21: True quotient by N(Z65) of order 130 (2016 vertices) [7.0s]
    pair ord(x)=63 ord(ax)=65: True quotient by N(Z65) of order 130 (2016 vertices) [7.1s]
    pair ord(x)=63 ord(ax)=65: True quotient by N(Z65) of order 130 (2016 vertices) [7.0s]
    pair ord(x)=63 ord(ax)=7: True quotient by N(Z65) of order 130 (2016 vertices) [7.0s]
    pair ord(x)=63 ord(ax)=63: True quotient by N(Z65) of order 130 (2016 vertices) [6.9s]
    pair ord(x)=63 ord(ax)=63: True quotient by N(Z65) of order 130 (2016 vertices) [6.9s]
    pair ord(x)=63 ord(ax)=65: True quotient by N(Z65) of order 130 (2016 vertices) [6.9s]
    pair ord(x)=63 ord(ax)=65: True quotient by N(Z65) of order 130 (2016 vertices) [6.8s]
    pair ord(x)=63 ord(ax)=65: True quotient by N(Z65) of order 130 (2016 vertices) [6.9s]
    pair ord(x)=63 ord(ax)=13: True quotient by N(Z65) of order 130 (2016 vertices) [6.8s]
    pair ord(x)=63 ord(ax)=65: True quotient by N(Z65) of order 130 (2016 vertices) [6.9s]
    pair ord(x)=63 ord(ax)=3: True quotient by N(Z65) of order 130 (2016 vertices) [7.2s]
    pair ord(x)=63 ord(ax)=21: True quotient by N(Z65) of order 130 (2016 vertices) [6.9s]
    pair ord(x)=63 ord(ax)=65: True quotient by N(Z65) of order 130 (2016 vertices) [6.9s]
    pair ord(x)=63 ord(ax)=63: True quotient by N(Z65) of order 130 (2016 vertices) [7.0s]
    pair ord(x)=63 ord(ax)=13: True quotient by N(Z65) of order 130 (2016 vertices) [7.0s]
    pair ord(x)=63 ord(ax)=65: True quotient by N(Z65) of order 130 (2016 vertices) [7.1s]
    pair ord(x)=63 ord(ax)=65: True quotient by N(Z65) of order 130 (2016 vertices) [7.0s]
    pair ord(x)=63 ord(ax)=65: True quotient by N(Z65) of order 130 (2016 vertices) [7.0s]
    pair ord(x)=63 ord(ax)=65: True quotient by N(Z65) of order 130 (2016 vertices) [7.0s]
    pair ord(x)=63 ord(ax)=65: True quotient by N(Z65) of order 130 (2016 vertices) [7.0s]
    pair ord(x)=63 ord(ax)=65: True quotient by N(Z65) of order 130 (2016 vertices) [6.9s]
    pair ord(x)=63 ord(ax)=65: True quotient by N(Z65) of order 130 (2016 vertices) [7.0s]
    pair ord(x)=63 ord(ax)=21: True quotient by N(Z65) of order 130 (2016 vertices) [6.9s]
    pair ord(x)=63 ord(ax)=21: True quotient by N(Z65) of order 130 (2016 vertices) [6.9s]
    pair ord(x)=63 ord(ax)=63: True quotient by N(Z65) of order 130 (2016 vertices) [6.9s]
    pair ord(x)=63 ord(ax)=65: True quotient by N(Z65) of order 130 (2016 vertices) [6.8s]
    pair ord(x)=63 ord(ax)=63: True quotient by N(Z65) of order 130 (2016 vertices) [6.8s]
    pair ord(x)=63 ord(ax)=65: True quotient by N(Z65) of order 130 (2016 vertices) [6.8s]
    pair ord(x)=63 ord(ax)=5: True quotient by N(Z65) of order 130 (2016 vertices) [6.8s]
    pair ord(x)=63 ord(ax)=21: True quotient by N(Z65) of order 130 (2016 vertices) [6.9s]
    pair ord(x)=63 ord(ax)=63: True quotient by N(Z65) of order 130 (2016 vertices) [6.9s]
    pair ord(x)=63 ord(ax)=65: True quotient by N(Z65) of order 130 (2016 vertices) [6.9s]
    pair ord(x)=63 ord(ax)=63: True quotient by N(Z65) of order 130 (2016 vertices) [6.9s]
    pair ord(x)=63 ord(ax)=9: True quotient by N(Z65) of order 130 (2016 vertices) [6.9s]
    pair ord(x)=63 ord(ax)=63: True quotient by N(Z65) of order 130 (2016 vertices) [6.9s]
    pair ord(x)=63 ord(ax)=63: True quotient by N(Z65) of order 130 (2016 vertices) [7.0s]
    pair ord(x)=63 ord(ax)=63: True quotient by N(Z65) of order 130 (2016 vertices) [7.0s]
    pair ord(x)=63 ord(ax)=65: True quotient by N(Z65) of order 130 (2016 vertices) [7.0s]
    pair ord(x)=63 ord(ax)=65: True quotient by N(Z65) of order 130 (2016 vertices) [7.0s]
    pair ord(x)=63 ord(ax)=63: True quotient by N(Z65) of order 130 (2016 vertices) [7.0s]
    pair ord(x)=63 ord(ax)=65: True quotient by N(Z65) of order 130 (2016 vertices) [6.9s]
    pair ord(x)=63 ord(ax)=9: True quotient by N(Z65) of order 130 (2016 vertices) [6.9s]
    pair ord(x)=63 ord(ax)=21: True quotient by N(Z65) of order 130 (2016 vertices) [6.8s]
    pair ord(x)=63 ord(ax)=65: True quotient by N(Z65) of order 130 (2016 vertices) [6.8s]
    pair ord(x)=63 ord(ax)=65: True quotient by N(Z65) of order 130 (2016 vertices) [6.8s]
    pair ord(x)=63 ord(ax)=63: True quotient by N(Z65) of order 130 (2016 vertices) [6.8s]
    pair ord(x)=63 ord(ax)=13: True quotient by N(Z65) of order 130 (2016 vertices) [6.8s]
    pair ord(x)=63 ord(ax)=63: True quotient by N(Z65) of order 130 (2016 vertices) [6.8s]
    pair ord(x)=63 ord(ax)=63: True quotient by N(Z65) of order 130 (2016 vertices) [6.8s]
    pair ord(x)=63 ord(ax)=65: True quotient by N(Z65) of order 130 (2016 vertices) [6.9s]
    pair ord(x)=63 ord(ax)=5: True quotient by N(Z65) of order 130 (2016 vertices) [6.9s]
    pair ord(x)=63 ord(ax)=63: True quotient by N(Z65) of order 130 (2016 vertices) [6.9s]
    pair ord(x)=63 ord(ax)=63: True quotient by N(Z65) of order 130 (2016 vertices) [7.0s]
    pair ord(x)=63 ord(ax)=7: True quotient by N(Z65) of order 130 (2016 vertices) [7.0s]
    pair ord(x)=63 ord(ax)=9: True quotient by N(Z65) of order 130 (2016 vertices) [7.0s]
    pair ord(x)=63 ord(ax)=65: True quotient by N(Z65) of order 130 (2016 vertices) [7.0s]
    pair ord(x)=63 ord(ax)=13: True quotient by N(Z65) of order 130 (2016 vertices) [7.0s]
    pair ord(x)=63 ord(ax)=13: True quotient by N(Z65) of order 130 (2016 vertices) [7.0s]
    pair ord(x)=63 ord(ax)=7: True quotient by N(Z65) of order 130 (2016 vertices) [6.9s]
    pair ord(x)=63 ord(ax)=13: True quotient by N(Z65) of order 130 (2016 vertices) [6.9s]
    pair ord(x)=63 ord(ax)=63: True quotient by N(Z65) of order 130 (2016 vertices) [6.9s]
    pair ord(x)=65 ord(ax)=9: True quotient by N(Z63) of order 126 (2080 vertices) [11.7s]
    pair ord(x)=65 ord(ax)=13: True quotient by N(Z63) of order 126 (2080 vertices) [11.7s]
    pair ord(x)=65 ord(ax)=65: True quotient by N(Z63) of order 126 (2080 vertices) [11.7s]
    pair ord(x)=65 ord(ax)=21: True quotient by N(Z63) of order 126 (2080 vertices) [11.5s]
    pair ord(x)=65 ord(ax)=65: True quotient by N(Z63) of order 126 (2080 vertices) [11.7s]
    pair ord(x)=65 ord(ax)=63: True quotient by N(Z63) of order 126 (2080 vertices) [11.7s]
    pair ord(x)=65 ord(ax)=9: True quotient by N(Z63) of order 126 (2080 vertices) [11.6s]
    pair ord(x)=65 ord(ax)=13: True quotient by N(Z63) of order 126 (2080 vertices) [11.7s]
    pair ord(x)=65 ord(ax)=63: True quotient by N(Z63) of order 126 (2080 vertices) [11.6s]
    pair ord(x)=65 ord(ax)=65: True quotient by N(Z63) of order 126 (2080 vertices) [11.6s]
    pair ord(x)=65 ord(ax)=63: True quotient by N(Z63) of order 126 (2080 vertices) [11.7s]
    pair ord(x)=65 ord(ax)=65: True quotient by N(Z63) of order 126 (2080 vertices) [11.7s]
    pair ord(x)=65 ord(ax)=65: True quotient by N(Z63) of order 126 (2080 vertices) [11.6s]
    pair ord(x)=65 ord(ax)=65: True quotient by N(Z63) of order 126 (2080 vertices) [11.7s]
    pair ord(x)=65 ord(ax)=21: True quotient by N(Z63) of order 126 (2080 vertices) [11.5s]
    pair ord(x)=65 ord(ax)=63: True quotient by N(Z63) of order 126 (2080 vertices) [11.5s]
    pair ord(x)=65 ord(ax)=63: True quotient by N(Z63) of order 126 (2080 vertices) [11.6s]
    pair ord(x)=65 ord(ax)=65: True quotient by N(Z63) of order 126 (2080 vertices) [11.7s]
    pair ord(x)=65 ord(ax)=21: True quotient by N(Z63) of order 126 (2080 vertices) [11.6s]
    pair ord(x)=65 ord(ax)=21: True quotient by N(Z63) of order 126 (2080 vertices) [11.8s]
    pair ord(x)=65 ord(ax)=63: True quotient by N(Z63) of order 126 (2080 vertices) [11.8s]
    pair ord(x)=65 ord(ax)=65: True quotient by N(Z63) of order 126 (2080 vertices) [11.9s]
    pair ord(x)=65 ord(ax)=13: True quotient by N(Z63) of order 126 (2080 vertices) [11.6s]
    pair ord(x)=65 ord(ax)=65: True quotient by N(Z63) of order 126 (2080 vertices) [11.8s]
    pair ord(x)=65 ord(ax)=65: True quotient by N(Z63) of order 126 (2080 vertices) [11.8s]
    pair ord(x)=65 ord(ax)=63: True quotient by N(Z63) of order 126 (2080 vertices) [11.8s]
    pair ord(x)=65 ord(ax)=21: True quotient by N(Z63) of order 126 (2080 vertices) [11.5s]
    pair ord(x)=65 ord(ax)=63: True quotient by N(Z63) of order 126 (2080 vertices) [11.7s]
    pair ord(x)=65 ord(ax)=65: True quotient by N(Z63) of order 126 (2080 vertices) [11.7s]
    pair ord(x)=65 ord(ax)=65: True quotient by N(Z63) of order 126 (2080 vertices) [11.9s]
    pair ord(x)=65 ord(ax)=63: True quotient by N(Z63) of order 126 (2080 vertices) [11.7s]
    pair ord(x)=65 ord(ax)=63: True quotient by N(Z63) of order 126 (2080 vertices) [11.8s]
    pair ord(x)=65 ord(ax)=7: True quotient by N(Z63) of order 126 (2080 vertices) [11.7s]
    pair ord(x)=65 ord(ax)=65: True quotient by N(Z63) of order 126 (2080 vertices) [11.7s]
    pair ord(x)=65 ord(ax)=21: True quotient by N(Z63) of order 126 (2080 vertices) [11.7s]
    pair ord(x)=65 ord(ax)=63: True quotient by N(Z63) of order 126 (2080 vertices) [11.9s]
    pair ord(x)=65 ord(ax)=65: True quotient by N(Z63) of order 126 (2080 vertices) [12.0s]
    pair ord(x)=65 ord(ax)=9: True quotient by N(Z63) of order 126 (2080 vertices) [11.8s]
    pair ord(x)=65 ord(ax)=5: True quotient by N(Z63) of order 126 (2080 vertices) [11.9s]
    pair ord(x)=65 ord(ax)=65: True quotient by N(Z63) of order 126 (2080 vertices) [11.8s]
    pair ord(x)=65 ord(ax)=63: True quotient by N(Z63) of order 126 (2080 vertices) [11.7s]
    pair ord(x)=65 ord(ax)=63: True quotient by N(Z63) of order 126 (2080 vertices) [12.0s]
    pair ord(x)=65 ord(ax)=65: True quotient by N(Z63) of order 126 (2080 vertices) [11.8s]
    pair ord(x)=65 ord(ax)=65: True quotient by N(Z63) of order 126 (2080 vertices) [12.0s]
    pair ord(x)=65 ord(ax)=65: True quotient by N(Z63) of order 126 (2080 vertices) [12.1s]
    pair ord(x)=65 ord(ax)=65: True quotient by N(Z63) of order 126 (2080 vertices) [11.8s]
    pair ord(x)=65 ord(ax)=63: True quotient by N(Z63) of order 126 (2080 vertices) [11.7s]
    pair ord(x)=65 ord(ax)=3: True quotient by N(Z63) of order 126 (2080 vertices) [11.7s]
    pair ord(x)=65 ord(ax)=13: True quotient by N(Z63) of order 126 (2080 vertices) [12.1s]
    pair ord(x)=65 ord(ax)=65: True quotient by N(Z63) of order 126 (2080 vertices) [11.9s]
    pair ord(x)=65 ord(ax)=63: True quotient by N(Z63) of order 126 (2080 vertices) [11.7s]
    pair ord(x)=65 ord(ax)=13: True quotient by N(Z63) of order 126 (2080 vertices) [12.0s]
    pair ord(x)=65 ord(ax)=7: True quotient by N(Z63) of order 126 (2080 vertices) [11.7s]
    pair ord(x)=65 ord(ax)=65: True quotient by N(Z63) of order 126 (2080 vertices) [11.9s]
    pair ord(x)=65 ord(ax)=65: True quotient by N(Z63) of order 126 (2080 vertices) [11.9s]
    pair ord(x)=63 ord(ax)=13: True quotient by N(Z65) of order 130 (2016 vertices) [6.9s]
    pair ord(x)=65 ord(ax)=63: True quotient by N(Z63) of order 126 (2080 vertices) [11.7s]
    pair ord(x)=65 ord(ax)=5: True quotient by N(Z63) of order 126 (2080 vertices) [11.8s]
    pair ord(x)=63 ord(ax)=65: True quotient by N(Z65) of order 130 (2016 vertices) [7.0s]
    pair ord(x)=63 ord(ax)=65: True quotient by N(Z65) of order 130 (2016 vertices) [7.0s]
    pair ord(x)=63 ord(ax)=65: True quotient by N(Z65) of order 130 (2016 vertices) [7.0s]
    pair ord(x)=65 ord(ax)=63: True quotient by N(Z63) of order 126 (2080 vertices) [11.8s]
    pair ord(x)=65 ord(ax)=7: True quotient by N(Z63) of order 126 (2080 vertices) [11.7s]
    pair ord(x)=65 ord(ax)=65: True quotient by N(Z63) of order 126 (2080 vertices) [12.1s]
    pair ord(x)=65 ord(ax)=13: True quotient by N(Z63) of order 126 (2080 vertices) [12.1s]
    pair ord(x)=65 ord(ax)=63: True quotient by N(Z63) of order 126 (2080 vertices) [11.8s]
    pair ord(x)=63 ord(ax)=65: True quotient by N(Z65) of order 130 (2016 vertices) [7.4s]
    pair ord(x)=63 ord(ax)=9: True quotient by N(Z65) of order 130 (2016 vertices) [7.5s]
    pair ord(x)=63 ord(ax)=65: True quotient by N(Z65) of order 130 (2016 vertices) [7.6s]
    pair ord(x)=63 ord(ax)=21: True quotient by N(Z65) of order 130 (2016 vertices) [7.6s]
    pair ord(x)=63 ord(ax)=21: True quotient by N(Z65) of order 130 (2016 vertices) [7.5s]
    pair ord(x)=63 ord(ax)=63: True quotient by N(Z65) of order 130 (2016 vertices) [7.6s]
    pair ord(x)=63 ord(ax)=63: True quotient by N(Z65) of order 130 (2016 vertices) [7.5s]
    pair ord(x)=63 ord(ax)=65: True quotient by N(Z65) of order 130 (2016 vertices) [7.6s]
    pair ord(x)=63 ord(ax)=65: True quotient by N(Z65) of order 130 (2016 vertices) [7.4s]
    pair ord(x)=63 ord(ax)=21: True quotient by N(Z65) of order 130 (2016 vertices) [7.4s]
    pair ord(x)=63 ord(ax)=63: True quotient by N(Z65) of order 130 (2016 vertices) [7.4s]
    pair ord(x)=63 ord(ax)=63: True quotient by N(Z65) of order 130 (2016 vertices) [7.1s]
    pair ord(x)=63 ord(ax)=9: True quotient by N(Z65) of order 130 (2016 vertices) [7.1s]
    pair ord(x)=63 ord(ax)=65: True quotient by N(Z65) of order 130 (2016 vertices) [7.0s]
    pair ord(x)=63 ord(ax)=65: True quotient by N(Z65) of order 130 (2016 vertices) [7.0s]
    pair ord(x)=63 ord(ax)=7: True quotient by N(Z65) of order 130 (2016 vertices) [7.0s]
    pair ord(x)=63 ord(ax)=63: True quotient by N(Z65) of order 130 (2016 vertices) [7.1s]
    pair ord(x)=63 ord(ax)=65: True quotient by N(Z65) of order 130 (2016 vertices) [7.1s]
    pair ord(x)=63 ord(ax)=63: True quotient by N(Z65) of order 130 (2016 vertices) [7.1s]
    pair ord(x)=63 ord(ax)=65: True quotient by N(Z65) of order 130 (2016 vertices) [7.1s]
    pair ord(x)=63 ord(ax)=65: True quotient by N(Z65) of order 130 (2016 vertices) [7.1s]
    pair ord(x)=63 ord(ax)=3: True quotient by N(Z65) of order 130 (2016 vertices) [7.1s]
    pair ord(x)=63 ord(ax)=65: True quotient by N(Z65) of order 130 (2016 vertices) [7.1s]
    pair ord(x)=63 ord(ax)=65: True quotient by N(Z65) of order 130 (2016 vertices) [7.1s]
    pair ord(x)=63 ord(ax)=13: True quotient by N(Z65) of order 130 (2016 vertices) [7.0s]
    pair ord(x)=63 ord(ax)=5: True quotient by N(Z65) of order 130 (2016 vertices) [6.9s]
    pair ord(x)=63 ord(ax)=65: True quotient by N(Z65) of order 130 (2016 vertices) [7.0s]
    pair ord(x)=63 ord(ax)=21: True quotient by N(Z65) of order 130 (2016 vertices) [7.0s]
    pair ord(x)=63 ord(ax)=65: True quotient by N(Z65) of order 130 (2016 vertices) [6.9s]
    pair ord(x)=63 ord(ax)=65: True quotient by N(Z65) of order 130 (2016 vertices) [6.9s]
    pair ord(x)=63 ord(ax)=65: True quotient by N(Z65) of order 130 (2016 vertices) [6.9s]
    pair ord(x)=63 ord(ax)=13: True quotient by N(Z65) of order 130 (2016 vertices) [6.9s]
    pair ord(x)=63 ord(ax)=65: True quotient by N(Z65) of order 130 (2016 vertices) [6.9s]
    pair ord(x)=63 ord(ax)=63: True quotient by N(Z65) of order 130 (2016 vertices) [7.0s]
    pair ord(x)=63 ord(ax)=9: True quotient by N(Z65) of order 130 (2016 vertices) [7.0s]
    pair ord(x)=63 ord(ax)=13: True quotient by N(Z65) of order 130 (2016 vertices) [7.1s]
    pair ord(x)=63 ord(ax)=63: True quotient by N(Z65) of order 130 (2016 vertices) [7.2s]
    pair ord(x)=63 ord(ax)=21: True quotient by N(Z65) of order 130 (2016 vertices) [7.2s]
    pair ord(x)=63 ord(ax)=63: True quotient by N(Z65) of order 130 (2016 vertices) [7.1s]
    pair ord(x)=63 ord(ax)=63: True quotient by N(Z65) of order 130 (2016 vertices) [7.2s]
    pair ord(x)=63 ord(ax)=21: True quotient by N(Z65) of order 130 (2016 vertices) [7.1s]
    pair ord(x)=63 ord(ax)=63: True quotient by N(Z65) of order 130 (2016 vertices) [7.1s]
    pair ord(x)=63 ord(ax)=13: True quotient by N(Z65) of order 130 (2016 vertices) [7.1s]
    pair ord(x)=63 ord(ax)=63: True quotient by N(Z65) of order 130 (2016 vertices) [7.1s]
    pair ord(x)=63 ord(ax)=7: True quotient by N(Z65) of order 130 (2016 vertices) [6.9s]
    pair ord(x)=63 ord(ax)=13: True quotient by N(Z65) of order 130 (2016 vertices) [6.9s]
    pair ord(x)=63 ord(ax)=65: True quotient by N(Z65) of order 130 (2016 vertices) [6.9s]
    pair ord(x)=63 ord(ax)=63: True quotient by N(Z65) of order 130 (2016 vertices) [7.0s]
    pair ord(x)=63 ord(ax)=65: True quotient by N(Z65) of order 130 (2016 vertices) [7.0s]
    pair ord(x)=63 ord(ax)=7: True quotient by N(Z65) of order 130 (2016 vertices) [7.0s]
    pair ord(x)=63 ord(ax)=65: True quotient by N(Z65) of order 130 (2016 vertices) [7.0s]
    pair ord(x)=63 ord(ax)=65: True quotient by N(Z65) of order 130 (2016 vertices) [7.0s]
    pair ord(x)=63 ord(ax)=63: True quotient by N(Z65) of order 130 (2016 vertices) [6.9s]
    pair ord(x)=63 ord(ax)=63: True quotient by N(Z65) of order 130 (2016 vertices) [7.0s]
    pair ord(x)=63 ord(ax)=5: True quotient by N(Z65) of order 130 (2016 vertices) [7.0s]
    pair ord(x)=63 ord(ax)=63: True quotient by N(Z65) of order 130 (2016 vertices) [7.0s]
    pair ord(x)=63 ord(ax)=65: True quotient by N(Z65) of order 130 (2016 vertices) [7.0s]
    pair ord(x)=63 ord(ax)=63: True quotient by N(Z65) of order 130 (2016 vertices) [6.9s]
    pair ord(x)=65 ord(ax)=13: True quotient by N(Z63) of order 126 (2080 vertices) [11.8s]
    pair ord(x)=65 ord(ax)=63: True quotient by N(Z63) of order 126 (2080 vertices) [11.9s]
    pair ord(x)=65 ord(ax)=65: True quotient by N(Z63) of order 126 (2080 vertices) [11.8s]
    pair ord(x)=65 ord(ax)=65: True quotient by N(Z63) of order 126 (2080 vertices) [11.7s]
    pair ord(x)=65 ord(ax)=7: True quotient by N(Z63) of order 126 (2080 vertices) [11.7s]
    pair ord(x)=65 ord(ax)=65: True quotient by N(Z63) of order 126 (2080 vertices) [11.8s]
    pair ord(x)=65 ord(ax)=63: True quotient by N(Z63) of order 126 (2080 vertices) [11.7s]
    pair ord(x)=65 ord(ax)=21: True quotient by N(Z63) of order 126 (2080 vertices) [11.6s]
    pair ord(x)=65 ord(ax)=63: True quotient by N(Z63) of order 126 (2080 vertices) [11.8s]
    pair ord(x)=65 ord(ax)=63: True quotient by N(Z63) of order 126 (2080 vertices) [11.8s]
    pair ord(x)=65 ord(ax)=65: True quotient by N(Z63) of order 126 (2080 vertices) [12.1s]
    pair ord(x)=65 ord(ax)=21: True quotient by N(Z63) of order 126 (2080 vertices) [12.0s]
    pair ord(x)=65 ord(ax)=65: True quotient by N(Z63) of order 126 (2080 vertices) [12.1s]
    pair ord(x)=65 ord(ax)=7: True quotient by N(Z63) of order 126 (2080 vertices) [12.1s]
    pair ord(x)=65 ord(ax)=63: True quotient by N(Z63) of order 126 (2080 vertices) [12.1s]
    pair ord(x)=65 ord(ax)=21: True quotient by N(Z63) of order 126 (2080 vertices) [12.0s]
    pair ord(x)=65 ord(ax)=63: True quotient by N(Z63) of order 126 (2080 vertices) [11.9s]
    pair ord(x)=65 ord(ax)=65: True quotient by N(Z63) of order 126 (2080 vertices) [12.1s]
    pair ord(x)=65 ord(ax)=63: True quotient by N(Z63) of order 126 (2080 vertices) [12.1s]
    pair ord(x)=65 ord(ax)=65: True quotient by N(Z63) of order 126 (2080 vertices) [12.3s]
    pair ord(x)=65 ord(ax)=65: True quotient by N(Z63) of order 126 (2080 vertices) [12.2s]
    pair ord(x)=65 ord(ax)=13: True quotient by N(Z63) of order 126 (2080 vertices) [12.2s]
    pair ord(x)=65 ord(ax)=63: True quotient by N(Z63) of order 126 (2080 vertices) [12.0s]
    pair ord(x)=65 ord(ax)=65: True quotient by N(Z63) of order 126 (2080 vertices) [12.2s]
    pair ord(x)=65 ord(ax)=3: True quotient by N(Z63) of order 126 (2080 vertices) [12.1s]
    pair ord(x)=65 ord(ax)=13: True quotient by N(Z63) of order 126 (2080 vertices) [12.1s]
    pair ord(x)=65 ord(ax)=63: True quotient by N(Z63) of order 126 (2080 vertices) [11.9s]
    pair ord(x)=65 ord(ax)=65: True quotient by N(Z63) of order 126 (2080 vertices) [12.2s]
    pair ord(x)=65 ord(ax)=65: True quotient by N(Z63) of order 126 (2080 vertices) [12.2s]
    pair ord(x)=65 ord(ax)=63: True quotient by N(Z63) of order 126 (2080 vertices) [11.8s]
    pair ord(x)=65 ord(ax)=63: True quotient by N(Z63) of order 126 (2080 vertices) [11.8s]
    pair ord(x)=65 ord(ax)=65: True quotient by N(Z63) of order 126 (2080 vertices) [12.0s]
    pair ord(x)=65 ord(ax)=65: True quotient by N(Z63) of order 126 (2080 vertices) [11.8s]
    pair ord(x)=65 ord(ax)=63: True quotient by N(Z63) of order 126 (2080 vertices) [11.7s]
    pair ord(x)=65 ord(ax)=63: True quotient by N(Z63) of order 126 (2080 vertices) [11.7s]
    pair ord(x)=65 ord(ax)=5: True quotient by N(Z63) of order 126 (2080 vertices) [11.7s]
    pair ord(x)=65 ord(ax)=9: True quotient by N(Z63) of order 126 (2080 vertices) [11.6s]
    pair ord(x)=65 ord(ax)=9: True quotient by N(Z63) of order 126 (2080 vertices) [11.6s]
    pair ord(x)=65 ord(ax)=65: True quotient by N(Z63) of order 126 (2080 vertices) [11.7s]
    pair ord(x)=65 ord(ax)=7: True quotient by N(Z63) of order 126 (2080 vertices) [11.6s]
    pair ord(x)=65 ord(ax)=63: True quotient by N(Z63) of order 126 (2080 vertices) [11.7s]
    pair ord(x)=65 ord(ax)=13: True quotient by N(Z63) of order 126 (2080 vertices) [11.7s]
    pair ord(x)=65 ord(ax)=13: True quotient by N(Z63) of order 126 (2080 vertices) [11.8s]
    pair ord(x)=65 ord(ax)=21: True quotient by N(Z63) of order 126 (2080 vertices) [11.7s]
    pair ord(x)=65 ord(ax)=21: True quotient by N(Z63) of order 126 (2080 vertices) [11.6s]
    pair ord(x)=65 ord(ax)=65: True quotient by N(Z63) of order 126 (2080 vertices) [11.7s]
    pair ord(x)=65 ord(ax)=65: True quotient by N(Z63) of order 126 (2080 vertices) [11.9s]
    pair ord(x)=65 ord(ax)=9: True quotient by N(Z63) of order 126 (2080 vertices) [11.8s]
    pair ord(x)=65 ord(ax)=65: True quotient by N(Z63) of order 126 (2080 vertices) [11.7s]
    pair ord(x)=65 ord(ax)=63: True quotient by N(Z63) of order 126 (2080 vertices) [11.6s]
    pair ord(x)=65 ord(ax)=63: True quotient by N(Z63) of order 126 (2080 vertices) [11.5s]
    pair ord(x)=65 ord(ax)=65: True quotient by N(Z63) of order 126 (2080 vertices) [11.8s]
    pair ord(x)=65 ord(ax)=21: True quotient by N(Z63) of order 126 (2080 vertices) [11.6s]
    pair ord(x)=65 ord(ax)=63: True quotient by N(Z63) of order 126 (2080 vertices) [11.9s]
    pair ord(x)=65 ord(ax)=65: True quotient by N(Z63) of order 126 (2080 vertices) [11.8s]
    pair ord(x)=65 ord(ax)=63: True quotient by N(Z63) of order 126 (2080 vertices) [11.6s]
    pair ord(x)=65 ord(ax)=65: True quotient by N(Z63) of order 126 (2080 vertices) [11.6s]
    pair ord(x)=65 ord(ax)=65: True quotient by N(Z63) of order 126 (2080 vertices) [11.6s]
    pair ord(x)=65 ord(ax)=65: True quotient by N(Z63) of order 126 (2080 vertices) [11.7s]
    pair ord(x)=65 ord(ax)=5: True quotient by N(Z63) of order 126 (2080 vertices) [11.7s]
    pair ord(x)=65 ord(ax)=65: True quotient by N(Z63) of order 126 (2080 vertices) [11.6s]
    pair ord(x)=65 ord(ax)=13: True quotient by N(Z63) of order 126 (2080 vertices) [11.6s]
    pair ord(x)=13 ord(ax)=63: True quotient by N(Z63) of order 126 (2080 vertices) [11.5s]
    pair ord(x)=13 ord(ax)=65: True quotient by N(Z63) of order 126 (2080 vertices) [11.7s]
    pair ord(x)=13 ord(ax)=65: True quotient by N(Z63) of order 126 (2080 vertices) [11.6s]
    pair ord(x)=13 ord(ax)=65: True quotient by N(Z63) of order 126 (2080 vertices) [11.7s]
    pair ord(x)=13 ord(ax)=9: True quotient by N(Z63) of order 126 (2080 vertices) [11.6s]
    pair ord(x)=13 ord(ax)=5: True quotient by N(Z63) of order 126 (2080 vertices) [11.7s]
    pair ord(x)=13 ord(ax)=63: True quotient by N(Z63) of order 126 (2080 vertices) [11.9s]
    pair ord(x)=13 ord(ax)=65: True quotient by N(Z63) of order 126 (2080 vertices) [12.0s]
    pair ord(x)=13 ord(ax)=63: True quotient by N(Z63) of order 126 (2080 vertices) [11.7s]
    pair ord(x)=13 ord(ax)=9: True quotient by N(Z63) of order 126 (2080 vertices) [11.7s]
    pair ord(x)=13 ord(ax)=63: True quotient by N(Z63) of order 126 (2080 vertices) [11.6s]
    pair ord(x)=13 ord(ax)=21: True quotient by N(Z63) of order 126 (2080 vertices) [11.6s]
    pair ord(x)=13 ord(ax)=63: True quotient by N(Z63) of order 126 (2080 vertices) [11.7s]
    pair ord(x)=13 ord(ax)=65: True quotient by N(Z63) of order 126 (2080 vertices) [11.5s]
    pair ord(x)=13 ord(ax)=13: True quotient by N(Z63) of order 126 (2080 vertices) [11.7s]
    pair ord(x)=13 ord(ax)=63: True quotient by N(Z63) of order 126 (2080 vertices) [11.8s]
    pair ord(x)=13 ord(ax)=13: True quotient by N(Z63) of order 126 (2080 vertices) [11.9s]
    pair ord(x)=13 ord(ax)=63: True quotient by N(Z63) of order 126 (2080 vertices) [11.7s]
    pair ord(x)=13 ord(ax)=65: True quotient by N(Z63) of order 126 (2080 vertices) [12.0s]
    pair ord(x)=13 ord(ax)=65: True quotient by N(Z63) of order 126 (2080 vertices) [11.7s]
    pair ord(x)=13 ord(ax)=3: True quotient by N(Z63) of order 126 (2080 vertices) [11.6s]
    pair ord(x)=13 ord(ax)=63: True quotient by N(Z63) of order 126 (2080 vertices) [11.8s]
    pair ord(x)=13 ord(ax)=65: True quotient by N(Z63) of order 126 (2080 vertices) [12.0s]
    pair ord(x)=13 ord(ax)=21: True quotient by N(Z63) of order 126 (2080 vertices) [11.6s]
    pair ord(x)=13 ord(ax)=65: True quotient by N(Z63) of order 126 (2080 vertices) [12.0s]
    pair ord(x)=13 ord(ax)=65: True quotient by N(Z63) of order 126 (2080 vertices) [11.8s]
    pair ord(x)=13 ord(ax)=63: True quotient by N(Z63) of order 126 (2080 vertices) [11.8s]
    pair ord(x)=13 ord(ax)=63: True quotient by N(Z63) of order 126 (2080 vertices) [11.7s]
    pair ord(x)=13 ord(ax)=63: True quotient by N(Z63) of order 126 (2080 vertices) [11.6s]
    pair ord(x)=13 ord(ax)=65: True quotient by N(Z63) of order 126 (2080 vertices) [11.8s]
    pair ord(x)=13 ord(ax)=13: True quotient by N(Z63) of order 126 (2080 vertices) [11.6s]
    pair ord(x)=13 ord(ax)=65: True quotient by N(Z63) of order 126 (2080 vertices) [11.8s]
    pair ord(x)=13 ord(ax)=65: True quotient by N(Z63) of order 126 (2080 vertices) [11.9s]
    pair ord(x)=13 ord(ax)=65: True quotient by N(Z63) of order 126 (2080 vertices) [11.7s]
    pair ord(x)=13 ord(ax)=63: True quotient by N(Z63) of order 126 (2080 vertices) [11.6s]
    pair ord(x)=13 ord(ax)=5: True quotient by N(Z63) of order 126 (2080 vertices) [11.8s]
    pair ord(x)=13 ord(ax)=63: True quotient by N(Z63) of order 126 (2080 vertices) [11.7s]
    pair ord(x)=13 ord(ax)=7: True quotient by N(Z63) of order 126 (2080 vertices) [11.8s]
    pair ord(x)=13 ord(ax)=7: True quotient by N(Z63) of order 126 (2080 vertices) [11.8s]
    pair ord(x)=13 ord(ax)=63: True quotient by N(Z63) of order 126 (2080 vertices) [11.7s]
    pair ord(x)=13 ord(ax)=21: True quotient by N(Z63) of order 126 (2080 vertices) [11.8s]
    pair ord(x)=13 ord(ax)=21: True quotient by N(Z63) of order 126 (2080 vertices) [11.9s]
    pair ord(x)=13 ord(ax)=13: True quotient by N(Z63) of order 126 (2080 vertices) [12.2s]
    pair ord(x)=13 ord(ax)=63: True quotient by N(Z63) of order 126 (2080 vertices) [11.7s]
    pair ord(x)=13 ord(ax)=65: True quotient by N(Z63) of order 126 (2080 vertices) [12.0s]
    pair ord(x)=13 ord(ax)=63: True quotient by N(Z63) of order 126 (2080 vertices) [11.6s]
    pair ord(x)=13 ord(ax)=63: True quotient by N(Z63) of order 126 (2080 vertices) [11.8s]
    pair ord(x)=13 ord(ax)=7: True quotient by N(Z63) of order 126 (2080 vertices) [11.9s]
    pair ord(x)=13 ord(ax)=65: True quotient by N(Z63) of order 126 (2080 vertices) [11.7s]
    pair ord(x)=13 ord(ax)=65: True quotient by N(Z63) of order 126 (2080 vertices) [11.6s]
    pair ord(x)=13 ord(ax)=65: True quotient by N(Z63) of order 126 (2080 vertices) [11.8s]
    pair ord(x)=13 ord(ax)=63: True quotient by N(Z63) of order 126 (2080 vertices) [11.7s]
    pair ord(x)=13 ord(ax)=9: True quotient by N(Z63) of order 126 (2080 vertices) [11.6s]
    pair ord(x)=13 ord(ax)=65: True quotient by N(Z63) of order 126 (2080 vertices) [11.6s]
    pair ord(x)=13 ord(ax)=13: True quotient by N(Z63) of order 126 (2080 vertices) [12.0s]
    pair ord(x)=13 ord(ax)=65: True quotient by N(Z63) of order 126 (2080 vertices) [11.8s]
    pair ord(x)=13 ord(ax)=65: True quotient by N(Z63) of order 126 (2080 vertices) [11.8s]
    pair ord(x)=13 ord(ax)=21: True quotient by N(Z63) of order 126 (2080 vertices) [11.6s]
    pair ord(x)=13 ord(ax)=21: True quotient by N(Z63) of order 126 (2080 vertices) [11.8s]
    pair ord(x)=21 ord(ax)=65: True quotient by N(Z65) of order 130 (2016 vertices) [7.1s]
    pair ord(x)=21 ord(ax)=13: True quotient by N(Z65) of order 130 (2016 vertices) [7.0s]
    pair ord(x)=21 ord(ax)=65: True quotient by N(Z65) of order 130 (2016 vertices) [7.1s]
    pair ord(x)=21 ord(ax)=63: True quotient by N(Z65) of order 130 (2016 vertices) [7.2s]
    pair ord(x)=21 ord(ax)=65: True quotient by N(Z65) of order 130 (2016 vertices) [7.1s]
    pair ord(x)=21 ord(ax)=13: True quotient by N(Z65) of order 130 (2016 vertices) [7.1s]
    pair ord(x)=13 ord(ax)=65: True quotient by N(Z63) of order 126 (2080 vertices) [11.9s]
    pair ord(x)=21 ord(ax)=65: True quotient by N(Z65) of order 130 (2016 vertices) [7.0s]
    pair ord(x)=13 ord(ax)=65: True quotient by N(Z63) of order 126 (2080 vertices) [11.9s]
    pair ord(x)=13 ord(ax)=65: True quotient by N(Z63) of order 126 (2080 vertices) [12.1s]
    pair ord(x)=21 ord(ax)=63: True quotient by N(Z65) of order 130 (2016 vertices) [6.9s]
    pair ord(x)=21 ord(ax)=65: True quotient by N(Z65) of order 130 (2016 vertices) [6.9s]
    pair ord(x)=21 ord(ax)=63: True quotient by N(Z65) of order 130 (2016 vertices) [6.9s]
    pair ord(x)=21 ord(ax)=5: True quotient by N(Z65) of order 130 (2016 vertices) [7.0s]
    pair ord(x)=21 ord(ax)=65: True quotient by N(Z65) of order 130 (2016 vertices) [7.0s]
    pair ord(x)=21 ord(ax)=65: True quotient by N(Z65) of order 130 (2016 vertices) [6.9s]
    pair ord(x)=21 ord(ax)=9: True quotient by N(Z65) of order 130 (2016 vertices) [6.9s]
    pair ord(x)=21 ord(ax)=65: True quotient by N(Z65) of order 130 (2016 vertices) [6.9s]
    pair ord(x)=21 ord(ax)=13: True quotient by N(Z65) of order 130 (2016 vertices) [6.9s]
    pair ord(x)=21 ord(ax)=63: True quotient by N(Z65) of order 130 (2016 vertices) [6.9s]
    pair ord(x)=21 ord(ax)=13: True quotient by N(Z65) of order 130 (2016 vertices) [6.9s]
    pair ord(x)=21 ord(ax)=65: True quotient by N(Z65) of order 130 (2016 vertices) [6.9s]
    pair ord(x)=21 ord(ax)=63: True quotient by N(Z65) of order 130 (2016 vertices) [6.9s]
    pair ord(x)=21 ord(ax)=63: True quotient by N(Z65) of order 130 (2016 vertices) [7.0s]
    pair ord(x)=21 ord(ax)=65: True quotient by N(Z65) of order 130 (2016 vertices) [6.9s]
    pair ord(x)=21 ord(ax)=7: True quotient by N(Z65) of order 130 (2016 vertices) [7.0s]
    pair ord(x)=21 ord(ax)=63: True quotient by N(Z65) of order 130 (2016 vertices) [7.0s]
    pair ord(x)=21 ord(ax)=63: True quotient by N(Z65) of order 130 (2016 vertices) [7.0s]
    pair ord(x)=21 ord(ax)=65: True quotient by N(Z65) of order 130 (2016 vertices) [7.1s]
    pair ord(x)=21 ord(ax)=65: True quotient by N(Z65) of order 130 (2016 vertices) [7.1s]
    pair ord(x)=21 ord(ax)=65: True quotient by N(Z65) of order 130 (2016 vertices) [7.0s]
    pair ord(x)=21 ord(ax)=9: True quotient by N(Z65) of order 130 (2016 vertices) [7.1s]
    pair ord(x)=21 ord(ax)=63: True quotient by N(Z65) of order 130 (2016 vertices) [7.0s]
    pair ord(x)=21 ord(ax)=13: True quotient by N(Z65) of order 130 (2016 vertices) [7.0s]
    pair ord(x)=21 ord(ax)=65: True quotient by N(Z65) of order 130 (2016 vertices) [7.0s]
    pair ord(x)=21 ord(ax)=63: True quotient by N(Z65) of order 130 (2016 vertices) [7.0s]
    pair ord(x)=21 ord(ax)=7: True quotient by N(Z65) of order 130 (2016 vertices) [6.9s]
    pair ord(x)=21 ord(ax)=65: True quotient by N(Z65) of order 130 (2016 vertices) [7.0s]
    pair ord(x)=21 ord(ax)=13: True quotient by N(Z65) of order 130 (2016 vertices) [7.1s]
    pair ord(x)=21 ord(ax)=63: True quotient by N(Z65) of order 130 (2016 vertices) [7.1s]
    pair ord(x)=21 ord(ax)=21: True quotient by N(Z65) of order 130 (2016 vertices) [7.1s]
    pair ord(x)=21 ord(ax)=21: True quotient by N(Z65) of order 130 (2016 vertices) [7.1s]
    pair ord(x)=21 ord(ax)=7: True quotient by N(Z65) of order 130 (2016 vertices) [7.1s]
    pair ord(x)=21 ord(ax)=65: True quotient by N(Z65) of order 130 (2016 vertices) [7.1s]
    pair ord(x)=21 ord(ax)=65: True quotient by N(Z65) of order 130 (2016 vertices) [7.0s]
    pair ord(x)=21 ord(ax)=65: True quotient by N(Z65) of order 130 (2016 vertices) [7.1s]
    pair ord(x)=21 ord(ax)=9: True quotient by N(Z65) of order 130 (2016 vertices) [7.1s]
    pair ord(x)=21 ord(ax)=65: True quotient by N(Z65) of order 130 (2016 vertices) [7.0s]
    pair ord(x)=21 ord(ax)=65: True quotient by N(Z65) of order 130 (2016 vertices) [7.0s]
    pair ord(x)=21 ord(ax)=65: True quotient by N(Z65) of order 130 (2016 vertices) [7.0s]
    pair ord(x)=21 ord(ax)=21: True quotient by N(Z65) of order 130 (2016 vertices) [7.1s]
    pair ord(x)=21 ord(ax)=63: True quotient by N(Z65) of order 130 (2016 vertices) [7.1s]
    pair ord(x)=21 ord(ax)=21: True quotient by N(Z65) of order 130 (2016 vertices) [7.1s]
    pair ord(x)=21 ord(ax)=63: True quotient by N(Z65) of order 130 (2016 vertices) [7.1s]
    pair ord(x)=21 ord(ax)=3: True quotient by N(Z65) of order 130 (2016 vertices) [7.1s]
    pair ord(x)=21 ord(ax)=63: True quotient by N(Z65) of order 130 (2016 vertices) [7.2s]
    pair ord(x)=21 ord(ax)=63: True quotient by N(Z65) of order 130 (2016 vertices) [7.1s]
    pair ord(x)=21 ord(ax)=63: True quotient by N(Z65) of order 130 (2016 vertices) [7.1s]
    pair ord(x)=21 ord(ax)=65: True quotient by N(Z65) of order 130 (2016 vertices) [7.2s]
    pair ord(x)=21 ord(ax)=63: True quotient by N(Z65) of order 130 (2016 vertices) [7.2s]
    pair ord(x)=21 ord(ax)=65: True quotient by N(Z65) of order 130 (2016 vertices) [7.1s]
    pair ord(x)=21 ord(ax)=65: True quotient by N(Z65) of order 130 (2016 vertices) [7.0s]
    pair ord(x)=21 ord(ax)=5: True quotient by N(Z65) of order 130 (2016 vertices) [7.0s]
    pair ord(x)=21 ord(ax)=21: True quotient by N(Z65) of order 130 (2016 vertices) [6.9s]
    pair ord(x)=21 ord(ax)=63: True quotient by N(Z65) of order 130 (2016 vertices) [7.0s]
    pair ord(x)=65 ord(ax)=65: True quotient by N(Z63) of order 126 (2080 vertices) [11.9s]
    pair ord(x)=65 ord(ax)=63: True quotient by N(Z63) of order 126 (2080 vertices) [11.7s]
    pair ord(x)=65 ord(ax)=65: True quotient by N(Z63) of order 126 (2080 vertices) [11.8s]
    pair ord(x)=65 ord(ax)=65: True quotient by N(Z63) of order 126 (2080 vertices) [11.9s]
    pair ord(x)=65 ord(ax)=63: True quotient by N(Z63) of order 126 (2080 vertices) [11.9s]
    pair ord(x)=65 ord(ax)=21: True quotient by N(Z63) of order 126 (2080 vertices) [11.8s]
    pair ord(x)=65 ord(ax)=65: True quotient by N(Z63) of order 126 (2080 vertices) [11.8s]
    pair ord(x)=65 ord(ax)=9: True quotient by N(Z63) of order 126 (2080 vertices) [11.8s]
    pair ord(x)=65 ord(ax)=63: True quotient by N(Z63) of order 126 (2080 vertices) [11.8s]
    pair ord(x)=65 ord(ax)=21: True quotient by N(Z63) of order 126 (2080 vertices) [11.7s]
    pair ord(x)=65 ord(ax)=65: True quotient by N(Z63) of order 126 (2080 vertices) [12.1s]
    pair ord(x)=65 ord(ax)=63: True quotient by N(Z63) of order 126 (2080 vertices) [11.9s]
    pair ord(x)=65 ord(ax)=21: True quotient by N(Z63) of order 126 (2080 vertices) [11.8s]
    pair ord(x)=65 ord(ax)=65: True quotient by N(Z63) of order 126 (2080 vertices) [11.8s]
    pair ord(x)=65 ord(ax)=7: True quotient by N(Z63) of order 126 (2080 vertices) [11.8s]
    pair ord(x)=65 ord(ax)=65: True quotient by N(Z63) of order 126 (2080 vertices) [12.0s]
    pair ord(x)=65 ord(ax)=65: True quotient by N(Z63) of order 126 (2080 vertices) [11.8s]
    pair ord(x)=65 ord(ax)=63: True quotient by N(Z63) of order 126 (2080 vertices) [11.8s]
    pair ord(x)=65 ord(ax)=21: True quotient by N(Z63) of order 126 (2080 vertices) [11.9s]
    pair ord(x)=65 ord(ax)=65: True quotient by N(Z63) of order 126 (2080 vertices) [11.8s]
    pair ord(x)=65 ord(ax)=5: True quotient by N(Z63) of order 126 (2080 vertices) [12.0s]
    pair ord(x)=65 ord(ax)=63: True quotient by N(Z63) of order 126 (2080 vertices) [11.8s]
    pair ord(x)=65 ord(ax)=63: True quotient by N(Z63) of order 126 (2080 vertices) [11.8s]
    pair ord(x)=65 ord(ax)=63: True quotient by N(Z63) of order 126 (2080 vertices) [11.8s]
    pair ord(x)=65 ord(ax)=63: True quotient by N(Z63) of order 126 (2080 vertices) [11.8s]
    pair ord(x)=65 ord(ax)=65: True quotient by N(Z63) of order 126 (2080 vertices) [12.0s]
    pair ord(x)=65 ord(ax)=65: True quotient by N(Z63) of order 126 (2080 vertices) [11.9s]
    pair ord(x)=65 ord(ax)=13: True quotient by N(Z63) of order 126 (2080 vertices) [12.0s]
    pair ord(x)=65 ord(ax)=9: True quotient by N(Z63) of order 126 (2080 vertices) [11.8s]
    pair ord(x)=65 ord(ax)=13: True quotient by N(Z63) of order 126 (2080 vertices) [12.0s]
    pair ord(x)=65 ord(ax)=7: True quotient by N(Z63) of order 126 (2080 vertices) [11.7s]
    pair ord(x)=65 ord(ax)=63: True quotient by N(Z63) of order 126 (2080 vertices) [11.7s]
    pair ord(x)=65 ord(ax)=5: True quotient by N(Z63) of order 126 (2080 vertices) [11.8s]
    pair ord(x)=65 ord(ax)=65: True quotient by N(Z63) of order 126 (2080 vertices) [11.7s]
    pair ord(x)=65 ord(ax)=9: True quotient by N(Z63) of order 126 (2080 vertices) [11.6s]
    pair ord(x)=65 ord(ax)=65: True quotient by N(Z63) of order 126 (2080 vertices) [11.8s]
    pair ord(x)=65 ord(ax)=65: True quotient by N(Z63) of order 126 (2080 vertices) [11.7s]
    pair ord(x)=65 ord(ax)=63: True quotient by N(Z63) of order 126 (2080 vertices) [11.6s]
    pair ord(x)=65 ord(ax)=65: True quotient by N(Z63) of order 126 (2080 vertices) [11.8s]
    pair ord(x)=65 ord(ax)=65: True quotient by N(Z63) of order 126 (2080 vertices) [11.6s]
    pair ord(x)=65 ord(ax)=21: True quotient by N(Z63) of order 126 (2080 vertices) [11.7s]
    pair ord(x)=65 ord(ax)=65: True quotient by N(Z63) of order 126 (2080 vertices) [11.8s]
    pair ord(x)=65 ord(ax)=13: True quotient by N(Z63) of order 126 (2080 vertices) [11.8s]
    pair ord(x)=65 ord(ax)=65: True quotient by N(Z63) of order 126 (2080 vertices) [11.8s]
    pair ord(x)=65 ord(ax)=63: True quotient by N(Z63) of order 126 (2080 vertices) [11.6s]
    pair ord(x)=65 ord(ax)=21: True quotient by N(Z63) of order 126 (2080 vertices) [11.6s]
    pair ord(x)=65 ord(ax)=63: True quotient by N(Z63) of order 126 (2080 vertices) [11.6s]
    pair ord(x)=65 ord(ax)=65: True quotient by N(Z63) of order 126 (2080 vertices) [11.9s]
    pair ord(x)=65 ord(ax)=63: True quotient by N(Z63) of order 126 (2080 vertices) [11.7s]
    pair ord(x)=65 ord(ax)=13: True quotient by N(Z63) of order 126 (2080 vertices) [11.7s]
    pair ord(x)=65 ord(ax)=65: True quotient by N(Z63) of order 126 (2080 vertices) [11.7s]
    pair ord(x)=65 ord(ax)=63: True quotient by N(Z63) of order 126 (2080 vertices) [11.7s]
    pair ord(x)=65 ord(ax)=65: True quotient by N(Z63) of order 126 (2080 vertices) [11.7s]
    pair ord(x)=65 ord(ax)=13: True quotient by N(Z63) of order 126 (2080 vertices) [11.7s]
    pair ord(x)=65 ord(ax)=7: True quotient by N(Z63) of order 126 (2080 vertices) [11.7s]
    pair ord(x)=65 ord(ax)=3: True quotient by N(Z63) of order 126 (2080 vertices) [11.6s]
    pair ord(x)=65 ord(ax)=13: True quotient by N(Z63) of order 126 (2080 vertices) [11.6s]
    pair ord(x)=65 ord(ax)=63: True quotient by N(Z63) of order 126 (2080 vertices) [11.6s]
    pair ord(x)=65 ord(ax)=63: True quotient by N(Z63) of order 126 (2080 vertices) [11.7s]
    pair ord(x)=65 ord(ax)=65: True quotient by N(Z63) of order 126 (2080 vertices) [11.7s]
    pair ord(x)=65 ord(ax)=63: True quotient by N(Z63) of order 126 (2080 vertices) [11.6s]
    pair ord(x)=65 ord(ax)=65: True quotient by N(Z63) of order 126 (2080 vertices) [11.7s]
    pair ord(x)=65 ord(ax)=65: True quotient by N(Z63) of order 126 (2080 vertices) [11.6s]
    pair ord(x)=65 ord(ax)=65: True quotient by N(Z63) of order 126 (2080 vertices) [11.7s]
    pair ord(x)=65 ord(ax)=9: True quotient by N(Z63) of order 126 (2080 vertices) [11.5s]
    pair ord(x)=65 ord(ax)=7: True quotient by N(Z63) of order 126 (2080 vertices) [11.7s]
    pair ord(x)=65 ord(ax)=65: True quotient by N(Z63) of order 126 (2080 vertices) [11.6s]
    pair ord(x)=65 ord(ax)=63: True quotient by N(Z63) of order 126 (2080 vertices) [11.5s]
    pair ord(x)=65 ord(ax)=3: True quotient by N(Z63) of order 126 (2080 vertices) [11.6s]
    pair ord(x)=65 ord(ax)=13: True quotient by N(Z63) of order 126 (2080 vertices) [11.5s]
    pair ord(x)=65 ord(ax)=65: True quotient by N(Z63) of order 126 (2080 vertices) [11.6s]
    pair ord(x)=65 ord(ax)=65: True quotient by N(Z63) of order 126 (2080 vertices) [11.7s]
    pair ord(x)=65 ord(ax)=63: True quotient by N(Z63) of order 126 (2080 vertices) [11.6s]
    pair ord(x)=65 ord(ax)=65: True quotient by N(Z63) of order 126 (2080 vertices) [11.7s]
    pair ord(x)=65 ord(ax)=63: True quotient by N(Z63) of order 126 (2080 vertices) [11.6s]
    pair ord(x)=65 ord(ax)=65: True quotient by N(Z63) of order 126 (2080 vertices) [11.9s]
    pair ord(x)=65 ord(ax)=63: True quotient by N(Z63) of order 126 (2080 vertices) [11.6s]
    pair ord(x)=65 ord(ax)=21: True quotient by N(Z63) of order 126 (2080 vertices) [11.8s]
    pair ord(x)=65 ord(ax)=63: True quotient by N(Z63) of order 126 (2080 vertices) [11.6s]
    pair ord(x)=65 ord(ax)=63: True quotient by N(Z63) of order 126 (2080 vertices) [11.6s]
    pair ord(x)=65 ord(ax)=65: True quotient by N(Z63) of order 126 (2080 vertices) [11.9s]
    pair ord(x)=65 ord(ax)=63: True quotient by N(Z63) of order 126 (2080 vertices) [11.7s]
    pair ord(x)=65 ord(ax)=63: True quotient by N(Z63) of order 126 (2080 vertices) [11.7s]
    pair ord(x)=65 ord(ax)=63: True quotient by N(Z63) of order 126 (2080 vertices) [11.6s]
    pair ord(x)=65 ord(ax)=65: True quotient by N(Z63) of order 126 (2080 vertices) [11.6s]
    pair ord(x)=65 ord(ax)=21: True quotient by N(Z63) of order 126 (2080 vertices) [11.5s]
    pair ord(x)=65 ord(ax)=65: True quotient by N(Z63) of order 126 (2080 vertices) [11.5s]
    pair ord(x)=65 ord(ax)=65: True quotient by N(Z63) of order 126 (2080 vertices) [11.8s]
    pair ord(x)=65 ord(ax)=5: True quotient by N(Z63) of order 126 (2080 vertices) [11.9s]
    pair ord(x)=65 ord(ax)=63: True quotient by N(Z63) of order 126 (2080 vertices) [11.6s]
    pair ord(x)=65 ord(ax)=63: True quotient by N(Z63) of order 126 (2080 vertices) [11.6s]
    pair ord(x)=65 ord(ax)=21: True quotient by N(Z63) of order 126 (2080 vertices) [11.6s]
    pair ord(x)=65 ord(ax)=65: True quotient by N(Z63) of order 126 (2080 vertices) [11.9s]
    pair ord(x)=65 ord(ax)=9: True quotient by N(Z63) of order 126 (2080 vertices) [11.5s]
    pair ord(x)=65 ord(ax)=21: True quotient by N(Z63) of order 126 (2080 vertices) [11.7s]
    pair ord(x)=65 ord(ax)=65: True quotient by N(Z63) of order 126 (2080 vertices) [11.5s]
    pair ord(x)=65 ord(ax)=13: True quotient by N(Z63) of order 126 (2080 vertices) [11.5s]
    pair ord(x)=65 ord(ax)=63: True quotient by N(Z63) of order 126 (2080 vertices) [11.5s]
    pair ord(x)=65 ord(ax)=65: True quotient by N(Z63) of order 126 (2080 vertices) [11.8s]
    pair ord(x)=65 ord(ax)=65: True quotient by N(Z63) of order 126 (2080 vertices) [12.0s]
    pair ord(x)=65 ord(ax)=63: True quotient by N(Z63) of order 126 (2080 vertices) [11.7s]
    pair ord(x)=65 ord(ax)=9: True quotient by N(Z63) of order 126 (2080 vertices) [11.7s]
    pair ord(x)=65 ord(ax)=13: True quotient by N(Z63) of order 126 (2080 vertices) [11.6s]
    pair ord(x)=65 ord(ax)=65: True quotient by N(Z63) of order 126 (2080 vertices) [11.7s]
    pair ord(x)=65 ord(ax)=13: True quotient by N(Z63) of order 126 (2080 vertices) [11.8s]
    pair ord(x)=65 ord(ax)=65: True quotient by N(Z63) of order 126 (2080 vertices) [11.7s]
    pair ord(x)=65 ord(ax)=7: True quotient by N(Z63) of order 126 (2080 vertices) [11.6s]
    pair ord(x)=65 ord(ax)=21: True quotient by N(Z63) of order 126 (2080 vertices) [11.6s]
    pair ord(x)=65 ord(ax)=65: True quotient by N(Z63) of order 126 (2080 vertices) [11.7s]
    pair ord(x)=65 ord(ax)=63: True quotient by N(Z63) of order 126 (2080 vertices) [11.6s]
    pair ord(x)=65 ord(ax)=63: True quotient by N(Z63) of order 126 (2080 vertices) [11.4s]
    pair ord(x)=65 ord(ax)=65: True quotient by N(Z63) of order 126 (2080 vertices) [11.6s]
    pair ord(x)=65 ord(ax)=63: True quotient by N(Z63) of order 126 (2080 vertices) [11.7s]
    pair ord(x)=65 ord(ax)=65: True quotient by N(Z63) of order 126 (2080 vertices) [11.6s]
    pair ord(x)=65 ord(ax)=63: True quotient by N(Z63) of order 126 (2080 vertices) [11.7s]
    pair ord(x)=65 ord(ax)=65: True quotient by N(Z63) of order 126 (2080 vertices) [12.0s]
    pair ord(x)=65 ord(ax)=5: True quotient by N(Z63) of order 126 (2080 vertices) [11.6s]
    pair ord(x)=65 ord(ax)=21: True quotient by N(Z63) of order 126 (2080 vertices) [11.7s]
    pair ord(x)=65 ord(ax)=13: True quotient by N(Z63) of order 126 (2080 vertices) [12.0s]
    pair ord(x)=65 ord(ax)=65: True quotient by N(Z63) of order 126 (2080 vertices) [11.8s]
    pair ord(x)=65 ord(ax)=65: True quotient by N(Z63) of order 126 (2080 vertices) [11.8s]
    pair ord(x)=65 ord(ax)=63: True quotient by N(Z63) of order 126 (2080 vertices) [11.6s]
    pair ord(x)=65 ord(ax)=13: True quotient by N(Z63) of order 126 (2080 vertices) [11.8s]
    pair ord(x)=65 ord(ax)=7: True quotient by N(Z63) of order 126 (2080 vertices) [11.6s]
    pair ord(x)=65 ord(ax)=65: True quotient by N(Z63) of order 126 (2080 vertices) [11.7s]
    pair ord(x)=65 ord(ax)=63: True quotient by N(Z63) of order 126 (2080 vertices) [11.7s]
    pair ord(x)=65 ord(ax)=65: True quotient by N(Z63) of order 126 (2080 vertices) [11.7s]
    pair ord(x)=65 ord(ax)=65: True quotient by N(Z63) of order 126 (2080 vertices) [12.0s]
    pair ord(x)=65 ord(ax)=63: True quotient by N(Z63) of order 126 (2080 vertices) [11.7s]
    pair ord(x)=65 ord(ax)=63: True quotient by N(Z63) of order 126 (2080 vertices) [11.7s]
    pair ord(x)=65 ord(ax)=65: True quotient by N(Z63) of order 126 (2080 vertices) [11.9s]
    pair ord(x)=65 ord(ax)=63: True quotient by N(Z63) of order 126 (2080 vertices) [11.7s]
    pair ord(x)=65 ord(ax)=21: True quotient by N(Z63) of order 126 (2080 vertices) [11.6s]
    pair ord(x)=65 ord(ax)=65: True quotient by N(Z63) of order 126 (2080 vertices) [11.7s]
    pair ord(x)=65 ord(ax)=21: True quotient by N(Z63) of order 126 (2080 vertices) [11.7s]
    pair ord(x)=65 ord(ax)=65: True quotient by N(Z63) of order 126 (2080 vertices) [11.9s]
    pair ord(x)=65 ord(ax)=63: True quotient by N(Z63) of order 126 (2080 vertices) [11.8s]
    pair ord(x)=65 ord(ax)=21: True quotient by N(Z63) of order 126 (2080 vertices) [11.7s]
    pair ord(x)=65 ord(ax)=5: True quotient by N(Z63) of order 126 (2080 vertices) [11.7s]
    pair ord(x)=65 ord(ax)=63: True quotient by N(Z63) of order 126 (2080 vertices) [11.5s]
    pair ord(x)=65 ord(ax)=63: True quotient by N(Z63) of order 126 (2080 vertices) [11.6s]
    pair ord(x)=65 ord(ax)=21: True quotient by N(Z63) of order 126 (2080 vertices) [11.5s]
    pair ord(x)=65 ord(ax)=65: True quotient by N(Z63) of order 126 (2080 vertices) [11.8s]
    pair ord(x)=65 ord(ax)=13: True quotient by N(Z63) of order 126 (2080 vertices) [11.7s]
    pair ord(x)=65 ord(ax)=63: True quotient by N(Z63) of order 126 (2080 vertices) [11.7s]
    pair ord(x)=65 ord(ax)=65: True quotient by N(Z63) of order 126 (2080 vertices) [12.1s]
    pair ord(x)=65 ord(ax)=63: True quotient by N(Z63) of order 126 (2080 vertices) [11.7s]
    pair ord(x)=65 ord(ax)=9: True quotient by N(Z63) of order 126 (2080 vertices) [11.7s]
    pair ord(x)=65 ord(ax)=9: True quotient by N(Z63) of order 126 (2080 vertices) [11.7s]
    pair ord(x)=65 ord(ax)=65: True quotient by N(Z63) of order 126 (2080 vertices) [11.9s]
    pair ord(x)=65 ord(ax)=65: True quotient by N(Z63) of order 126 (2080 vertices) [11.7s]
    pair ord(x)=65 ord(ax)=65: True quotient by N(Z63) of order 126 (2080 vertices) [11.8s]
    pair ord(x)=65 ord(ax)=63: True quotient by N(Z63) of order 126 (2080 vertices) [11.7s]
    pair ord(x)=65 ord(ax)=7: True quotient by N(Z63) of order 126 (2080 vertices) [11.7s]
    pair ord(x)=65 ord(ax)=63: True quotient by N(Z63) of order 126 (2080 vertices) [11.6s]
    pair ord(x)=65 ord(ax)=65: True quotient by N(Z63) of order 126 (2080 vertices) [11.8s]
    pair ord(x)=65 ord(ax)=65: True quotient by N(Z63) of order 126 (2080 vertices) [11.6s]
    pair ord(x)=65 ord(ax)=13: True quotient by N(Z63) of order 126 (2080 vertices) [11.8s]
    pair ord(x)=65 ord(ax)=65: True quotient by N(Z63) of order 126 (2080 vertices) [11.8s]
    pair ord(x)=65 ord(ax)=65: True quotient by N(Z63) of order 126 (2080 vertices) [11.8s]
    pair ord(x)=65 ord(ax)=63: True quotient by N(Z63) of order 126 (2080 vertices) [11.5s]
    pair ord(x)=65 ord(ax)=65: True quotient by N(Z63) of order 126 (2080 vertices) [11.6s]
    pair ord(x)=65 ord(ax)=13: True quotient by N(Z63) of order 126 (2080 vertices) [11.7s]
    pair ord(x)=65 ord(ax)=63: True quotient by N(Z63) of order 126 (2080 vertices) [11.7s]
    pair ord(x)=65 ord(ax)=13: True quotient by N(Z63) of order 126 (2080 vertices) [11.8s]
    pair ord(x)=65 ord(ax)=65: True quotient by N(Z63) of order 126 (2080 vertices) [11.6s]
    pair ord(x)=65 ord(ax)=3: True quotient by N(Z63) of order 126 (2080 vertices) [12.0s]
    pair ord(x)=65 ord(ax)=65: True quotient by N(Z63) of order 126 (2080 vertices) [11.6s]
    pair ord(x)=65 ord(ax)=13: True quotient by N(Z63) of order 126 (2080 vertices) [11.7s]
    pair ord(x)=65 ord(ax)=63: True quotient by N(Z63) of order 126 (2080 vertices) [11.6s]
    pair ord(x)=65 ord(ax)=63: True quotient by N(Z63) of order 126 (2080 vertices) [11.6s]
    pair ord(x)=65 ord(ax)=5: True quotient by N(Z63) of order 126 (2080 vertices) [11.9s]
    pair ord(x)=65 ord(ax)=65: True quotient by N(Z63) of order 126 (2080 vertices) [11.5s]
    pair ord(x)=65 ord(ax)=9: True quotient by N(Z63) of order 126 (2080 vertices) [11.6s]
    pair ord(x)=65 ord(ax)=65: True quotient by N(Z63) of order 126 (2080 vertices) [11.8s]
    pair ord(x)=65 ord(ax)=63: True quotient by N(Z63) of order 126 (2080 vertices) [11.7s]
    pair ord(x)=65 ord(ax)=65: True quotient by N(Z63) of order 126 (2080 vertices) [11.6s]
    pair ord(x)=65 ord(ax)=65: True quotient by N(Z63) of order 126 (2080 vertices) [11.8s]
    pair ord(x)=65 ord(ax)=63: True quotient by N(Z63) of order 126 (2080 vertices) [11.6s]
    pair ord(x)=65 ord(ax)=63: True quotient by N(Z63) of order 126 (2080 vertices) [11.7s]
    pair ord(x)=65 ord(ax)=21: True quotient by N(Z63) of order 126 (2080 vertices) [11.5s]
    pair ord(x)=65 ord(ax)=7: True quotient by N(Z63) of order 126 (2080 vertices) [11.7s]
    pair ord(x)=65 ord(ax)=13: True quotient by N(Z63) of order 126 (2080 vertices) [11.6s]
    pair ord(x)=65 ord(ax)=7: True quotient by N(Z63) of order 126 (2080 vertices) [11.7s]
    pair ord(x)=65 ord(ax)=21: True quotient by N(Z63) of order 126 (2080 vertices) [11.6s]
    pair ord(x)=65 ord(ax)=65: True quotient by N(Z63) of order 126 (2080 vertices) [11.8s]
    pair ord(x)=65 ord(ax)=63: True quotient by N(Z63) of order 126 (2080 vertices) [11.6s]
    pair ord(x)=65 ord(ax)=63: True quotient by N(Z63) of order 126 (2080 vertices) [11.6s]
    pair ord(x)=65 ord(ax)=5: True quotient by N(Z63) of order 126 (2080 vertices) [11.6s]
    pair ord(x)=65 ord(ax)=63: True quotient by N(Z63) of order 126 (2080 vertices) [11.7s]
    pair ord(x)=65 ord(ax)=13: True quotient by N(Z63) of order 126 (2080 vertices) [11.7s]
    pair ord(x)=65 ord(ax)=65: True quotient by N(Z63) of order 126 (2080 vertices) [11.7s]
    pair ord(x)=65 ord(ax)=65: True quotient by N(Z63) of order 126 (2080 vertices) [11.7s]
    pair ord(x)=65 ord(ax)=13: True quotient by N(Z63) of order 126 (2080 vertices) [11.6s]
    pair ord(x)=65 ord(ax)=21: True quotient by N(Z63) of order 126 (2080 vertices) [11.5s]
    pair ord(x)=65 ord(ax)=65: True quotient by N(Z63) of order 126 (2080 vertices) [11.7s]
    pair ord(x)=65 ord(ax)=63: True quotient by N(Z63) of order 126 (2080 vertices) [11.6s]
    pair ord(x)=65 ord(ax)=63: True quotient by N(Z63) of order 126 (2080 vertices) [11.7s]
    pair ord(x)=65 ord(ax)=65: True quotient by N(Z63) of order 126 (2080 vertices) [11.6s]
    pair ord(x)=65 ord(ax)=63: True quotient by N(Z63) of order 126 (2080 vertices) [11.6s]
    pair ord(x)=65 ord(ax)=65: True quotient by N(Z63) of order 126 (2080 vertices) [11.7s]
    pair ord(x)=65 ord(ax)=63: True quotient by N(Z63) of order 126 (2080 vertices) [11.6s]
    pair ord(x)=65 ord(ax)=21: True quotient by N(Z63) of order 126 (2080 vertices) [11.6s]
    pair ord(x)=65 ord(ax)=21: True quotient by N(Z63) of order 126 (2080 vertices) [11.6s]
    pair ord(x)=65 ord(ax)=21: True quotient by N(Z63) of order 126 (2080 vertices) [11.6s]
    pair ord(x)=65 ord(ax)=65: True quotient by N(Z63) of order 126 (2080 vertices) [11.5s]
    pair ord(x)=65 ord(ax)=21: True quotient by N(Z63) of order 126 (2080 vertices) [11.6s]
    pair ord(x)=65 ord(ax)=65: True quotient by N(Z63) of order 126 (2080 vertices) [11.8s]
    pair ord(x)=65 ord(ax)=63: True quotient by N(Z63) of order 126 (2080 vertices) [11.8s]
    pair ord(x)=65 ord(ax)=65: True quotient by N(Z63) of order 126 (2080 vertices) [11.9s]
    pair ord(x)=65 ord(ax)=7: True quotient by N(Z63) of order 126 (2080 vertices) [11.6s]
    pair ord(x)=65 ord(ax)=13: True quotient by N(Z63) of order 126 (2080 vertices) [11.7s]
    pair ord(x)=65 ord(ax)=7: True quotient by N(Z63) of order 126 (2080 vertices) [11.6s]
    pair ord(x)=65 ord(ax)=63: True quotient by N(Z63) of order 126 (2080 vertices) [11.7s]
    pair ord(x)=65 ord(ax)=63: True quotient by N(Z63) of order 126 (2080 vertices) [11.7s]
    pair ord(x)=65 ord(ax)=65: True quotient by N(Z63) of order 126 (2080 vertices) [11.8s]
    pair ord(x)=65 ord(ax)=63: True quotient by N(Z63) of order 126 (2080 vertices) [11.7s]
    pair ord(x)=65 ord(ax)=13: True quotient by N(Z63) of order 126 (2080 vertices) [12.0s]
    pair ord(x)=65 ord(ax)=65: True quotient by N(Z63) of order 126 (2080 vertices) [12.0s]
    pair ord(x)=65 ord(ax)=65: True quotient by N(Z63) of order 126 (2080 vertices) [11.9s]
    pair ord(x)=65 ord(ax)=13: True quotient by N(Z63) of order 126 (2080 vertices) [11.9s]
    pair ord(x)=65 ord(ax)=3: True quotient by N(Z63) of order 126 (2080 vertices) [11.8s]
    pair ord(x)=65 ord(ax)=63: True quotient by N(Z63) of order 126 (2080 vertices) [11.8s]
    pair ord(x)=65 ord(ax)=65: True quotient by N(Z63) of order 126 (2080 vertices) [11.9s]
    pair ord(x)=65 ord(ax)=63: True quotient by N(Z63) of order 126 (2080 vertices) [11.8s]
    pair ord(x)=65 ord(ax)=63: True quotient by N(Z63) of order 126 (2080 vertices) [11.7s]
    pair ord(x)=65 ord(ax)=65: True quotient by N(Z63) of order 126 (2080 vertices) [11.9s]
    pair ord(x)=65 ord(ax)=5: True quotient by N(Z63) of order 126 (2080 vertices) [12.0s]
    pair ord(x)=65 ord(ax)=63: True quotient by N(Z63) of order 126 (2080 vertices) [11.7s]
    pair ord(x)=65 ord(ax)=65: True quotient by N(Z63) of order 126 (2080 vertices) [11.8s]
    pair ord(x)=65 ord(ax)=65: True quotient by N(Z63) of order 126 (2080 vertices) [11.8s]
    pair ord(x)=65 ord(ax)=65: True quotient by N(Z63) of order 126 (2080 vertices) [11.8s]
    pair ord(x)=65 ord(ax)=65: True quotient by N(Z63) of order 126 (2080 vertices) [11.7s]
    pair ord(x)=65 ord(ax)=63: True quotient by N(Z63) of order 126 (2080 vertices) [11.7s]
    pair ord(x)=65 ord(ax)=63: True quotient by N(Z63) of order 126 (2080 vertices) [11.8s]
    pair ord(x)=65 ord(ax)=65: True quotient by N(Z63) of order 126 (2080 vertices) [11.9s]
    pair ord(x)=65 ord(ax)=9: True quotient by N(Z63) of order 126 (2080 vertices) [11.8s]
    pair ord(x)=65 ord(ax)=65: True quotient by N(Z63) of order 126 (2080 vertices) [11.9s]
    pair ord(x)=65 ord(ax)=9: True quotient by N(Z63) of order 126 (2080 vertices) [11.8s]
    pair ord(x)=65 ord(ax)=63: True quotient by N(Z63) of order 126 (2080 vertices) [11.7s]
    pair ord(x)=65 ord(ax)=13: True quotient by N(Z63) of order 126 (2080 vertices) [12.0s]
    pair ord(x)=65 ord(ax)=65: True quotient by N(Z63) of order 126 (2080 vertices) [11.8s]
    pair ord(x)=9 ord(ax)=63: True quotient by N(Z65) of order 130 (2016 vertices) [7.0s]
    pair ord(x)=9 ord(ax)=13: True quotient by N(Z65) of order 130 (2016 vertices) [7.1s]
    pair ord(x)=65 ord(ax)=65: True quotient by N(Z63) of order 126 (2080 vertices) [11.9s]
    pair ord(x)=9 ord(ax)=65: True quotient by N(Z65) of order 130 (2016 vertices) [7.1s]
    pair ord(x)=65 ord(ax)=65: True quotient by N(Z63) of order 126 (2080 vertices) [12.0s]
    pair ord(x)=65 ord(ax)=21: True quotient by N(Z63) of order 126 (2080 vertices) [11.9s]
    pair ord(x)=65 ord(ax)=9: True quotient by N(Z63) of order 126 (2080 vertices) [12.0s]
    pair ord(x)=9 ord(ax)=65: True quotient by N(Z65) of order 130 (2016 vertices) [7.2s]
    pair ord(x)=9 ord(ax)=65: True quotient by N(Z65) of order 130 (2016 vertices) [7.1s]
    pair ord(x)=65 ord(ax)=7: True quotient by N(Z63) of order 126 (2080 vertices) [11.8s]
    pair ord(x)=65 ord(ax)=65: True quotient by N(Z63) of order 126 (2080 vertices) [12.0s]
    pair ord(x)=9 ord(ax)=63: True quotient by N(Z65) of order 130 (2016 vertices) [7.5s]
    pair ord(x)=9 ord(ax)=63: True quotient by N(Z65) of order 130 (2016 vertices) [7.5s]
    pair ord(x)=9 ord(ax)=65: True quotient by N(Z65) of order 130 (2016 vertices) [7.6s]
    pair ord(x)=9 ord(ax)=65: True quotient by N(Z65) of order 130 (2016 vertices) [7.8s]
    pair ord(x)=9 ord(ax)=65: True quotient by N(Z65) of order 130 (2016 vertices) [7.7s]
    pair ord(x)=9 ord(ax)=65: True quotient by N(Z65) of order 130 (2016 vertices) [7.8s]
    pair ord(x)=9 ord(ax)=65: True quotient by N(Z65) of order 130 (2016 vertices) [7.8s]
    pair ord(x)=9 ord(ax)=65: True quotient by N(Z65) of order 130 (2016 vertices) [7.8s]
    pair ord(x)=9 ord(ax)=65: True quotient by N(Z65) of order 130 (2016 vertices) [8.7s]
    pair ord(x)=9 ord(ax)=65: True quotient by N(Z65) of order 130 (2016 vertices) [7.7s]
    pair ord(x)=9 ord(ax)=65: True quotient by N(Z65) of order 130 (2016 vertices) [7.8s]
    pair ord(x)=9 ord(ax)=5: True quotient by N(Z65) of order 130 (2016 vertices) [7.6s]
    pair ord(x)=9 ord(ax)=65: True quotient by N(Z65) of order 130 (2016 vertices) [7.7s]
    pair ord(x)=9 ord(ax)=63: True quotient by N(Z65) of order 130 (2016 vertices) [7.3s]
    pair ord(x)=9 ord(ax)=63: True quotient by N(Z65) of order 130 (2016 vertices) [7.3s]
    pair ord(x)=9 ord(ax)=21: True quotient by N(Z65) of order 130 (2016 vertices) [8.6s]
    pair ord(x)=9 ord(ax)=21: True quotient by N(Z65) of order 130 (2016 vertices) [7.4s]
    pair ord(x)=9 ord(ax)=63: True quotient by N(Z65) of order 130 (2016 vertices) [7.3s]
    pair ord(x)=9 ord(ax)=63: True quotient by N(Z65) of order 130 (2016 vertices) [7.3s]
    pair ord(x)=9 ord(ax)=13: True quotient by N(Z65) of order 130 (2016 vertices) [7.3s]
    pair ord(x)=9 ord(ax)=63: True quotient by N(Z65) of order 130 (2016 vertices) [7.3s]
    pair ord(x)=9 ord(ax)=65: True quotient by N(Z65) of order 130 (2016 vertices) [9.0s]
    pair ord(x)=9 ord(ax)=65: True quotient by N(Z65) of order 130 (2016 vertices) [7.1s]
    pair ord(x)=9 ord(ax)=65: True quotient by N(Z65) of order 130 (2016 vertices) [7.1s]
    pair ord(x)=9 ord(ax)=21: True quotient by N(Z65) of order 130 (2016 vertices) [7.1s]
    pair ord(x)=9 ord(ax)=63: True quotient by N(Z65) of order 130 (2016 vertices) [7.1s]
    pair ord(x)=9 ord(ax)=21: True quotient by N(Z65) of order 130 (2016 vertices) [7.0s]
    pair ord(x)=9 ord(ax)=65: True quotient by N(Z65) of order 130 (2016 vertices) [7.1s]
    pair ord(x)=9 ord(ax)=5: True quotient by N(Z65) of order 130 (2016 vertices) [7.0s]
    pair ord(x)=9 ord(ax)=13: True quotient by N(Z65) of order 130 (2016 vertices) [7.1s]
    pair ord(x)=9 ord(ax)=63: True quotient by N(Z65) of order 130 (2016 vertices) [7.1s]
    pair ord(x)=9 ord(ax)=63: True quotient by N(Z65) of order 130 (2016 vertices) [7.1s]
    pair ord(x)=9 ord(ax)=65: True quotient by N(Z65) of order 130 (2016 vertices) [7.0s]
    pair ord(x)=9 ord(ax)=63: True quotient by N(Z65) of order 130 (2016 vertices) [6.9s]
    pair ord(x)=9 ord(ax)=65: True quotient by N(Z65) of order 130 (2016 vertices) [7.1s]
    pair ord(x)=9 ord(ax)=63: True quotient by N(Z65) of order 130 (2016 vertices) [7.0s]
    pair ord(x)=9 ord(ax)=13: True quotient by N(Z65) of order 130 (2016 vertices) [7.1s]
    pair ord(x)=9 ord(ax)=65: True quotient by N(Z65) of order 130 (2016 vertices) [7.0s]
    pair ord(x)=9 ord(ax)=13: True quotient by N(Z65) of order 130 (2016 vertices) [7.1s]
    pair ord(x)=9 ord(ax)=21: True quotient by N(Z65) of order 130 (2016 vertices) [7.1s]
    pair ord(x)=9 ord(ax)=13: True quotient by N(Z65) of order 130 (2016 vertices) [7.0s]
    pair ord(x)=9 ord(ax)=63: True quotient by N(Z65) of order 130 (2016 vertices) [7.0s]
    pair ord(x)=9 ord(ax)=65: True quotient by N(Z65) of order 130 (2016 vertices) [7.0s]
    pair ord(x)=9 ord(ax)=65: True quotient by N(Z65) of order 130 (2016 vertices) [7.1s]
    pair ord(x)=9 ord(ax)=63: True quotient by N(Z65) of order 130 (2016 vertices) [7.2s]
    pair ord(x)=9 ord(ax)=21: True quotient by N(Z65) of order 130 (2016 vertices) [7.1s]
    pair ord(x)=9 ord(ax)=65: True quotient by N(Z65) of order 130 (2016 vertices) [7.0s]
    pair ord(x)=9 ord(ax)=63: True quotient by N(Z65) of order 130 (2016 vertices) [7.1s]
    pair ord(x)=9 ord(ax)=65: True quotient by N(Z65) of order 130 (2016 vertices) [7.1s]
    pair ord(x)=9 ord(ax)=63: True quotient by N(Z65) of order 130 (2016 vertices) [7.1s]
    pair ord(x)=9 ord(ax)=63: True quotient by N(Z65) of order 130 (2016 vertices) [7.0s]
    pair ord(x)=21 ord(ax)=21: True quotient by N(Z65) of order 130 (2016 vertices) [7.0s]
    pair ord(x)=21 ord(ax)=7: True quotient by N(Z65) of order 130 (2016 vertices) [7.0s]
    pair ord(x)=21 ord(ax)=65: True quotient by N(Z65) of order 130 (2016 vertices) [6.9s]
    pair ord(x)=21 ord(ax)=65: True quotient by N(Z65) of order 130 (2016 vertices) [6.9s]
    pair ord(x)=21 ord(ax)=9: True quotient by N(Z65) of order 130 (2016 vertices) [6.9s]
    pair ord(x)=21 ord(ax)=63: True quotient by N(Z65) of order 130 (2016 vertices) [7.0s]
    pair ord(x)=21 ord(ax)=63: True quotient by N(Z65) of order 130 (2016 vertices) [7.0s]
    pair ord(x)=21 ord(ax)=63: True quotient by N(Z65) of order 130 (2016 vertices) [7.0s]
    pair ord(x)=21 ord(ax)=65: True quotient by N(Z65) of order 130 (2016 vertices) [7.0s]
    pair ord(x)=21 ord(ax)=13: True quotient by N(Z65) of order 130 (2016 vertices) [7.0s]
    pair ord(x)=21 ord(ax)=5: True quotient by N(Z65) of order 130 (2016 vertices) [7.0s]
    pair ord(x)=21 ord(ax)=7: True quotient by N(Z65) of order 130 (2016 vertices) [7.0s]
    pair ord(x)=21 ord(ax)=65: True quotient by N(Z65) of order 130 (2016 vertices) [7.1s]
    pair ord(x)=21 ord(ax)=9: True quotient by N(Z65) of order 130 (2016 vertices) [7.0s]
    pair ord(x)=21 ord(ax)=63: True quotient by N(Z65) of order 130 (2016 vertices) [7.0s]
    pair ord(x)=21 ord(ax)=63: True quotient by N(Z65) of order 130 (2016 vertices) [6.9s]
    pair ord(x)=21 ord(ax)=63: True quotient by N(Z65) of order 130 (2016 vertices) [6.9s]
    pair ord(x)=21 ord(ax)=5: True quotient by N(Z65) of order 130 (2016 vertices) [6.9s]
    pair ord(x)=21 ord(ax)=65: True quotient by N(Z65) of order 130 (2016 vertices) [6.9s]
    pair ord(x)=21 ord(ax)=63: True quotient by N(Z65) of order 130 (2016 vertices) [6.8s]
    pair ord(x)=21 ord(ax)=65: True quotient by N(Z65) of order 130 (2016 vertices) [6.9s]
    pair ord(x)=21 ord(ax)=65: True quotient by N(Z65) of order 130 (2016 vertices) [6.9s]
    pair ord(x)=21 ord(ax)=21: True quotient by N(Z65) of order 130 (2016 vertices) [6.9s]
    pair ord(x)=21 ord(ax)=65: True quotient by N(Z65) of order 130 (2016 vertices) [6.9s]
    pair ord(x)=21 ord(ax)=63: True quotient by N(Z65) of order 130 (2016 vertices) [6.8s]
    pair ord(x)=21 ord(ax)=13: True quotient by N(Z65) of order 130 (2016 vertices) [6.9s]
    pair ord(x)=21 ord(ax)=63: True quotient by N(Z65) of order 130 (2016 vertices) [7.0s]
    pair ord(x)=21 ord(ax)=21: True quotient by N(Z65) of order 130 (2016 vertices) [7.0s]
    pair ord(x)=21 ord(ax)=3: True quotient by N(Z65) of order 130 (2016 vertices) [7.0s]
    pair ord(x)=21 ord(ax)=65: True quotient by N(Z65) of order 130 (2016 vertices) [7.1s]
    pair ord(x)=21 ord(ax)=65: True quotient by N(Z65) of order 130 (2016 vertices) [7.1s]
    pair ord(x)=21 ord(ax)=63: True quotient by N(Z65) of order 130 (2016 vertices) [7.1s]
    pair ord(x)=21 ord(ax)=65: True quotient by N(Z65) of order 130 (2016 vertices) [7.1s]
    pair ord(x)=21 ord(ax)=63: True quotient by N(Z65) of order 130 (2016 vertices) [7.1s]
    pair ord(x)=21 ord(ax)=65: True quotient by N(Z65) of order 130 (2016 vertices) [7.1s]
    pair ord(x)=21 ord(ax)=63: True quotient by N(Z65) of order 130 (2016 vertices) [7.1s]
    pair ord(x)=21 ord(ax)=65: True quotient by N(Z65) of order 130 (2016 vertices) [7.1s]
    pair ord(x)=21 ord(ax)=7: True quotient by N(Z65) of order 130 (2016 vertices) [6.9s]
    pair ord(x)=21 ord(ax)=65: True quotient by N(Z65) of order 130 (2016 vertices) [6.8s]
    pair ord(x)=21 ord(ax)=65: True quotient by N(Z65) of order 130 (2016 vertices) [6.9s]
    pair ord(x)=21 ord(ax)=13: True quotient by N(Z65) of order 130 (2016 vertices) [6.9s]
    pair ord(x)=21 ord(ax)=65: True quotient by N(Z65) of order 130 (2016 vertices) [6.9s]
    pair ord(x)=21 ord(ax)=65: True quotient by N(Z65) of order 130 (2016 vertices) [6.9s]
    pair ord(x)=21 ord(ax)=65: True quotient by N(Z65) of order 130 (2016 vertices) [6.9s]
    pair ord(x)=21 ord(ax)=13: True quotient by N(Z65) of order 130 (2016 vertices) [6.9s]
    pair ord(x)=21 ord(ax)=65: True quotient by N(Z65) of order 130 (2016 vertices) [6.9s]
    pair ord(x)=21 ord(ax)=63: True quotient by N(Z65) of order 130 (2016 vertices) [6.9s]
    pair ord(x)=21 ord(ax)=63: True quotient by N(Z65) of order 130 (2016 vertices) [6.9s]
    pair ord(x)=21 ord(ax)=65: True quotient by N(Z65) of order 130 (2016 vertices) [7.0s]
    pair ord(x)=21 ord(ax)=65: True quotient by N(Z65) of order 130 (2016 vertices) [7.0s]
    pair ord(x)=21 ord(ax)=21: True quotient by N(Z65) of order 130 (2016 vertices) [7.0s]
    pair ord(x)=21 ord(ax)=63: True quotient by N(Z65) of order 130 (2016 vertices) [6.9s]
    pair ord(x)=21 ord(ax)=21: True quotient by N(Z65) of order 130 (2016 vertices) [6.9s]
    pair ord(x)=21 ord(ax)=13: True quotient by N(Z65) of order 130 (2016 vertices) [6.9s]
    pair ord(x)=21 ord(ax)=65: True quotient by N(Z65) of order 130 (2016 vertices) [6.9s]
    pair ord(x)=21 ord(ax)=65: True quotient by N(Z65) of order 130 (2016 vertices) [6.9s]
    pair ord(x)=21 ord(ax)=63: True quotient by N(Z65) of order 130 (2016 vertices) [6.9s]
    pair ord(x)=21 ord(ax)=63: True quotient by N(Z65) of order 130 (2016 vertices) [6.9s]
    pair ord(x)=21 ord(ax)=65: True quotient by N(Z65) of order 130 (2016 vertices) [6.9s]
    pair ord(x)=21 ord(ax)=9: True quotient by N(Z65) of order 130 (2016 vertices) [6.9s]
    pair ord(x)=21 ord(ax)=13: True quotient by N(Z65) of order 130 (2016 vertices) [6.9s]
    pair ord(x)=21 ord(ax)=63: True quotient by N(Z65) of order 130 (2016 vertices) [7.0s]
    pair ord(x)=65 ord(ax)=21: True quotient by N(Z63) of order 126 (2080 vertices) [11.6s]
    pair ord(x)=65 ord(ax)=63: True quotient by N(Z63) of order 126 (2080 vertices) [11.7s]
    pair ord(x)=65 ord(ax)=63: True quotient by N(Z63) of order 126 (2080 vertices) [11.7s]
    pair ord(x)=65 ord(ax)=13: True quotient by N(Z63) of order 126 (2080 vertices) [11.7s]
    pair ord(x)=65 ord(ax)=13: True quotient by N(Z63) of order 126 (2080 vertices) [11.9s]
    pair ord(x)=65 ord(ax)=63: True quotient by N(Z63) of order 126 (2080 vertices) [11.6s]
    pair ord(x)=65 ord(ax)=65: True quotient by N(Z63) of order 126 (2080 vertices) [12.1s]
    pair ord(x)=65 ord(ax)=63: True quotient by N(Z63) of order 126 (2080 vertices) [11.8s]
    pair ord(x)=65 ord(ax)=65: True quotient by N(Z63) of order 126 (2080 vertices) [11.7s]
    pair ord(x)=65 ord(ax)=65: True quotient by N(Z63) of order 126 (2080 vertices) [11.9s]
    pair ord(x)=65 ord(ax)=5: True quotient by N(Z63) of order 126 (2080 vertices) [11.5s]
    pair ord(x)=65 ord(ax)=65: True quotient by N(Z63) of order 126 (2080 vertices) [11.7s]
    pair ord(x)=65 ord(ax)=63: True quotient by N(Z63) of order 126 (2080 vertices) [11.6s]
    pair ord(x)=65 ord(ax)=63: True quotient by N(Z63) of order 126 (2080 vertices) [11.5s]
    pair ord(x)=65 ord(ax)=65: True quotient by N(Z63) of order 126 (2080 vertices) [11.7s]
    pair ord(x)=65 ord(ax)=7: True quotient by N(Z63) of order 126 (2080 vertices) [11.8s]
    pair ord(x)=65 ord(ax)=65: True quotient by N(Z63) of order 126 (2080 vertices) [11.7s]
    pair ord(x)=65 ord(ax)=21: True quotient by N(Z63) of order 126 (2080 vertices) [11.6s]
    pair ord(x)=65 ord(ax)=65: True quotient by N(Z63) of order 126 (2080 vertices) [11.7s]
    pair ord(x)=65 ord(ax)=65: True quotient by N(Z63) of order 126 (2080 vertices) [11.6s]
    pair ord(x)=65 ord(ax)=65: True quotient by N(Z63) of order 126 (2080 vertices) [11.6s]
    pair ord(x)=65 ord(ax)=63: True quotient by N(Z63) of order 126 (2080 vertices) [11.6s]
    pair ord(x)=65 ord(ax)=65: True quotient by N(Z63) of order 126 (2080 vertices) [11.6s]
    pair ord(x)=65 ord(ax)=65: True quotient by N(Z63) of order 126 (2080 vertices) [11.7s]
    pair ord(x)=65 ord(ax)=63: True quotient by N(Z63) of order 126 (2080 vertices) [11.7s]
    pair ord(x)=65 ord(ax)=63: True quotient by N(Z63) of order 126 (2080 vertices) [11.7s]
    pair ord(x)=65 ord(ax)=21: True quotient by N(Z63) of order 126 (2080 vertices) [11.7s]
    pair ord(x)=65 ord(ax)=65: True quotient by N(Z63) of order 126 (2080 vertices) [11.8s]
    pair ord(x)=65 ord(ax)=9: True quotient by N(Z63) of order 126 (2080 vertices) [11.7s]
    pair ord(x)=65 ord(ax)=65: True quotient by N(Z63) of order 126 (2080 vertices) [11.8s]
    pair ord(x)=65 ord(ax)=63: True quotient by N(Z63) of order 126 (2080 vertices) [11.6s]
    pair ord(x)=65 ord(ax)=7: True quotient by N(Z63) of order 126 (2080 vertices) [11.7s]
    pair ord(x)=65 ord(ax)=63: True quotient by N(Z63) of order 126 (2080 vertices) [11.6s]
    pair ord(x)=65 ord(ax)=65: True quotient by N(Z63) of order 126 (2080 vertices) [11.6s]
    pair ord(x)=65 ord(ax)=65: True quotient by N(Z63) of order 126 (2080 vertices) [11.6s]
    pair ord(x)=65 ord(ax)=63: True quotient by N(Z63) of order 126 (2080 vertices) [11.7s]
    pair ord(x)=65 ord(ax)=65: True quotient by N(Z63) of order 126 (2080 vertices) [11.6s]
    pair ord(x)=65 ord(ax)=65: True quotient by N(Z63) of order 126 (2080 vertices) [11.5s]
    pair ord(x)=65 ord(ax)=65: True quotient by N(Z63) of order 126 (2080 vertices) [11.6s]
    pair ord(x)=65 ord(ax)=63: True quotient by N(Z63) of order 126 (2080 vertices) [11.6s]
    pair ord(x)=65 ord(ax)=13: True quotient by N(Z63) of order 126 (2080 vertices) [11.6s]
    pair ord(x)=65 ord(ax)=65: True quotient by N(Z63) of order 126 (2080 vertices) [11.7s]
    pair ord(x)=65 ord(ax)=65: True quotient by N(Z63) of order 126 (2080 vertices) [11.8s]
    pair ord(x)=65 ord(ax)=65: True quotient by N(Z63) of order 126 (2080 vertices) [11.7s]
    pair ord(x)=65 ord(ax)=63: True quotient by N(Z63) of order 126 (2080 vertices) [11.6s]
    pair ord(x)=65 ord(ax)=63: True quotient by N(Z63) of order 126 (2080 vertices) [11.5s]
    pair ord(x)=65 ord(ax)=13: True quotient by N(Z63) of order 126 (2080 vertices) [11.8s]
    pair ord(x)=65 ord(ax)=65: True quotient by N(Z63) of order 126 (2080 vertices) [11.7s]
    pair ord(x)=65 ord(ax)=5: True quotient by N(Z63) of order 126 (2080 vertices) [11.8s]
    pair ord(x)=65 ord(ax)=21: True quotient by N(Z63) of order 126 (2080 vertices) [11.7s]
    pair ord(x)=65 ord(ax)=21: True quotient by N(Z63) of order 126 (2080 vertices) [11.6s]
    pair ord(x)=65 ord(ax)=63: True quotient by N(Z63) of order 126 (2080 vertices) [11.6s]
    pair ord(x)=65 ord(ax)=21: True quotient by N(Z63) of order 126 (2080 vertices) [11.7s]
    pair ord(x)=65 ord(ax)=3: True quotient by N(Z63) of order 126 (2080 vertices) [11.8s]
    pair ord(x)=65 ord(ax)=7: True quotient by N(Z63) of order 126 (2080 vertices) [11.5s]
    pair ord(x)=21 ord(ax)=65: True quotient by N(Z65) of order 130 (2016 vertices) [7.0s]
    pair ord(x)=65 ord(ax)=63: True quotient by N(Z63) of order 126 (2080 vertices) [11.6s]
    pair ord(x)=65 ord(ax)=13: True quotient by N(Z63) of order 126 (2080 vertices) [11.7s]
    pair ord(x)=65 ord(ax)=63: True quotient by N(Z63) of order 126 (2080 vertices) [11.7s]
    pair ord(x)=65 ord(ax)=13: True quotient by N(Z63) of order 126 (2080 vertices) [11.7s]
    pair ord(x)=65 ord(ax)=9: True quotient by N(Z63) of order 126 (2080 vertices) [11.6s]
    pair ord(x)=21 ord(ax)=65: True quotient by N(Z65) of order 130 (2016 vertices) [6.9s]
    pair ord(x)=21 ord(ax)=63: True quotient by N(Z65) of order 130 (2016 vertices) [6.9s]
    pair ord(x)=65 ord(ax)=9: True quotient by N(Z63) of order 126 (2080 vertices) [11.7s]
    pair ord(x)=65 ord(ax)=65: True quotient by N(Z63) of order 126 (2080 vertices) [11.9s]
    pair ord(x)=21 ord(ax)=65: True quotient by N(Z65) of order 130 (2016 vertices) [6.9s]
    pair ord(x)=21 ord(ax)=65: True quotient by N(Z65) of order 130 (2016 vertices) [6.9s]
    pair ord(x)=21 ord(ax)=21: True quotient by N(Z65) of order 130 (2016 vertices) [7.0s]
    pair ord(x)=21 ord(ax)=7: True quotient by N(Z65) of order 130 (2016 vertices) [7.0s]
    pair ord(x)=21 ord(ax)=63: True quotient by N(Z65) of order 130 (2016 vertices) [7.0s]
    pair ord(x)=21 ord(ax)=63: True quotient by N(Z65) of order 130 (2016 vertices) [7.0s]
    pair ord(x)=21 ord(ax)=65: True quotient by N(Z65) of order 130 (2016 vertices) [7.1s]
    pair ord(x)=21 ord(ax)=9: True quotient by N(Z65) of order 130 (2016 vertices) [7.1s]
    pair ord(x)=21 ord(ax)=63: True quotient by N(Z65) of order 130 (2016 vertices) [7.0s]
    pair ord(x)=21 ord(ax)=9: True quotient by N(Z65) of order 130 (2016 vertices) [7.1s]
    pair ord(x)=21 ord(ax)=63: True quotient by N(Z65) of order 130 (2016 vertices) [7.1s]
    pair ord(x)=21 ord(ax)=65: True quotient by N(Z65) of order 130 (2016 vertices) [7.0s]
    pair ord(x)=21 ord(ax)=65: True quotient by N(Z65) of order 130 (2016 vertices) [6.9s]
    pair ord(x)=21 ord(ax)=63: True quotient by N(Z65) of order 130 (2016 vertices) [6.9s]
    pair ord(x)=21 ord(ax)=63: True quotient by N(Z65) of order 130 (2016 vertices) [6.9s]
    pair ord(x)=21 ord(ax)=5: True quotient by N(Z65) of order 130 (2016 vertices) [7.0s]
    pair ord(x)=21 ord(ax)=65: True quotient by N(Z65) of order 130 (2016 vertices) [7.0s]
    pair ord(x)=21 ord(ax)=63: True quotient by N(Z65) of order 130 (2016 vertices) [7.0s]
    pair ord(x)=21 ord(ax)=13: True quotient by N(Z65) of order 130 (2016 vertices) [7.0s]
    pair ord(x)=21 ord(ax)=65: True quotient by N(Z65) of order 130 (2016 vertices) [7.0s]
    pair ord(x)=21 ord(ax)=65: True quotient by N(Z65) of order 130 (2016 vertices) [7.0s]
    pair ord(x)=21 ord(ax)=63: True quotient by N(Z65) of order 130 (2016 vertices) [7.0s]
    pair ord(x)=21 ord(ax)=63: True quotient by N(Z65) of order 130 (2016 vertices) [7.0s]
    pair ord(x)=21 ord(ax)=65: True quotient by N(Z65) of order 130 (2016 vertices) [7.0s]
    pair ord(x)=21 ord(ax)=21: True quotient by N(Z65) of order 130 (2016 vertices) [6.8s]
    pair ord(x)=21 ord(ax)=13: True quotient by N(Z65) of order 130 (2016 vertices) [6.9s]
    pair ord(x)=21 ord(ax)=13: True quotient by N(Z65) of order 130 (2016 vertices) [6.9s]
    pair ord(x)=21 ord(ax)=13: True quotient by N(Z65) of order 130 (2016 vertices) [6.9s]
    pair ord(x)=21 ord(ax)=65: True quotient by N(Z65) of order 130 (2016 vertices) [6.9s]
    pair ord(x)=21 ord(ax)=63: True quotient by N(Z65) of order 130 (2016 vertices) [6.8s]
    pair ord(x)=21 ord(ax)=13: True quotient by N(Z65) of order 130 (2016 vertices) [6.8s]
    pair ord(x)=21 ord(ax)=65: True quotient by N(Z65) of order 130 (2016 vertices) [6.8s]
    pair ord(x)=21 ord(ax)=63: True quotient by N(Z65) of order 130 (2016 vertices) [6.8s]
    pair ord(x)=21 ord(ax)=63: True quotient by N(Z65) of order 130 (2016 vertices) [6.8s]
    pair ord(x)=21 ord(ax)=65: True quotient by N(Z65) of order 130 (2016 vertices) [7.2s]
    pair ord(x)=21 ord(ax)=65: True quotient by N(Z65) of order 130 (2016 vertices) [7.2s]
    pair ord(x)=21 ord(ax)=63: True quotient by N(Z65) of order 130 (2016 vertices) [7.2s]
    pair ord(x)=21 ord(ax)=3: True quotient by N(Z65) of order 130 (2016 vertices) [7.2s]
    pair ord(x)=21 ord(ax)=5: True quotient by N(Z65) of order 130 (2016 vertices) [7.3s]
    pair ord(x)=21 ord(ax)=21: True quotient by N(Z65) of order 130 (2016 vertices) [7.2s]
    pair ord(x)=21 ord(ax)=63: True quotient by N(Z65) of order 130 (2016 vertices) [7.3s]
    pair ord(x)=21 ord(ax)=63: True quotient by N(Z65) of order 130 (2016 vertices) [7.3s]
    pair ord(x)=21 ord(ax)=65: True quotient by N(Z65) of order 130 (2016 vertices) [7.2s]
    pair ord(x)=21 ord(ax)=63: True quotient by N(Z65) of order 130 (2016 vertices) [7.3s]
    pair ord(x)=21 ord(ax)=65: True quotient by N(Z65) of order 130 (2016 vertices) [7.2s]
    pair ord(x)=21 ord(ax)=21: True quotient by N(Z65) of order 130 (2016 vertices) [7.0s]
    pair ord(x)=21 ord(ax)=65: True quotient by N(Z65) of order 130 (2016 vertices) [7.2s]
    pair ord(x)=21 ord(ax)=7: True quotient by N(Z65) of order 130 (2016 vertices) [7.1s]
    pair ord(x)=21 ord(ax)=65: True quotient by N(Z65) of order 130 (2016 vertices) [7.1s]
    pair ord(x)=21 ord(ax)=9: True quotient by N(Z65) of order 130 (2016 vertices) [7.1s]
    pair ord(x)=21 ord(ax)=65: True quotient by N(Z65) of order 130 (2016 vertices) [7.1s]
    pair ord(x)=21 ord(ax)=63: True quotient by N(Z65) of order 130 (2016 vertices) [7.1s]
    pair ord(x)=21 ord(ax)=21: True quotient by N(Z65) of order 130 (2016 vertices) [7.2s]
    pair ord(x)=21 ord(ax)=65: True quotient by N(Z65) of order 130 (2016 vertices) [7.1s]
    pair ord(x)=21 ord(ax)=65: True quotient by N(Z65) of order 130 (2016 vertices) [7.1s]
    pair ord(x)=21 ord(ax)=13: True quotient by N(Z65) of order 130 (2016 vertices) [7.1s]
    pair ord(x)=21 ord(ax)=65: True quotient by N(Z65) of order 130 (2016 vertices) [7.0s]
    pair ord(x)=21 ord(ax)=7: True quotient by N(Z65) of order 130 (2016 vertices) [6.9s]
    pair ord(x)=21 ord(ax)=65: True quotient by N(Z65) of order 130 (2016 vertices) [7.0s]
    pair ord(x)=63 ord(ax)=9: True quotient by N(Z65) of order 130 (2016 vertices) [6.9s]
    pair ord(x)=63 ord(ax)=65: True quotient by N(Z65) of order 130 (2016 vertices) [7.0s]
    pair ord(x)=63 ord(ax)=63: True quotient by N(Z65) of order 130 (2016 vertices) [7.0s]
    pair ord(x)=63 ord(ax)=13: True quotient by N(Z65) of order 130 (2016 vertices) [6.9s]
    pair ord(x)=63 ord(ax)=63: True quotient by N(Z65) of order 130 (2016 vertices) [6.9s]
    pair ord(x)=63 ord(ax)=65: True quotient by N(Z65) of order 130 (2016 vertices) [7.0s]
    pair ord(x)=63 ord(ax)=13: True quotient by N(Z65) of order 130 (2016 vertices) [6.9s]
    pair ord(x)=63 ord(ax)=63: True quotient by N(Z65) of order 130 (2016 vertices) [6.9s]
    pair ord(x)=63 ord(ax)=63: True quotient by N(Z65) of order 130 (2016 vertices) [6.9s]
    pair ord(x)=63 ord(ax)=7: True quotient by N(Z65) of order 130 (2016 vertices) [7.0s]
    pair ord(x)=63 ord(ax)=7: True quotient by N(Z65) of order 130 (2016 vertices) [7.1s]
    pair ord(x)=63 ord(ax)=3: True quotient by N(Z65) of order 130 (2016 vertices) [7.1s]
    pair ord(x)=63 ord(ax)=65: True quotient by N(Z65) of order 130 (2016 vertices) [7.1s]
    pair ord(x)=63 ord(ax)=13: True quotient by N(Z65) of order 130 (2016 vertices) [7.0s]
    pair ord(x)=63 ord(ax)=5: True quotient by N(Z65) of order 130 (2016 vertices) [7.0s]
    pair ord(x)=63 ord(ax)=65: True quotient by N(Z65) of order 130 (2016 vertices) [7.0s]
    pair ord(x)=63 ord(ax)=13: True quotient by N(Z65) of order 130 (2016 vertices) [7.1s]
    pair ord(x)=63 ord(ax)=65: True quotient by N(Z65) of order 130 (2016 vertices) [7.0s]
    pair ord(x)=63 ord(ax)=13: True quotient by N(Z65) of order 130 (2016 vertices) [7.0s]
    pair ord(x)=63 ord(ax)=65: True quotient by N(Z65) of order 130 (2016 vertices) [7.0s]
    pair ord(x)=63 ord(ax)=63: True quotient by N(Z65) of order 130 (2016 vertices) [6.9s]
    pair ord(x)=63 ord(ax)=21: True quotient by N(Z65) of order 130 (2016 vertices) [7.0s]
    pair ord(x)=63 ord(ax)=63: True quotient by N(Z65) of order 130 (2016 vertices) [7.3s]
    pair ord(x)=63 ord(ax)=65: True quotient by N(Z65) of order 130 (2016 vertices) [7.4s]
    pair ord(x)=63 ord(ax)=65: True quotient by N(Z65) of order 130 (2016 vertices) [7.3s]
    pair ord(x)=63 ord(ax)=65: True quotient by N(Z65) of order 130 (2016 vertices) [7.4s]
    pair ord(x)=63 ord(ax)=63: True quotient by N(Z65) of order 130 (2016 vertices) [7.3s]
    pair ord(x)=63 ord(ax)=63: True quotient by N(Z65) of order 130 (2016 vertices) [7.4s]
    pair ord(x)=63 ord(ax)=65: True quotient by N(Z65) of order 130 (2016 vertices) [7.3s]
    pair ord(x)=63 ord(ax)=9: True quotient by N(Z65) of order 130 (2016 vertices) [7.3s]
    pair ord(x)=63 ord(ax)=63: True quotient by N(Z65) of order 130 (2016 vertices) [7.4s]
    pair ord(x)=63 ord(ax)=65: True quotient by N(Z65) of order 130 (2016 vertices) [7.4s]
    pair ord(x)=63 ord(ax)=21: True quotient by N(Z65) of order 130 (2016 vertices) [7.4s]
    pair ord(x)=63 ord(ax)=65: True quotient by N(Z65) of order 130 (2016 vertices) [7.0s]
    pair ord(x)=63 ord(ax)=65: True quotient by N(Z65) of order 130 (2016 vertices) [6.9s]
    pair ord(x)=63 ord(ax)=5: True quotient by N(Z65) of order 130 (2016 vertices) [7.0s]
    pair ord(x)=63 ord(ax)=65: True quotient by N(Z65) of order 130 (2016 vertices) [7.0s]
    pair ord(x)=63 ord(ax)=65: True quotient by N(Z65) of order 130 (2016 vertices) [7.0s]
    pair ord(x)=63 ord(ax)=21: True quotient by N(Z65) of order 130 (2016 vertices) [7.0s]
    pair ord(x)=63 ord(ax)=65: True quotient by N(Z65) of order 130 (2016 vertices) [7.0s]
    pair ord(x)=63 ord(ax)=9: True quotient by N(Z65) of order 130 (2016 vertices) [6.9s]
    pair ord(x)=63 ord(ax)=63: True quotient by N(Z65) of order 130 (2016 vertices) [7.0s]
    pair ord(x)=63 ord(ax)=65: True quotient by N(Z65) of order 130 (2016 vertices) [7.1s]
    pair ord(x)=63 ord(ax)=13: True quotient by N(Z65) of order 130 (2016 vertices) [7.1s]
    pair ord(x)=63 ord(ax)=21: True quotient by N(Z65) of order 130 (2016 vertices) [7.0s]
    pair ord(x)=63 ord(ax)=65: True quotient by N(Z65) of order 130 (2016 vertices) [7.1s]
    pair ord(x)=63 ord(ax)=65: True quotient by N(Z65) of order 130 (2016 vertices) [7.1s]
    pair ord(x)=63 ord(ax)=63: True quotient by N(Z65) of order 130 (2016 vertices) [7.1s]
    pair ord(x)=63 ord(ax)=63: True quotient by N(Z65) of order 130 (2016 vertices) [7.1s]
    pair ord(x)=63 ord(ax)=63: True quotient by N(Z65) of order 130 (2016 vertices) [7.2s]
    pair ord(x)=63 ord(ax)=21: True quotient by N(Z65) of order 130 (2016 vertices) [7.2s]
    pair ord(x)=63 ord(ax)=65: True quotient by N(Z65) of order 130 (2016 vertices) [7.3s]
    pair ord(x)=63 ord(ax)=21: True quotient by N(Z65) of order 130 (2016 vertices) [7.4s]
    pair ord(x)=63 ord(ax)=65: True quotient by N(Z65) of order 130 (2016 vertices) [7.7s]
    pair ord(x)=63 ord(ax)=65: True quotient by N(Z65) of order 130 (2016 vertices) [7.7s]
    pair ord(x)=63 ord(ax)=65: True quotient by N(Z65) of order 130 (2016 vertices) [7.7s]
    pair ord(x)=63 ord(ax)=63: True quotient by N(Z65) of order 130 (2016 vertices) [7.8s]
    pair ord(x)=63 ord(ax)=63: True quotient by N(Z65) of order 130 (2016 vertices) [7.8s]
    pair ord(x)=63 ord(ax)=63: True quotient by N(Z65) of order 130 (2016 vertices) [7.8s]
    pair ord(x)=63 ord(ax)=7: True quotient by N(Z65) of order 130 (2016 vertices) [7.8s]
    pair ord(x)=63 ord(ax)=63: True quotient by N(Z65) of order 130 (2016 vertices) [7.6s]
    pair ord(x)=63 ord(ax)=65: True quotient by N(Z65) of order 130 (2016 vertices) [7.6s]
    pair ord(x)=63 ord(ax)=65: True quotient by N(Z65) of order 130 (2016 vertices) [7.6s]
    pair ord(x)=63 ord(ax)=7: True quotient by N(Z65) of order 130 (2016 vertices) [7.5s]
    pair ord(x)=63 ord(ax)=13: True quotient by N(Z65) of order 130 (2016 vertices) [7.2s]
    pair ord(x)=63 ord(ax)=63: True quotient by N(Z65) of order 130 (2016 vertices) [7.1s]
    pair ord(x)=63 ord(ax)=7: True quotient by N(Z65) of order 130 (2016 vertices) [7.1s]
    pair ord(x)=63 ord(ax)=63: True quotient by N(Z65) of order 130 (2016 vertices) [7.1s]
    pair ord(x)=63 ord(ax)=63: True quotient by N(Z65) of order 130 (2016 vertices) [7.1s]
    pair ord(x)=63 ord(ax)=63: True quotient by N(Z65) of order 130 (2016 vertices) [7.1s]
    pair ord(x)=63 ord(ax)=5: True quotient by N(Z65) of order 130 (2016 vertices) [7.1s]
    pair ord(x)=63 ord(ax)=3: True quotient by N(Z65) of order 130 (2016 vertices) [7.0s]
    pair ord(x)=63 ord(ax)=63: True quotient by N(Z65) of order 130 (2016 vertices) [7.1s]
    pair ord(x)=63 ord(ax)=13: True quotient by N(Z65) of order 130 (2016 vertices) [7.1s]
    pair ord(x)=63 ord(ax)=63: True quotient by N(Z65) of order 130 (2016 vertices) [7.0s]
    pair ord(x)=63 ord(ax)=13: True quotient by N(Z65) of order 130 (2016 vertices) [7.1s]
    pair ord(x)=63 ord(ax)=13: True quotient by N(Z65) of order 130 (2016 vertices) [7.1s]
    pair ord(x)=63 ord(ax)=13: True quotient by N(Z65) of order 130 (2016 vertices) [7.1s]
    pair ord(x)=63 ord(ax)=65: True quotient by N(Z65) of order 130 (2016 vertices) [7.1s]
    pair ord(x)=63 ord(ax)=65: True quotient by N(Z65) of order 130 (2016 vertices) [7.2s]
    pair ord(x)=63 ord(ax)=63: True quotient by N(Z65) of order 130 (2016 vertices) [7.2s]
    pair ord(x)=63 ord(ax)=65: True quotient by N(Z65) of order 130 (2016 vertices) [7.2s]
    pair ord(x)=63 ord(ax)=65: True quotient by N(Z65) of order 130 (2016 vertices) [7.1s]
    pair ord(x)=63 ord(ax)=65: True quotient by N(Z65) of order 130 (2016 vertices) [7.2s]
    pair ord(x)=63 ord(ax)=63: True quotient by N(Z65) of order 130 (2016 vertices) [7.2s]
    pair ord(x)=63 ord(ax)=9: True quotient by N(Z65) of order 130 (2016 vertices) [7.0s]
    pair ord(x)=63 ord(ax)=65: True quotient by N(Z65) of order 130 (2016 vertices) [6.9s]
    pair ord(x)=63 ord(ax)=65: True quotient by N(Z65) of order 130 (2016 vertices) [6.9s]
    pair ord(x)=63 ord(ax)=65: True quotient by N(Z65) of order 130 (2016 vertices) [7.0s]
    pair ord(x)=63 ord(ax)=63: True quotient by N(Z65) of order 130 (2016 vertices) [7.0s]
    pair ord(x)=63 ord(ax)=65: True quotient by N(Z65) of order 130 (2016 vertices) [7.0s]
    pair ord(x)=63 ord(ax)=65: True quotient by N(Z65) of order 130 (2016 vertices) [7.0s]
    pair ord(x)=63 ord(ax)=21: True quotient by N(Z65) of order 130 (2016 vertices) [6.9s]
    pair ord(x)=63 ord(ax)=65: True quotient by N(Z65) of order 130 (2016 vertices) [6.9s]
    pair ord(x)=63 ord(ax)=5: True quotient by N(Z65) of order 130 (2016 vertices) [6.9s]
    pair ord(x)=63 ord(ax)=9: True quotient by N(Z65) of order 130 (2016 vertices) [7.0s]
    pair ord(x)=63 ord(ax)=21: True quotient by N(Z65) of order 130 (2016 vertices) [6.9s]
    pair ord(x)=63 ord(ax)=65: True quotient by N(Z65) of order 130 (2016 vertices) [6.9s]
    pair ord(x)=63 ord(ax)=21: True quotient by N(Z65) of order 130 (2016 vertices) [6.9s]
    pair ord(x)=63 ord(ax)=21: True quotient by N(Z65) of order 130 (2016 vertices) [6.9s]
    pair ord(x)=63 ord(ax)=63: True quotient by N(Z65) of order 130 (2016 vertices) [7.0s]
    pair ord(x)=63 ord(ax)=65: True quotient by N(Z65) of order 130 (2016 vertices) [7.0s]
    pair ord(x)=63 ord(ax)=9: True quotient by N(Z65) of order 130 (2016 vertices) [7.0s]
    pair ord(x)=63 ord(ax)=13: True quotient by N(Z65) of order 130 (2016 vertices) [7.0s]
    pair ord(x)=63 ord(ax)=63: True quotient by N(Z65) of order 130 (2016 vertices) [6.9s]
    pair ord(x)=63 ord(ax)=63: True quotient by N(Z65) of order 130 (2016 vertices) [7.0s]
    pair ord(x)=63 ord(ax)=21: True quotient by N(Z65) of order 130 (2016 vertices) [7.0s]
    pair ord(x)=63 ord(ax)=21: True quotient by N(Z65) of order 130 (2016 vertices) [7.3s]
    pair ord(x)=63 ord(ax)=65: True quotient by N(Z65) of order 130 (2016 vertices) [7.2s]
    pair ord(x)=63 ord(ax)=65: True quotient by N(Z65) of order 130 (2016 vertices) [7.2s]
    pair ord(x)=63 ord(ax)=65: True quotient by N(Z65) of order 130 (2016 vertices) [7.2s]
    pair ord(x)=63 ord(ax)=65: True quotient by N(Z65) of order 130 (2016 vertices) [7.2s]
    pair ord(x)=63 ord(ax)=63: True quotient by N(Z65) of order 130 (2016 vertices) [7.2s]
    pair ord(x)=63 ord(ax)=65: True quotient by N(Z65) of order 130 (2016 vertices) [7.3s]
    pair ord(x)=63 ord(ax)=63: True quotient by N(Z65) of order 130 (2016 vertices) [7.2s]
    pair ord(x)=63 ord(ax)=65: True quotient by N(Z65) of order 130 (2016 vertices) [7.2s]
    pair ord(x)=63 ord(ax)=63: True quotient by N(Z65) of order 130 (2016 vertices) [7.3s]
    pair ord(x)=63 ord(ax)=63: True quotient by N(Z65) of order 130 (2016 vertices) [7.2s]
    pair ord(x)=63 ord(ax)=65: True quotient by N(Z65) of order 130 (2016 vertices) [6.9s]
    pair ord(x)=63 ord(ax)=63: True quotient by N(Z65) of order 130 (2016 vertices) [7.1s]
    pair ord(x)=63 ord(ax)=65: True quotient by N(Z65) of order 130 (2016 vertices) [7.1s]
    pair ord(x)=63 ord(ax)=65: True quotient by N(Z65) of order 130 (2016 vertices) [7.0s]
    pair ord(x)=63 ord(ax)=7: True quotient by N(Z65) of order 130 (2016 vertices) [7.1s]
    pair ord(x)=63 ord(ax)=65: True quotient by N(Z65) of order 130 (2016 vertices) [7.1s]
    pair ord(x)=63 ord(ax)=63: True quotient by N(Z65) of order 130 (2016 vertices) [7.0s]
    pair ord(x)=63 ord(ax)=65: True quotient by N(Z65) of order 130 (2016 vertices) [7.1s]
    pair ord(x)=63 ord(ax)=63: True quotient by N(Z65) of order 130 (2016 vertices) [7.1s]
    pair ord(x)=63 ord(ax)=63: True quotient by N(Z65) of order 130 (2016 vertices) [7.1s]
    pair ord(x)=63 ord(ax)=63: True quotient by N(Z65) of order 130 (2016 vertices) [7.1s]
    pair ord(x)=63 ord(ax)=5: True quotient by N(Z65) of order 130 (2016 vertices) [7.0s]
    pair ord(x)=63 ord(ax)=65: True quotient by N(Z65) of order 130 (2016 vertices) [7.0s]
    pair ord(x)=63 ord(ax)=3: True quotient by N(Z65) of order 130 (2016 vertices) [6.9s]
    pair ord(x)=63 ord(ax)=65: True quotient by N(Z65) of order 130 (2016 vertices) [7.0s]
    pair ord(x)=63 ord(ax)=63: True quotient by N(Z65) of order 130 (2016 vertices) [7.0s]
    pair ord(x)=63 ord(ax)=65: True quotient by N(Z65) of order 130 (2016 vertices) [7.0s]
    pair ord(x)=63 ord(ax)=65: True quotient by N(Z65) of order 130 (2016 vertices) [7.0s]
    pair ord(x)=63 ord(ax)=65: True quotient by N(Z65) of order 130 (2016 vertices) [7.0s]
    pair ord(x)=63 ord(ax)=63: True quotient by N(Z65) of order 130 (2016 vertices) [7.0s]
    pair ord(x)=63 ord(ax)=65: True quotient by N(Z65) of order 130 (2016 vertices) [7.0s]
    pair ord(x)=63 ord(ax)=63: True quotient by N(Z65) of order 130 (2016 vertices) [7.0s]
    pair ord(x)=63 ord(ax)=63: True quotient by N(Z65) of order 130 (2016 vertices) [7.0s]
    pair ord(x)=63 ord(ax)=9: True quotient by N(Z65) of order 130 (2016 vertices) [7.1s]
    pair ord(x)=63 ord(ax)=13: True quotient by N(Z65) of order 130 (2016 vertices) [7.0s]
    pair ord(x)=63 ord(ax)=63: True quotient by N(Z65) of order 130 (2016 vertices) [7.0s]
    pair ord(x)=63 ord(ax)=63: True quotient by N(Z65) of order 130 (2016 vertices) [7.1s]
    pair ord(x)=63 ord(ax)=65: True quotient by N(Z65) of order 130 (2016 vertices) [7.0s]
    pair ord(x)=63 ord(ax)=63: True quotient by N(Z65) of order 130 (2016 vertices) [7.0s]
    pair ord(x)=63 ord(ax)=13: True quotient by N(Z65) of order 130 (2016 vertices) [7.1s]
    pair ord(x)=63 ord(ax)=13: True quotient by N(Z65) of order 130 (2016 vertices) [7.0s]
    pair ord(x)=63 ord(ax)=5: True quotient by N(Z65) of order 130 (2016 vertices) [7.0s]
    pair ord(x)=63 ord(ax)=65: True quotient by N(Z65) of order 130 (2016 vertices) [7.0s]
    pair ord(x)=63 ord(ax)=65: True quotient by N(Z65) of order 130 (2016 vertices) [7.0s]
    pair ord(x)=63 ord(ax)=65: True quotient by N(Z65) of order 130 (2016 vertices) [6.9s]
    pair ord(x)=63 ord(ax)=65: True quotient by N(Z65) of order 130 (2016 vertices) [6.9s]
    pair ord(x)=63 ord(ax)=65: True quotient by N(Z65) of order 130 (2016 vertices) [6.9s]
    pair ord(x)=63 ord(ax)=65: True quotient by N(Z65) of order 130 (2016 vertices) [7.0s]
    pair ord(x)=63 ord(ax)=21: True quotient by N(Z65) of order 130 (2016 vertices) [7.0s]
    pair ord(x)=63 ord(ax)=63: True quotient by N(Z65) of order 130 (2016 vertices) [7.0s]
    pair ord(x)=63 ord(ax)=63: True quotient by N(Z65) of order 130 (2016 vertices) [6.9s]
    pair ord(x)=63 ord(ax)=13: True quotient by N(Z65) of order 130 (2016 vertices) [6.9s]
    pair ord(x)=63 ord(ax)=65: True quotient by N(Z65) of order 130 (2016 vertices) [6.9s]
    pair ord(x)=63 ord(ax)=63: True quotient by N(Z65) of order 130 (2016 vertices) [6.9s]
    pair ord(x)=63 ord(ax)=63: True quotient by N(Z65) of order 130 (2016 vertices) [6.9s]
    pair ord(x)=63 ord(ax)=63: True quotient by N(Z65) of order 130 (2016 vertices) [6.9s]
    pair ord(x)=63 ord(ax)=65: True quotient by N(Z65) of order 130 (2016 vertices) [6.9s]
    pair ord(x)=63 ord(ax)=7: True quotient by N(Z65) of order 130 (2016 vertices) [6.9s]
    pair ord(x)=63 ord(ax)=65: True quotient by N(Z65) of order 130 (2016 vertices) [7.0s]
    pair ord(x)=63 ord(ax)=21: True quotient by N(Z65) of order 130 (2016 vertices) [7.0s]
    pair ord(x)=63 ord(ax)=21: True quotient by N(Z65) of order 130 (2016 vertices) [7.0s]
    pair ord(x)=63 ord(ax)=13: True quotient by N(Z65) of order 130 (2016 vertices) [7.0s]
    pair ord(x)=63 ord(ax)=9: True quotient by N(Z65) of order 130 (2016 vertices) [7.0s]
    pair ord(x)=63 ord(ax)=9: True quotient by N(Z65) of order 130 (2016 vertices) [7.0s]
    pair ord(x)=63 ord(ax)=65: True quotient by N(Z65) of order 130 (2016 vertices) [7.0s]
    pair ord(x)=63 ord(ax)=13: True quotient by N(Z65) of order 130 (2016 vertices) [6.9s]
    pair ord(x)=63 ord(ax)=65: True quotient by N(Z65) of order 130 (2016 vertices) [6.9s]
    pair ord(x)=63 ord(ax)=65: True quotient by N(Z65) of order 130 (2016 vertices) [6.9s]
    pair ord(x)=63 ord(ax)=65: True quotient by N(Z65) of order 130 (2016 vertices) [6.9s]
    pair ord(x)=63 ord(ax)=65: True quotient by N(Z65) of order 130 (2016 vertices) [7.0s]
    pair ord(x)=63 ord(ax)=7: True quotient by N(Z65) of order 130 (2016 vertices) [7.0s]
    pair ord(x)=63 ord(ax)=21: True quotient by N(Z65) of order 130 (2016 vertices) [6.9s]
    pair ord(x)=63 ord(ax)=63: True quotient by N(Z65) of order 130 (2016 vertices) [7.0s]
    pair ord(x)=63 ord(ax)=65: True quotient by N(Z65) of order 130 (2016 vertices) [7.0s]
    pair ord(x)=63 ord(ax)=65: True quotient by N(Z65) of order 130 (2016 vertices) [7.0s]
    pair ord(x)=63 ord(ax)=21: True quotient by N(Z65) of order 130 (2016 vertices) [6.9s]
    pair ord(x)=63 ord(ax)=7: True quotient by N(Z65) of order 130 (2016 vertices) [6.9s]
    pair ord(x)=63 ord(ax)=21: True quotient by N(Z65) of order 130 (2016 vertices) [6.9s]
    pair ord(x)=63 ord(ax)=63: True quotient by N(Z65) of order 130 (2016 vertices) [6.9s]
    pair ord(x)=63 ord(ax)=3: True quotient by N(Z65) of order 130 (2016 vertices) [6.9s]
    pair ord(x)=63 ord(ax)=65: True quotient by N(Z65) of order 130 (2016 vertices) [7.0s]
    pair ord(x)=63 ord(ax)=65: True quotient by N(Z65) of order 130 (2016 vertices) [6.9s]
    pair ord(x)=63 ord(ax)=65: True quotient by N(Z65) of order 130 (2016 vertices) [6.9s]
    pair ord(x)=63 ord(ax)=65: True quotient by N(Z65) of order 130 (2016 vertices) [6.9s]
    pair ord(x)=63 ord(ax)=13: True quotient by N(Z65) of order 130 (2016 vertices) [7.0s]
    pair ord(x)=63 ord(ax)=65: True quotient by N(Z65) of order 130 (2016 vertices) [6.9s]
    pair ord(x)=63 ord(ax)=63: True quotient by N(Z65) of order 130 (2016 vertices) [6.9s]
    pair ord(x)=63 ord(ax)=65: True quotient by N(Z65) of order 130 (2016 vertices) [6.9s]
    pair ord(x)=63 ord(ax)=65: True quotient by N(Z65) of order 130 (2016 vertices) [6.9s]
    pair ord(x)=63 ord(ax)=63: True quotient by N(Z65) of order 130 (2016 vertices) [7.0s]
    pair ord(x)=63 ord(ax)=63: True quotient by N(Z65) of order 130 (2016 vertices) [7.0s]
    pair ord(x)=63 ord(ax)=63: True quotient by N(Z65) of order 130 (2016 vertices) [6.9s]
    pair ord(x)=63 ord(ax)=63: True quotient by N(Z65) of order 130 (2016 vertices) [7.0s]
    pair ord(x)=63 ord(ax)=13: True quotient by N(Z65) of order 130 (2016 vertices) [6.9s]
    pair ord(x)=63 ord(ax)=65: True quotient by N(Z65) of order 130 (2016 vertices) [7.0s]
    pair ord(x)=63 ord(ax)=63: True quotient by N(Z65) of order 130 (2016 vertices) [6.9s]
    pair ord(x)=63 ord(ax)=63: True quotient by N(Z65) of order 130 (2016 vertices) [7.0s]
    pair ord(x)=63 ord(ax)=7: True quotient by N(Z65) of order 130 (2016 vertices) [7.0s]
    pair ord(x)=63 ord(ax)=65: True quotient by N(Z65) of order 130 (2016 vertices) [6.9s]
    pair ord(x)=63 ord(ax)=65: True quotient by N(Z65) of order 130 (2016 vertices) [6.9s]
    pair ord(x)=63 ord(ax)=65: True quotient by N(Z65) of order 130 (2016 vertices) [7.0s]
    pair ord(x)=63 ord(ax)=65: True quotient by N(Z65) of order 130 (2016 vertices) [6.9s]
    pair ord(x)=63 ord(ax)=65: True quotient by N(Z65) of order 130 (2016 vertices) [6.9s]
    pair ord(x)=63 ord(ax)=65: True quotient by N(Z65) of order 130 (2016 vertices) [6.9s]
    pair ord(x)=63 ord(ax)=63: True quotient by N(Z65) of order 130 (2016 vertices) [6.9s]
    pair ord(x)=63 ord(ax)=7: True quotient by N(Z65) of order 130 (2016 vertices) [6.9s]
    pair ord(x)=63 ord(ax)=9: True quotient by N(Z65) of order 130 (2016 vertices) [6.9s]
    pair ord(x)=63 ord(ax)=63: True quotient by N(Z65) of order 130 (2016 vertices) [7.0s]
    pair ord(x)=63 ord(ax)=65: True quotient by N(Z65) of order 130 (2016 vertices) [6.9s]
    pair ord(x)=63 ord(ax)=7: True quotient by N(Z65) of order 130 (2016 vertices) [6.9s]
    pair ord(x)=63 ord(ax)=65: True quotient by N(Z65) of order 130 (2016 vertices) [6.9s]
    pair ord(x)=63 ord(ax)=13: True quotient by N(Z65) of order 130 (2016 vertices) [6.9s]
    pair ord(x)=63 ord(ax)=65: True quotient by N(Z65) of order 130 (2016 vertices) [6.9s]
    pair ord(x)=63 ord(ax)=63: True quotient by N(Z65) of order 130 (2016 vertices) [7.0s]
    pair ord(x)=63 ord(ax)=21: True quotient by N(Z65) of order 130 (2016 vertices) [7.0s]
    pair ord(x)=63 ord(ax)=13: True quotient by N(Z65) of order 130 (2016 vertices) [7.0s]
    pair ord(x)=63 ord(ax)=21: True quotient by N(Z65) of order 130 (2016 vertices) [7.0s]
    pair ord(x)=63 ord(ax)=21: True quotient by N(Z65) of order 130 (2016 vertices) [7.0s]
    pair ord(x)=63 ord(ax)=65: True quotient by N(Z65) of order 130 (2016 vertices) [7.0s]
    pair ord(x)=63 ord(ax)=65: True quotient by N(Z65) of order 130 (2016 vertices) [7.0s]
    pair ord(x)=63 ord(ax)=9: True quotient by N(Z65) of order 130 (2016 vertices) [6.9s]
    pair ord(x)=63 ord(ax)=63: True quotient by N(Z65) of order 130 (2016 vertices) [6.9s]
    pair ord(x)=63 ord(ax)=63: True quotient by N(Z65) of order 130 (2016 vertices) [7.0s]
    pair ord(x)=63 ord(ax)=13: True quotient by N(Z65) of order 130 (2016 vertices) [6.9s]
    pair ord(x)=63 ord(ax)=5: True quotient by N(Z65) of order 130 (2016 vertices) [7.0s]
    pair ord(x)=63 ord(ax)=65: True quotient by N(Z65) of order 130 (2016 vertices) [7.0s]
    pair ord(x)=63 ord(ax)=63: True quotient by N(Z65) of order 130 (2016 vertices) [6.9s]
    pair ord(x)=63 ord(ax)=21: True quotient by N(Z65) of order 130 (2016 vertices) [7.0s]
    pair ord(x)=63 ord(ax)=65: True quotient by N(Z65) of order 130 (2016 vertices) [6.9s]
    pair ord(x)=63 ord(ax)=13: True quotient by N(Z65) of order 130 (2016 vertices) [6.9s]
    pair ord(x)=63 ord(ax)=21: True quotient by N(Z65) of order 130 (2016 vertices) [7.0s]
    pair ord(x)=63 ord(ax)=5: True quotient by N(Z65) of order 130 (2016 vertices) [7.0s]
    pair ord(x)=63 ord(ax)=65: True quotient by N(Z65) of order 130 (2016 vertices) [6.9s]
    pair ord(x)=63 ord(ax)=63: True quotient by N(Z65) of order 130 (2016 vertices) [6.9s]
    pair ord(x)=63 ord(ax)=65: True quotient by N(Z65) of order 130 (2016 vertices) [6.9s]
    pair ord(x)=63 ord(ax)=63: True quotient by N(Z65) of order 130 (2016 vertices) [6.9s]
    pair ord(x)=63 ord(ax)=63: True quotient by N(Z65) of order 130 (2016 vertices) [6.9s]
    pair ord(x)=63 ord(ax)=21: True quotient by N(Z65) of order 130 (2016 vertices) [6.9s]
    pair ord(x)=63 ord(ax)=9: True quotient by N(Z65) of order 130 (2016 vertices) [6.9s]
    pair ord(x)=63 ord(ax)=65: True quotient by N(Z65) of order 130 (2016 vertices) [6.9s]
    pair ord(x)=63 ord(ax)=65: True quotient by N(Z65) of order 130 (2016 vertices) [6.9s]
    pair ord(x)=63 ord(ax)=63: True quotient by N(Z65) of order 130 (2016 vertices) [6.9s]
    pair ord(x)=63 ord(ax)=5: True quotient by N(Z65) of order 130 (2016 vertices) [7.0s]
    pair ord(x)=63 ord(ax)=3: True quotient by N(Z65) of order 130 (2016 vertices) [7.1s]
    pair ord(x)=63 ord(ax)=65: True quotient by N(Z65) of order 130 (2016 vertices) [7.1s]
    pair ord(x)=63 ord(ax)=65: True quotient by N(Z65) of order 130 (2016 vertices) [7.1s]
    pair ord(x)=63 ord(ax)=65: True quotient by N(Z65) of order 130 (2016 vertices) [7.2s]
    pair ord(x)=63 ord(ax)=65: True quotient by N(Z65) of order 130 (2016 vertices) [7.2s]
    pair ord(x)=63 ord(ax)=21: True quotient by N(Z65) of order 130 (2016 vertices) [7.2s]
    pair ord(x)=63 ord(ax)=65: True quotient by N(Z65) of order 130 (2016 vertices) [7.2s]
    pair ord(x)=63 ord(ax)=65: True quotient by N(Z65) of order 130 (2016 vertices) [7.2s]
    pair ord(x)=63 ord(ax)=65: True quotient by N(Z65) of order 130 (2016 vertices) [7.2s]
    pair ord(x)=63 ord(ax)=13: True quotient by N(Z65) of order 130 (2016 vertices) [7.2s]
    pair ord(x)=63 ord(ax)=63: True quotient by N(Z65) of order 130 (2016 vertices) [7.1s]
    pair ord(x)=63 ord(ax)=13: True quotient by N(Z65) of order 130 (2016 vertices) [7.0s]
    pair ord(x)=63 ord(ax)=65: True quotient by N(Z65) of order 130 (2016 vertices) [7.0s]
    pair ord(x)=63 ord(ax)=63: True quotient by N(Z65) of order 130 (2016 vertices) [7.0s]
    pair ord(x)=63 ord(ax)=13: True quotient by N(Z65) of order 130 (2016 vertices) [7.1s]
    pair ord(x)=63 ord(ax)=65: True quotient by N(Z65) of order 130 (2016 vertices) [7.0s]
    pair ord(x)=63 ord(ax)=65: True quotient by N(Z65) of order 130 (2016 vertices) [7.1s]
    pair ord(x)=63 ord(ax)=65: True quotient by N(Z65) of order 130 (2016 vertices) [7.0s]
    pair ord(x)=63 ord(ax)=63: True quotient by N(Z65) of order 130 (2016 vertices) [7.0s]
    pair ord(x)=63 ord(ax)=65: True quotient by N(Z65) of order 130 (2016 vertices) [7.0s]
    pair ord(x)=63 ord(ax)=65: True quotient by N(Z65) of order 130 (2016 vertices) [7.0s]
    pair ord(x)=63 ord(ax)=63: True quotient by N(Z65) of order 130 (2016 vertices) [7.0s]
    pair ord(x)=63 ord(ax)=65: True quotient by N(Z65) of order 130 (2016 vertices) [7.0s]
    pair ord(x)=63 ord(ax)=5: True quotient by N(Z65) of order 130 (2016 vertices) [7.0s]
    pair ord(x)=63 ord(ax)=21: True quotient by N(Z65) of order 130 (2016 vertices) [7.0s]
    pair ord(x)=63 ord(ax)=63: True quotient by N(Z65) of order 130 (2016 vertices) [7.0s]
    pair ord(x)=63 ord(ax)=65: True quotient by N(Z65) of order 130 (2016 vertices) [7.0s]
    pair ord(x)=63 ord(ax)=21: True quotient by N(Z65) of order 130 (2016 vertices) [7.1s]
    pair ord(x)=63 ord(ax)=13: True quotient by N(Z65) of order 130 (2016 vertices) [7.1s]
    pair ord(x)=63 ord(ax)=9: True quotient by N(Z65) of order 130 (2016 vertices) [7.0s]
    pair ord(x)=63 ord(ax)=13: True quotient by N(Z65) of order 130 (2016 vertices) [7.1s]
    pair ord(x)=63 ord(ax)=63: True quotient by N(Z65) of order 130 (2016 vertices) [7.1s]
    pair ord(x)=63 ord(ax)=21: True quotient by N(Z65) of order 130 (2016 vertices) [7.0s]
    pair ord(x)=63 ord(ax)=63: True quotient by N(Z65) of order 130 (2016 vertices) [7.0s]
    pair ord(x)=63 ord(ax)=7: True quotient by N(Z65) of order 130 (2016 vertices) [7.0s]
    pair ord(x)=63 ord(ax)=63: True quotient by N(Z65) of order 130 (2016 vertices) [7.0s]
    pair ord(x)=63 ord(ax)=7: True quotient by N(Z65) of order 130 (2016 vertices) [6.9s]
    pair ord(x)=63 ord(ax)=65: True quotient by N(Z65) of order 130 (2016 vertices) [7.0s]
    pair ord(x)=63 ord(ax)=63: True quotient by N(Z65) of order 130 (2016 vertices) [7.0s]
    pair ord(x)=63 ord(ax)=21: True quotient by N(Z65) of order 130 (2016 vertices) [7.0s]
    pair ord(x)=63 ord(ax)=65: True quotient by N(Z65) of order 130 (2016 vertices) [7.0s]
    pair ord(x)=63 ord(ax)=63: True quotient by N(Z65) of order 130 (2016 vertices) [7.0s]
    pair ord(x)=63 ord(ax)=63: True quotient by N(Z65) of order 130 (2016 vertices) [7.0s]
    pair ord(x)=63 ord(ax)=63: True quotient by N(Z65) of order 130 (2016 vertices) [7.0s]
    pair ord(x)=63 ord(ax)=65: True quotient by N(Z65) of order 130 (2016 vertices) [7.0s]
    pair ord(x)=63 ord(ax)=65: True quotient by N(Z65) of order 130 (2016 vertices) [7.0s]
    pair ord(x)=63 ord(ax)=63: True quotient by N(Z65) of order 130 (2016 vertices) [7.0s]
    pair ord(x)=63 ord(ax)=63: True quotient by N(Z65) of order 130 (2016 vertices) [7.0s]
    pair ord(x)=63 ord(ax)=13: True quotient by N(Z65) of order 130 (2016 vertices) [7.0s]
    pair ord(x)=63 ord(ax)=65: True quotient by N(Z65) of order 130 (2016 vertices) [7.0s]
    pair ord(x)=63 ord(ax)=65: True quotient by N(Z65) of order 130 (2016 vertices) [7.0s]
    pair ord(x)=63 ord(ax)=65: True quotient by N(Z65) of order 130 (2016 vertices) [7.0s]
    pair ord(x)=63 ord(ax)=63: True quotient by N(Z65) of order 130 (2016 vertices) [6.9s]
    pair ord(x)=63 ord(ax)=63: True quotient by N(Z65) of order 130 (2016 vertices) [7.0s]
    pair ord(x)=63 ord(ax)=9: True quotient by N(Z65) of order 130 (2016 vertices) [7.0s]
    pair ord(x)=63 ord(ax)=9: True quotient by N(Z65) of order 130 (2016 vertices) [7.0s]
    pair ord(x)=63 ord(ax)=65: True quotient by N(Z65) of order 130 (2016 vertices) [7.1s]
    pair ord(x)=63 ord(ax)=7: True quotient by N(Z65) of order 130 (2016 vertices) [7.1s]
    pair ord(x)=63 ord(ax)=21: True quotient by N(Z65) of order 130 (2016 vertices) [7.1s]
    pair ord(x)=5 ord(ax)=65: True quotient by N(Z63) of order 126 (2080 vertices) [12.8s]
    pair ord(x)=5 ord(ax)=21: True quotient by N(Z63) of order 126 (2080 vertices) [12.9s]
    pair ord(x)=5 ord(ax)=65: True quotient by N(Z63) of order 126 (2080 vertices) [12.9s]
    pair ord(x)=5 ord(ax)=65: True quotient by N(Z63) of order 126 (2080 vertices) [12.8s]
    pair ord(x)=5 ord(ax)=13: True quotient by N(Z63) of order 126 (2080 vertices) [13.1s]
    pair ord(x)=5 ord(ax)=63: True quotient by N(Z63) of order 126 (2080 vertices) [13.3s]
    pair ord(x)=5 ord(ax)=63: True quotient by N(Z63) of order 126 (2080 vertices) [12.5s]
    pair ord(x)=5 ord(ax)=63: True quotient by N(Z63) of order 126 (2080 vertices) [12.5s]
    pair ord(x)=5 ord(ax)=9: True quotient by N(Z63) of order 126 (2080 vertices) [12.3s]
    pair ord(x)=5 ord(ax)=65: True quotient by N(Z63) of order 126 (2080 vertices) [12.5s]
    pair ord(x)=5 ord(ax)=63: True quotient by N(Z63) of order 126 (2080 vertices) [12.3s]
    pair ord(x)=5 ord(ax)=63: True quotient by N(Z63) of order 126 (2080 vertices) [12.5s]
    pair ord(x)=5 ord(ax)=63: True quotient by N(Z63) of order 126 (2080 vertices) [12.5s]
    pair ord(x)=5 ord(ax)=13: True quotient by N(Z63) of order 126 (2080 vertices) [12.6s]
    pair ord(x)=5 ord(ax)=65: True quotient by N(Z63) of order 126 (2080 vertices) [12.6s]
    pair ord(x)=5 ord(ax)=13: True quotient by N(Z63) of order 126 (2080 vertices) [12.6s]
    pair ord(x)=5 ord(ax)=65: True quotient by N(Z63) of order 126 (2080 vertices) [13.0s]
    pair ord(x)=5 ord(ax)=21: True quotient by N(Z63) of order 126 (2080 vertices) [12.5s]
    pair ord(x)=5 ord(ax)=65: True quotient by N(Z63) of order 126 (2080 vertices) [12.5s]
    pair ord(x)=5 ord(ax)=21: True quotient by N(Z63) of order 126 (2080 vertices) [12.4s]
    pair ord(x)=5 ord(ax)=63: True quotient by N(Z63) of order 126 (2080 vertices) [12.4s]
    pair ord(x)=5 ord(ax)=63: True quotient by N(Z63) of order 126 (2080 vertices) [12.4s]
    pair ord(x)=5 ord(ax)=65: True quotient by N(Z63) of order 126 (2080 vertices) [12.6s]
    pair ord(x)=5 ord(ax)=63: True quotient by N(Z63) of order 126 (2080 vertices) [12.5s]
    pair ord(x)=5 ord(ax)=13: True quotient by N(Z63) of order 126 (2080 vertices) [12.7s]
    pair ord(x)=5 ord(ax)=63: True quotient by N(Z63) of order 126 (2080 vertices) [13.0s]
    pair ord(x)=5 ord(ax)=63: True quotient by N(Z63) of order 126 (2080 vertices) [12.6s]
    pair ord(x)=5 ord(ax)=63: True quotient by N(Z63) of order 126 (2080 vertices) [12.7s]
    pair ord(x)=5 ord(ax)=63: True quotient by N(Z63) of order 126 (2080 vertices) [12.6s]
    pair ord(x)=5 ord(ax)=7: True quotient by N(Z63) of order 126 (2080 vertices) [12.6s]
    pair ord(x)=5 ord(ax)=65: True quotient by N(Z63) of order 126 (2080 vertices) [12.5s]
    pair ord(x)=5 ord(ax)=21: True quotient by N(Z63) of order 126 (2080 vertices) [12.6s]
    pair ord(x)=5 ord(ax)=65: True quotient by N(Z63) of order 126 (2080 vertices) [12.6s]
    pair ord(x)=5 ord(ax)=9: True quotient by N(Z63) of order 126 (2080 vertices) [12.4s]
    pair ord(x)=5 ord(ax)=65: True quotient by N(Z63) of order 126 (2080 vertices) [12.4s]
    pair ord(x)=5 ord(ax)=63: True quotient by N(Z63) of order 126 (2080 vertices) [12.4s]
    pair ord(x)=5 ord(ax)=13: True quotient by N(Z63) of order 126 (2080 vertices) [12.6s]
    pair ord(x)=5 ord(ax)=63: True quotient by N(Z63) of order 126 (2080 vertices) [12.4s]
    pair ord(x)=5 ord(ax)=21: True quotient by N(Z63) of order 126 (2080 vertices) [12.9s]
    pair ord(x)=5 ord(ax)=65: True quotient by N(Z63) of order 126 (2080 vertices) [12.4s]
    pair ord(x)=5 ord(ax)=7: True quotient by N(Z63) of order 126 (2080 vertices) [12.3s]
    pair ord(x)=5 ord(ax)=65: True quotient by N(Z63) of order 126 (2080 vertices) [12.7s]
    pair ord(x)=5 ord(ax)=65: True quotient by N(Z63) of order 126 (2080 vertices) [12.4s]
    pair ord(x)=5 ord(ax)=9: True quotient by N(Z63) of order 126 (2080 vertices) [12.3s]
    pair ord(x)=5 ord(ax)=65: True quotient by N(Z63) of order 126 (2080 vertices) [12.5s]
    pair ord(x)=5 ord(ax)=65: True quotient by N(Z63) of order 126 (2080 vertices) [12.5s]
    pair ord(x)=5 ord(ax)=63: True quotient by N(Z63) of order 126 (2080 vertices) [12.3s]
    pair ord(x)=5 ord(ax)=65: True quotient by N(Z63) of order 126 (2080 vertices) [12.3s]
    pair ord(x)=5 ord(ax)=65: True quotient by N(Z63) of order 126 (2080 vertices) [12.7s]
    pair ord(x)=5 ord(ax)=65: True quotient by N(Z63) of order 126 (2080 vertices) [12.5s]
    pair ord(x)=5 ord(ax)=65: True quotient by N(Z63) of order 126 (2080 vertices) [12.3s]
    pair ord(x)=5 ord(ax)=65: True quotient by N(Z63) of order 126 (2080 vertices) [12.3s]
    pair ord(x)=5 ord(ax)=7: True quotient by N(Z63) of order 126 (2080 vertices) [12.5s]
    pair ord(x)=5 ord(ax)=13: True quotient by N(Z63) of order 126 (2080 vertices) [12.5s]
    pair ord(x)=5 ord(ax)=65: True quotient by N(Z63) of order 126 (2080 vertices) [12.4s]
    pair ord(x)=5 ord(ax)=63: True quotient by N(Z63) of order 126 (2080 vertices) [12.3s]
    pair ord(x)=3 ord(ax)=21: True quotient by N(Z65) of order 130 (2016 vertices) [7.7s]
    pair ord(x)=5 ord(ax)=65: True quotient by N(Z63) of order 126 (2080 vertices) [12.3s]
    pair ord(x)=5 ord(ax)=21: True quotient by N(Z63) of order 126 (2080 vertices) [12.6s]
    pair ord(x)=5 ord(ax)=63: True quotient by N(Z63) of order 126 (2080 vertices) [12.5s]
    pair ord(x)=5 ord(ax)=65: True quotient by N(Z63) of order 126 (2080 vertices) [12.4s]
    pair ord(x)=3 ord(ax)=63: True quotient by N(Z65) of order 130 (2016 vertices) [7.7s]
    pair ord(x)=3 ord(ax)=65: True quotient by C(inv) of order 64 (4095 vertices) [18.9s]
    pair ord(x)=3 ord(ax)=63: True quotient by N(Z65) of order 130 (2016 vertices) [7.8s]
    pair ord(x)=3 ord(ax)=63: True quotient by N(Z65) of order 130 (2016 vertices) [7.8s]
    pair ord(x)=3 ord(ax)=63: True quotient by N(Z65) of order 130 (2016 vertices) [7.8s]
    pair ord(x)=3 ord(ax)=65: True quotient by C(inv) of order 64 (4095 vertices) [20.3s]
    pair ord(x)=3 ord(ax)=65: True quotient by C(inv) of order 64 (4095 vertices) [19.5s]
    pair ord(x)=3 ord(ax)=13: True quotient by C(inv) of order 64 (4095 vertices) [19.0s]
    pair ord(x)=3 ord(ax)=63: True quotient by N(Z65) of order 130 (2016 vertices) [7.8s]
    pair ord(x)=3 ord(ax)=65: True quotient by C(inv) of order 64 (4095 vertices) [19.3s]
    pair ord(x)=3 ord(ax)=65: True quotient by C(inv) of order 64 (4095 vertices) [20.3s]
    pair ord(x)=3 ord(ax)=65: True quotient by C(inv) of order 64 (4095 vertices) [20.3s]
    pair ord(x)=3 ord(ax)=13: True quotient by C(inv) of order 64 (4095 vertices) [20.4s]
    pair ord(x)=3 ord(ax)=63: True quotient by N(Z65) of order 130 (2016 vertices) [7.8s]
    pair ord(x)=3 ord(ax)=65: True quotient by C(inv) of order 64 (4095 vertices) [18.4s]
    pair ord(x)=3 ord(ax)=21: True quotient by N(Z65) of order 130 (2016 vertices) [7.8s]
    pair ord(x)=3 ord(ax)=65: True quotient by C(inv) of order 64 (4095 vertices) [19.4s]
    pair ord(x)=3 ord(ax)=13: True quotient by C(inv) of order 64 (4095 vertices) [20.2s]
    pair ord(x)=3 ord(ax)=65: True quotient by C(inv) of order 64 (4095 vertices) [20.2s]
    pair ord(x)=3 ord(ax)=65: True quotient by C(inv) of order 64 (4095 vertices) [19.2s]
    pair ord(x)=3 ord(ax)=65: True quotient by C(inv) of order 64 (4095 vertices) [19.7s]
    pair ord(x)=3 ord(ax)=63: True quotient by N(Z65) of order 130 (2016 vertices) [7.8s]
    pair ord(x)=3 ord(ax)=63: True quotient by N(Z65) of order 130 (2016 vertices) [7.9s]
    pair ord(x)=3 ord(ax)=63: True quotient by N(Z65) of order 130 (2016 vertices) [8.6s]
    pair ord(x)=3 ord(ax)=63: True quotient by N(Z65) of order 130 (2016 vertices) [8.6s]
    pair ord(x)=3 ord(ax)=65: True quotient by C(inv) of order 64 (4095 vertices) [20.2s]
    pair ord(x)=3 ord(ax)=65: True quotient by C(inv) of order 64 (4095 vertices) [20.1s]
    pair ord(x)=3 ord(ax)=65: True quotient by C(inv) of order 64 (4095 vertices) [21.3s]
    pair ord(x)=3 ord(ax)=63: True quotient by N(Z65) of order 130 (2016 vertices) [8.4s]
    pair ord(x)=3 ord(ax)=13: True quotient by C(inv) of order 64 (4095 vertices) [20.1s]
    pair ord(x)=3 ord(ax)=63: True quotient by N(Z65) of order 130 (2016 vertices) [8.3s]
    pair ord(x)=3 ord(ax)=21: True quotient by N(Z65) of order 130 (2016 vertices) [7.6s]
    pair ord(x)=3 ord(ax)=65: True quotient by C(inv) of order 64 (4095 vertices) [21.0s]
    pair ord(x)=3 ord(ax)=63: True quotient by N(Z65) of order 130 (2016 vertices) [7.8s]
    pair ord(x)=3 ord(ax)=65: True quotient by C(inv) of order 64 (4095 vertices) [20.0s]
    pair ord(x)=3 ord(ax)=21: True quotient by N(Z65) of order 130 (2016 vertices) [7.8s]
    pair ord(x)=3 ord(ax)=63: True quotient by N(Z65) of order 130 (2016 vertices) [7.8s]
    pair ord(x)=3 ord(ax)=21: True quotient by N(Z65) of order 130 (2016 vertices) [7.6s]
    pair ord(x)=3 ord(ax)=65: True quotient by C(inv) of order 64 (4095 vertices) [20.7s]
    pair ord(x)=3 ord(ax)=63: True quotient by N(Z65) of order 130 (2016 vertices) [7.8s]
    pair ord(x)=3 ord(ax)=63: True quotient by N(Z65) of order 130 (2016 vertices) [7.7s]
    pair ord(x)=3 ord(ax)=21: True quotient by N(Z65) of order 130 (2016 vertices) [7.6s]
    pair ord(x)=3 ord(ax)=63: True quotient by N(Z65) of order 130 (2016 vertices) [7.7s]
    pair ord(x)=3 ord(ax)=65: True quotient by C(inv) of order 64 (4095 vertices) [19.3s]
    pair ord(x)=3 ord(ax)=65: True quotient by C(inv) of order 64 (4095 vertices) [20.0s]
    pair ord(x)=3 ord(ax)=65: True quotient by C(inv) of order 64 (4095 vertices) [19.1s]
    pair ord(x)=3 ord(ax)=63: True quotient by N(Z65) of order 130 (2016 vertices) [7.7s]
    pair ord(x)=3 ord(ax)=65: True quotient by C(inv) of order 64 (4095 vertices) [20.3s]
    pair ord(x)=3 ord(ax)=65: True quotient by C(inv) of order 64 (4095 vertices) [20.3s]
    pair ord(x)=65 ord(ax)=65: True quotient by N(Z63) of order 126 (2080 vertices) [11.7s]
    pair ord(x)=3 ord(ax)=13: True quotient by C(inv) of order 64 (4095 vertices) [18.5s]
    pair ord(x)=65 ord(ax)=65: True quotient by N(Z63) of order 126 (2080 vertices) [11.6s]
    pair ord(x)=65 ord(ax)=65: True quotient by N(Z63) of order 126 (2080 vertices) [11.5s]
    pair ord(x)=3 ord(ax)=13: True quotient by C(inv) of order 64 (4095 vertices) [19.7s]
    pair ord(x)=3 ord(ax)=65: True quotient by C(inv) of order 64 (4095 vertices) [19.5s]
    pair ord(x)=65 ord(ax)=21: True quotient by N(Z63) of order 126 (2080 vertices) [11.5s]
    pair ord(x)=65 ord(ax)=63: True quotient by N(Z63) of order 126 (2080 vertices) [11.5s]
    pair ord(x)=3 ord(ax)=65: True quotient by C(inv) of order 64 (4095 vertices) [19.3s]
    pair ord(x)=65 ord(ax)=63: True quotient by N(Z63) of order 126 (2080 vertices) [11.6s]
    pair ord(x)=65 ord(ax)=63: True quotient by N(Z63) of order 126 (2080 vertices) [11.7s]
    pair ord(x)=65 ord(ax)=65: True quotient by N(Z63) of order 126 (2080 vertices) [11.7s]
    pair ord(x)=65 ord(ax)=63: True quotient by N(Z63) of order 126 (2080 vertices) [11.5s]
    pair ord(x)=65 ord(ax)=63: True quotient by N(Z63) of order 126 (2080 vertices) [11.5s]
    pair ord(x)=65 ord(ax)=65: True quotient by N(Z63) of order 126 (2080 vertices) [11.5s]
    pair ord(x)=65 ord(ax)=63: True quotient by N(Z63) of order 126 (2080 vertices) [11.6s]
    pair ord(x)=65 ord(ax)=13: True quotient by N(Z63) of order 126 (2080 vertices) [11.6s]
    pair ord(x)=65 ord(ax)=65: True quotient by N(Z63) of order 126 (2080 vertices) [11.9s]
    pair ord(x)=65 ord(ax)=21: True quotient by N(Z63) of order 126 (2080 vertices) [11.6s]
    pair ord(x)=65 ord(ax)=65: True quotient by N(Z63) of order 126 (2080 vertices) [11.8s]
    pair ord(x)=65 ord(ax)=65: True quotient by N(Z63) of order 126 (2080 vertices) [11.7s]
    pair ord(x)=65 ord(ax)=65: True quotient by N(Z63) of order 126 (2080 vertices) [11.4s]
    pair ord(x)=65 ord(ax)=63: True quotient by N(Z63) of order 126 (2080 vertices) [11.5s]
    pair ord(x)=65 ord(ax)=21: True quotient by N(Z63) of order 126 (2080 vertices) [11.6s]
    pair ord(x)=65 ord(ax)=9: True quotient by N(Z63) of order 126 (2080 vertices) [11.6s]
    pair ord(x)=65 ord(ax)=65: True quotient by N(Z63) of order 126 (2080 vertices) [11.8s]
    pair ord(x)=65 ord(ax)=21: True quotient by N(Z63) of order 126 (2080 vertices) [11.6s]
    pair ord(x)=65 ord(ax)=65: True quotient by N(Z63) of order 126 (2080 vertices) [11.6s]
    pair ord(x)=65 ord(ax)=13: True quotient by N(Z63) of order 126 (2080 vertices) [11.4s]
    pair ord(x)=65 ord(ax)=21: True quotient by N(Z63) of order 126 (2080 vertices) [11.6s]
    pair ord(x)=65 ord(ax)=65: True quotient by N(Z63) of order 126 (2080 vertices) [12.2s]
    pair ord(x)=65 ord(ax)=63: True quotient by N(Z63) of order 126 (2080 vertices) [12.7s]
    pair ord(x)=65 ord(ax)=3: True quotient by N(Z63) of order 126 (2080 vertices) [12.5s]
    pair ord(x)=65 ord(ax)=63: True quotient by N(Z63) of order 126 (2080 vertices) [12.4s]
    pair ord(x)=65 ord(ax)=7: True quotient by N(Z63) of order 126 (2080 vertices) [12.5s]
    pair ord(x)=65 ord(ax)=65: True quotient by N(Z63) of order 126 (2080 vertices) [12.7s]
    pair ord(x)=65 ord(ax)=9: True quotient by N(Z63) of order 126 (2080 vertices) [12.5s]
    pair ord(x)=65 ord(ax)=65: True quotient by N(Z63) of order 126 (2080 vertices) [12.8s]
    pair ord(x)=65 ord(ax)=65: True quotient by N(Z63) of order 126 (2080 vertices) [12.7s]
    pair ord(x)=65 ord(ax)=63: True quotient by N(Z63) of order 126 (2080 vertices) [12.7s]
    pair ord(x)=65 ord(ax)=13: True quotient by N(Z63) of order 126 (2080 vertices) [12.6s]
    pair ord(x)=65 ord(ax)=65: True quotient by N(Z63) of order 126 (2080 vertices) [12.3s]
    pair ord(x)=65 ord(ax)=13: True quotient by N(Z63) of order 126 (2080 vertices) [12.0s]
    pair ord(x)=65 ord(ax)=65: True quotient by N(Z63) of order 126 (2080 vertices) [12.0s]
    pair ord(x)=65 ord(ax)=65: True quotient by N(Z63) of order 126 (2080 vertices) [11.9s]
    pair ord(x)=65 ord(ax)=65: True quotient by N(Z63) of order 126 (2080 vertices) [12.0s]
    pair ord(x)=65 ord(ax)=13: True quotient by N(Z63) of order 126 (2080 vertices) [12.3s]
    pair ord(x)=65 ord(ax)=5: True quotient by N(Z63) of order 126 (2080 vertices) [12.3s]
    pair ord(x)=65 ord(ax)=65: True quotient by N(Z63) of order 126 (2080 vertices) [12.2s]
    pair ord(x)=65 ord(ax)=7: True quotient by N(Z63) of order 126 (2080 vertices) [12.0s]
    pair ord(x)=65 ord(ax)=63: True quotient by N(Z63) of order 126 (2080 vertices) [11.9s]
    pair ord(x)=65 ord(ax)=63: True quotient by N(Z63) of order 126 (2080 vertices) [11.9s]
    pair ord(x)=65 ord(ax)=63: True quotient by N(Z63) of order 126 (2080 vertices) [12.0s]
    pair ord(x)=65 ord(ax)=5: True quotient by N(Z63) of order 126 (2080 vertices) [11.9s]
    pair ord(x)=65 ord(ax)=63: True quotient by N(Z63) of order 126 (2080 vertices) [11.8s]
    pair ord(x)=65 ord(ax)=63: True quotient by N(Z63) of order 126 (2080 vertices) [11.9s]
    pair ord(x)=65 ord(ax)=65: True quotient by N(Z63) of order 126 (2080 vertices) [11.8s]
    pair ord(x)=65 ord(ax)=63: True quotient by N(Z63) of order 126 (2080 vertices) [11.7s]
    pair ord(x)=65 ord(ax)=9: True quotient by N(Z63) of order 126 (2080 vertices) [11.7s]
    pair ord(x)=65 ord(ax)=65: True quotient by N(Z63) of order 126 (2080 vertices) [11.8s]
    pair ord(x)=65 ord(ax)=65: True quotient by N(Z63) of order 126 (2080 vertices) [11.8s]
    pair ord(x)=65 ord(ax)=63: True quotient by N(Z63) of order 126 (2080 vertices) [11.9s]
    pair ord(x)=65 ord(ax)=21: True quotient by N(Z63) of order 126 (2080 vertices) [12.0s]
    pair ord(x)=65 ord(ax)=7: True quotient by N(Z63) of order 126 (2080 vertices) [11.8s]
    pair ord(x)=7 ord(ax)=65: True quotient by N(Z65) of order 130 (2016 vertices) [7.8s]
    pair ord(x)=7 ord(ax)=65: True quotient by N(Z65) of order 130 (2016 vertices) [7.2s]
    pair ord(x)=7 ord(ax)=63: True quotient by N(Z65) of order 130 (2016 vertices) [8.3s]
    pair ord(x)=7 ord(ax)=65: True quotient by N(Z65) of order 130 (2016 vertices) [8.2s]
    pair ord(x)=7 ord(ax)=13: True quotient by N(Z65) of order 130 (2016 vertices) [7.2s]
    pair ord(x)=7 ord(ax)=65: True quotient by N(Z65) of order 130 (2016 vertices) [7.2s]
    pair ord(x)=7 ord(ax)=5: True quotient by N(Z65) of order 130 (2016 vertices) [7.7s]
    pair ord(x)=65 ord(ax)=13: True quotient by N(Z63) of order 126 (2080 vertices) [12.0s]
    pair ord(x)=65 ord(ax)=63: True quotient by N(Z63) of order 126 (2080 vertices) [11.8s]
    pair ord(x)=7 ord(ax)=65: True quotient by N(Z65) of order 130 (2016 vertices) [7.2s]
    pair ord(x)=7 ord(ax)=63: True quotient by N(Z65) of order 130 (2016 vertices) [7.7s]
    pair ord(x)=7 ord(ax)=65: True quotient by N(Z65) of order 130 (2016 vertices) [7.2s]
    pair ord(x)=7 ord(ax)=65: True quotient by N(Z65) of order 130 (2016 vertices) [7.2s]
    pair ord(x)=7 ord(ax)=21: True quotient by N(Z65) of order 130 (2016 vertices) [8.2s]
    pair ord(x)=7 ord(ax)=65: True quotient by N(Z65) of order 130 (2016 vertices) [7.2s]
    pair ord(x)=7 ord(ax)=63: True quotient by N(Z65) of order 130 (2016 vertices) [7.1s]
    pair ord(x)=7 ord(ax)=65: True quotient by N(Z65) of order 130 (2016 vertices) [7.1s]
    pair ord(x)=7 ord(ax)=65: True quotient by N(Z65) of order 130 (2016 vertices) [7.2s]
    pair ord(x)=7 ord(ax)=65: True quotient by N(Z65) of order 130 (2016 vertices) [7.2s]
    pair ord(x)=7 ord(ax)=21: True quotient by N(Z65) of order 130 (2016 vertices) [7.2s]
    pair ord(x)=7 ord(ax)=65: True quotient by N(Z65) of order 130 (2016 vertices) [7.7s]
    pair ord(x)=7 ord(ax)=21: True quotient by N(Z65) of order 130 (2016 vertices) [7.2s]
    pair ord(x)=7 ord(ax)=21: True quotient by N(Z65) of order 130 (2016 vertices) [7.3s]
    pair ord(x)=7 ord(ax)=63: True quotient by N(Z65) of order 130 (2016 vertices) [7.9s]
    pair ord(x)=7 ord(ax)=63: True quotient by N(Z65) of order 130 (2016 vertices) [7.9s]
    pair ord(x)=7 ord(ax)=13: True quotient by N(Z65) of order 130 (2016 vertices) [7.2s]
    pair ord(x)=7 ord(ax)=65: True quotient by N(Z65) of order 130 (2016 vertices) [7.8s]
    pair ord(x)=7 ord(ax)=65: True quotient by N(Z65) of order 130 (2016 vertices) [8.6s]
    pair ord(x)=7 ord(ax)=65: True quotient by N(Z65) of order 130 (2016 vertices) [7.6s]
    pair ord(x)=7 ord(ax)=65: True quotient by N(Z65) of order 130 (2016 vertices) [7.6s]
    pair ord(x)=7 ord(ax)=13: True quotient by N(Z65) of order 130 (2016 vertices) [8.8s]
    pair ord(x)=7 ord(ax)=63: True quotient by N(Z65) of order 130 (2016 vertices) [7.9s]
    pair ord(x)=7 ord(ax)=63: True quotient by N(Z65) of order 130 (2016 vertices) [8.7s]
    pair ord(x)=7 ord(ax)=21: True quotient by N(Z65) of order 130 (2016 vertices) [8.0s]
    pair ord(x)=7 ord(ax)=63: True quotient by N(Z65) of order 130 (2016 vertices) [7.9s]
    pair ord(x)=7 ord(ax)=5: True quotient by N(Z65) of order 130 (2016 vertices) [7.9s]
    pair ord(x)=7 ord(ax)=65: True quotient by N(Z65) of order 130 (2016 vertices) [7.9s]
    pair ord(x)=7 ord(ax)=63: True quotient by N(Z65) of order 130 (2016 vertices) [8.5s]
    pair ord(x)=7 ord(ax)=65: True quotient by N(Z65) of order 130 (2016 vertices) [7.6s]
    pair ord(x)=7 ord(ax)=63: True quotient by N(Z65) of order 130 (2016 vertices) [7.6s]
    pair ord(x)=7 ord(ax)=63: True quotient by N(Z65) of order 130 (2016 vertices) [8.5s]
    pair ord(x)=7 ord(ax)=63: True quotient by N(Z65) of order 130 (2016 vertices) [7.4s]
    pair ord(x)=7 ord(ax)=63: True quotient by N(Z65) of order 130 (2016 vertices) [7.3s]
    pair ord(x)=7 ord(ax)=21: True quotient by N(Z65) of order 130 (2016 vertices) [7.3s]
    pair ord(x)=7 ord(ax)=63: True quotient by N(Z65) of order 130 (2016 vertices) [7.4s]
    pair ord(x)=7 ord(ax)=13: True quotient by N(Z65) of order 130 (2016 vertices) [7.4s]
    pair ord(x)=7 ord(ax)=65: True quotient by N(Z65) of order 130 (2016 vertices) [7.4s]
    pair ord(x)=7 ord(ax)=65: True quotient by N(Z65) of order 130 (2016 vertices) [7.4s]
    pair ord(x)=7 ord(ax)=65: True quotient by N(Z65) of order 130 (2016 vertices) [7.4s]
    pair ord(x)=7 ord(ax)=63: True quotient by N(Z65) of order 130 (2016 vertices) [7.4s]
    pair ord(x)=7 ord(ax)=65: True quotient by N(Z65) of order 130 (2016 vertices) [8.1s]
    pair ord(x)=7 ord(ax)=13: True quotient by N(Z65) of order 130 (2016 vertices) [7.3s]
    pair ord(x)=7 ord(ax)=63: True quotient by N(Z65) of order 130 (2016 vertices) [7.4s]
    pair ord(x)=7 ord(ax)=65: True quotient by N(Z65) of order 130 (2016 vertices) [7.9s]
    pair ord(x)=7 ord(ax)=65: True quotient by N(Z65) of order 130 (2016 vertices) [7.2s]
    pair ord(x)=7 ord(ax)=13: True quotient by N(Z65) of order 130 (2016 vertices) [7.1s]
    pair ord(x)=7 ord(ax)=63: True quotient by N(Z65) of order 130 (2016 vertices) [7.2s]
    pair ord(x)=63 ord(ax)=63: True quotient by N(Z65) of order 130 (2016 vertices) [7.0s]
    pair ord(x)=7 ord(ax)=63: True quotient by N(Z65) of order 130 (2016 vertices) [7.7s]
    pair ord(x)=63 ord(ax)=21: True quotient by N(Z65) of order 130 (2016 vertices) [7.0s]
    pair ord(x)=63 ord(ax)=21: True quotient by N(Z65) of order 130 (2016 vertices) [7.0s]
    pair ord(x)=63 ord(ax)=65: True quotient by N(Z65) of order 130 (2016 vertices) [7.0s]
    pair ord(x)=63 ord(ax)=63: True quotient by N(Z65) of order 130 (2016 vertices) [7.0s]
    pair ord(x)=63 ord(ax)=63: True quotient by N(Z65) of order 130 (2016 vertices) [7.0s]
    pair ord(x)=63 ord(ax)=65: True quotient by N(Z65) of order 130 (2016 vertices) [7.0s]
    pair ord(x)=63 ord(ax)=65: True quotient by N(Z65) of order 130 (2016 vertices) [7.0s]
    pair ord(x)=63 ord(ax)=63: True quotient by N(Z65) of order 130 (2016 vertices) [6.9s]
    pair ord(x)=63 ord(ax)=13: True quotient by N(Z65) of order 130 (2016 vertices) [7.0s]
    pair ord(x)=63 ord(ax)=65: True quotient by N(Z65) of order 130 (2016 vertices) [7.0s]
    pair ord(x)=63 ord(ax)=65: True quotient by N(Z65) of order 130 (2016 vertices) [7.0s]
    pair ord(x)=63 ord(ax)=65: True quotient by N(Z65) of order 130 (2016 vertices) [7.0s]
    pair ord(x)=63 ord(ax)=21: True quotient by N(Z65) of order 130 (2016 vertices) [6.9s]
    pair ord(x)=63 ord(ax)=65: True quotient by N(Z65) of order 130 (2016 vertices) [7.0s]
    pair ord(x)=63 ord(ax)=9: True quotient by N(Z65) of order 130 (2016 vertices) [7.0s]
    pair ord(x)=63 ord(ax)=65: True quotient by N(Z65) of order 130 (2016 vertices) [7.0s]
    pair ord(x)=63 ord(ax)=63: True quotient by N(Z65) of order 130 (2016 vertices) [7.0s]
    pair ord(x)=63 ord(ax)=63: True quotient by N(Z65) of order 130 (2016 vertices) [7.0s]
    pair ord(x)=63 ord(ax)=65: True quotient by N(Z65) of order 130 (2016 vertices) [7.0s]
    pair ord(x)=63 ord(ax)=65: True quotient by N(Z65) of order 130 (2016 vertices) [7.0s]
    pair ord(x)=63 ord(ax)=63: True quotient by N(Z65) of order 130 (2016 vertices) [7.0s]
    pair ord(x)=63 ord(ax)=7: True quotient by N(Z65) of order 130 (2016 vertices) [7.0s]
    pair ord(x)=63 ord(ax)=9: True quotient by N(Z65) of order 130 (2016 vertices) [7.0s]
    pair ord(x)=63 ord(ax)=5: True quotient by N(Z65) of order 130 (2016 vertices) [7.0s]
    pair ord(x)=63 ord(ax)=65: True quotient by N(Z65) of order 130 (2016 vertices) [7.0s]
    pair ord(x)=63 ord(ax)=63: True quotient by N(Z65) of order 130 (2016 vertices) [7.0s]
    pair ord(x)=63 ord(ax)=65: True quotient by N(Z65) of order 130 (2016 vertices) [7.1s]
    pair ord(x)=63 ord(ax)=63: True quotient by N(Z65) of order 130 (2016 vertices) [7.0s]
    pair ord(x)=63 ord(ax)=65: True quotient by N(Z65) of order 130 (2016 vertices) [7.0s]
    pair ord(x)=63 ord(ax)=21: True quotient by N(Z65) of order 130 (2016 vertices) [7.0s]
    pair ord(x)=63 ord(ax)=65: True quotient by N(Z65) of order 130 (2016 vertices) [7.0s]
    pair ord(x)=63 ord(ax)=21: True quotient by N(Z65) of order 130 (2016 vertices) [7.0s]
    pair ord(x)=63 ord(ax)=13: True quotient by N(Z65) of order 130 (2016 vertices) [7.0s]
    pair ord(x)=63 ord(ax)=65: True quotient by N(Z65) of order 130 (2016 vertices) [7.1s]
    pair ord(x)=63 ord(ax)=65: True quotient by N(Z65) of order 130 (2016 vertices) [7.0s]
    pair ord(x)=63 ord(ax)=63: True quotient by N(Z65) of order 130 (2016 vertices) [7.1s]
    pair ord(x)=63 ord(ax)=65: True quotient by N(Z65) of order 130 (2016 vertices) [7.1s]
    pair ord(x)=63 ord(ax)=7: True quotient by N(Z65) of order 130 (2016 vertices) [7.1s]
    pair ord(x)=63 ord(ax)=65: True quotient by N(Z65) of order 130 (2016 vertices) [7.0s]
    pair ord(x)=63 ord(ax)=63: True quotient by N(Z65) of order 130 (2016 vertices) [7.1s]
    pair ord(x)=63 ord(ax)=3: True quotient by N(Z65) of order 130 (2016 vertices) [7.0s]
    pair ord(x)=63 ord(ax)=13: True quotient by N(Z65) of order 130 (2016 vertices) [7.0s]
    pair ord(x)=63 ord(ax)=65: True quotient by N(Z65) of order 130 (2016 vertices) [7.0s]
    pair ord(x)=63 ord(ax)=65: True quotient by N(Z65) of order 130 (2016 vertices) [7.0s]
    pair ord(x)=63 ord(ax)=63: True quotient by N(Z65) of order 130 (2016 vertices) [6.9s]
    pair ord(x)=63 ord(ax)=63: True quotient by N(Z65) of order 130 (2016 vertices) [6.9s]
    pair ord(x)=63 ord(ax)=63: True quotient by N(Z65) of order 130 (2016 vertices) [6.9s]
    pair ord(x)=63 ord(ax)=65: True quotient by N(Z65) of order 130 (2016 vertices) [6.9s]
    pair ord(x)=63 ord(ax)=21: True quotient by N(Z65) of order 130 (2016 vertices) [7.0s]
    pair ord(x)=63 ord(ax)=65: True quotient by N(Z65) of order 130 (2016 vertices) [7.0s]
    pair ord(x)=63 ord(ax)=13: True quotient by N(Z65) of order 130 (2016 vertices) [6.9s]
    pair ord(x)=63 ord(ax)=63: True quotient by N(Z65) of order 130 (2016 vertices) [6.9s]
    pair ord(x)=63 ord(ax)=13: True quotient by N(Z65) of order 130 (2016 vertices) [7.0s]
    pair ord(x)=63 ord(ax)=65: True quotient by N(Z65) of order 130 (2016 vertices) [7.0s]
    pair ord(x)=63 ord(ax)=63: True quotient by N(Z65) of order 130 (2016 vertices) [6.9s]
    pair ord(x)=63 ord(ax)=9: True quotient by N(Z65) of order 130 (2016 vertices) [6.9s]
    pair ord(x)=63 ord(ax)=13: True quotient by N(Z65) of order 130 (2016 vertices) [6.9s]
    pair ord(x)=63 ord(ax)=5: True quotient by N(Z65) of order 130 (2016 vertices) [6.9s]
    pair ord(x)=63 ord(ax)=7: True quotient by N(Z65) of order 130 (2016 vertices) [6.9s]
    pair ord(x)=63 ord(ax)=63: True quotient by N(Z65) of order 130 (2016 vertices) [6.9s]
    pair ord(x)=63 ord(ax)=65: True quotient by N(Z65) of order 130 (2016 vertices) [6.9s]
    pair ord(x)=65 ord(ax)=65: True quotient by N(Z63) of order 126 (2080 vertices) [11.8s]
    pair ord(x)=65 ord(ax)=65: True quotient by N(Z63) of order 126 (2080 vertices) [11.9s]
    pair ord(x)=65 ord(ax)=65: True quotient by N(Z63) of order 126 (2080 vertices) [12.2s]
    pair ord(x)=65 ord(ax)=63: True quotient by N(Z63) of order 126 (2080 vertices) [11.7s]
    pair ord(x)=65 ord(ax)=13: True quotient by N(Z63) of order 126 (2080 vertices) [11.9s]
    pair ord(x)=65 ord(ax)=63: True quotient by N(Z63) of order 126 (2080 vertices) [11.7s]
    pair ord(x)=65 ord(ax)=63: True quotient by N(Z63) of order 126 (2080 vertices) [11.8s]
    pair ord(x)=65 ord(ax)=21: True quotient by N(Z63) of order 126 (2080 vertices) [11.7s]
    pair ord(x)=65 ord(ax)=13: True quotient by N(Z63) of order 126 (2080 vertices) [12.0s]
    pair ord(x)=65 ord(ax)=65: True quotient by N(Z63) of order 126 (2080 vertices) [12.0s]
    pair ord(x)=65 ord(ax)=63: True quotient by N(Z63) of order 126 (2080 vertices) [11.8s]
    pair ord(x)=65 ord(ax)=9: True quotient by N(Z63) of order 126 (2080 vertices) [11.7s]
    pair ord(x)=65 ord(ax)=65: True quotient by N(Z63) of order 126 (2080 vertices) [11.8s]
    pair ord(x)=65 ord(ax)=21: True quotient by N(Z63) of order 126 (2080 vertices) [11.8s]
    pair ord(x)=65 ord(ax)=65: True quotient by N(Z63) of order 126 (2080 vertices) [12.0s]
    pair ord(x)=65 ord(ax)=65: True quotient by N(Z63) of order 126 (2080 vertices) [11.9s]
    pair ord(x)=65 ord(ax)=13: True quotient by N(Z63) of order 126 (2080 vertices) [11.9s]
    pair ord(x)=65 ord(ax)=13: True quotient by N(Z63) of order 126 (2080 vertices) [11.8s]
    pair ord(x)=65 ord(ax)=65: True quotient by N(Z63) of order 126 (2080 vertices) [12.0s]
    pair ord(x)=65 ord(ax)=65: True quotient by N(Z63) of order 126 (2080 vertices) [11.8s]
    pair ord(x)=65 ord(ax)=63: True quotient by N(Z63) of order 126 (2080 vertices) [11.7s]
    pair ord(x)=65 ord(ax)=63: True quotient by N(Z63) of order 126 (2080 vertices) [11.7s]
    pair ord(x)=65 ord(ax)=21: True quotient by N(Z63) of order 126 (2080 vertices) [11.6s]
    pair ord(x)=65 ord(ax)=65: True quotient by N(Z63) of order 126 (2080 vertices) [11.6s]
    pair ord(x)=65 ord(ax)=65: True quotient by N(Z63) of order 126 (2080 vertices) [12.0s]
    pair ord(x)=65 ord(ax)=9: True quotient by N(Z63) of order 126 (2080 vertices) [11.8s]
    pair ord(x)=65 ord(ax)=65: True quotient by N(Z63) of order 126 (2080 vertices) [12.0s]
    pair ord(x)=65 ord(ax)=65: True quotient by N(Z63) of order 126 (2080 vertices) [11.8s]
    pair ord(x)=65 ord(ax)=7: True quotient by N(Z63) of order 126 (2080 vertices) [11.8s]
    pair ord(x)=65 ord(ax)=9: True quotient by N(Z63) of order 126 (2080 vertices) [11.8s]
    pair ord(x)=65 ord(ax)=13: True quotient by N(Z63) of order 126 (2080 vertices) [11.8s]
    pair ord(x)=65 ord(ax)=65: True quotient by N(Z63) of order 126 (2080 vertices) [12.0s]
    pair ord(x)=65 ord(ax)=65: True quotient by N(Z63) of order 126 (2080 vertices) [12.0s]
    pair ord(x)=65 ord(ax)=63: True quotient by N(Z63) of order 126 (2080 vertices) [11.8s]
    pair ord(x)=65 ord(ax)=65: True quotient by N(Z63) of order 126 (2080 vertices) [12.1s]
    pair ord(x)=65 ord(ax)=65: True quotient by N(Z63) of order 126 (2080 vertices) [12.0s]
    pair ord(x)=65 ord(ax)=65: True quotient by N(Z63) of order 126 (2080 vertices) [12.0s]
    pair ord(x)=65 ord(ax)=65: True quotient by N(Z63) of order 126 (2080 vertices) [12.1s]
    pair ord(x)=65 ord(ax)=63: True quotient by N(Z63) of order 126 (2080 vertices) [12.0s]
    pair ord(x)=65 ord(ax)=63: True quotient by N(Z63) of order 126 (2080 vertices) [11.9s]
    pair ord(x)=65 ord(ax)=63: True quotient by N(Z63) of order 126 (2080 vertices) [12.0s]
    pair ord(x)=65 ord(ax)=3: True quotient by N(Z63) of order 126 (2080 vertices) [12.2s]
    pair ord(x)=65 ord(ax)=21: True quotient by N(Z63) of order 126 (2080 vertices) [11.9s]
    pair ord(x)=65 ord(ax)=63: True quotient by N(Z63) of order 126 (2080 vertices) [11.9s]
    pair ord(x)=65 ord(ax)=5: True quotient by N(Z63) of order 126 (2080 vertices) [11.9s]
    pair ord(x)=65 ord(ax)=63: True quotient by N(Z63) of order 126 (2080 vertices) [11.9s]
    pair ord(x)=65 ord(ax)=63: True quotient by N(Z63) of order 126 (2080 vertices) [11.9s]
    pair ord(x)=65 ord(ax)=63: True quotient by N(Z63) of order 126 (2080 vertices) [12.0s]
    pair ord(x)=65 ord(ax)=65: True quotient by N(Z63) of order 126 (2080 vertices) [12.0s]
    pair ord(x)=65 ord(ax)=65: True quotient by N(Z63) of order 126 (2080 vertices) [12.0s]
    pair ord(x)=65 ord(ax)=65: True quotient by N(Z63) of order 126 (2080 vertices) [11.8s]
    pair ord(x)=65 ord(ax)=63: True quotient by N(Z63) of order 126 (2080 vertices) [11.9s]
    pair ord(x)=65 ord(ax)=63: True quotient by N(Z63) of order 126 (2080 vertices) [11.8s]
    pair ord(x)=65 ord(ax)=21: True quotient by N(Z63) of order 126 (2080 vertices) [11.8s]
    pair ord(x)=65 ord(ax)=65: True quotient by N(Z63) of order 126 (2080 vertices) [12.0s]
    pair ord(x)=65 ord(ax)=5: True quotient by N(Z63) of order 126 (2080 vertices) [12.0s]
    pair ord(x)=65 ord(ax)=13: True quotient by N(Z63) of order 126 (2080 vertices) [12.0s]
    pair ord(x)=65 ord(ax)=7: True quotient by N(Z63) of order 126 (2080 vertices) [11.9s]
    pair ord(x)=65 ord(ax)=21: True quotient by N(Z63) of order 126 (2080 vertices) [11.9s]
    pair ord(x)=65 ord(ax)=63: True quotient by N(Z63) of order 126 (2080 vertices) [11.7s]
    pair ord(x)=65 ord(ax)=7: True quotient by N(Z63) of order 126 (2080 vertices) [12.0s]
    pair ord(x)=65 ord(ax)=63: True quotient by N(Z63) of order 126 (2080 vertices) [11.8s]
    pair ord(x)=65 ord(ax)=63: True quotient by N(Z63) of order 126 (2080 vertices) [11.9s]
    pair ord(x)=65 ord(ax)=65: True quotient by N(Z63) of order 126 (2080 vertices) [12.0s]
    pair ord(x)=65 ord(ax)=7: True quotient by N(Z63) of order 126 (2080 vertices) [11.8s]
    pair ord(x)=65 ord(ax)=63: True quotient by N(Z63) of order 126 (2080 vertices) [11.8s]
    pair ord(x)=65 ord(ax)=63: True quotient by N(Z63) of order 126 (2080 vertices) [11.8s]
    pair ord(x)=65 ord(ax)=13: True quotient by N(Z63) of order 126 (2080 vertices) [11.7s]
    pair ord(x)=65 ord(ax)=65: True quotient by N(Z63) of order 126 (2080 vertices) [11.9s]
    pair ord(x)=65 ord(ax)=63: True quotient by N(Z63) of order 126 (2080 vertices) [11.9s]
    pair ord(x)=65 ord(ax)=21: True quotient by N(Z63) of order 126 (2080 vertices) [11.8s]
    pair ord(x)=65 ord(ax)=63: True quotient by N(Z63) of order 126 (2080 vertices) [11.8s]
    pair ord(x)=65 ord(ax)=63: True quotient by N(Z63) of order 126 (2080 vertices) [11.7s]
    pair ord(x)=65 ord(ax)=65: True quotient by N(Z63) of order 126 (2080 vertices) [11.8s]
    pair ord(x)=65 ord(ax)=65: True quotient by N(Z63) of order 126 (2080 vertices) [11.7s]
    pair ord(x)=65 ord(ax)=63: True quotient by N(Z63) of order 126 (2080 vertices) [11.6s]
    pair ord(x)=65 ord(ax)=65: True quotient by N(Z63) of order 126 (2080 vertices) [12.0s]
    pair ord(x)=65 ord(ax)=5: True quotient by N(Z63) of order 126 (2080 vertices) [12.2s]
    pair ord(x)=65 ord(ax)=63: True quotient by N(Z63) of order 126 (2080 vertices) [11.9s]
    pair ord(x)=65 ord(ax)=65: True quotient by N(Z63) of order 126 (2080 vertices) [11.9s]
    pair ord(x)=65 ord(ax)=13: True quotient by N(Z63) of order 126 (2080 vertices) [12.0s]
    pair ord(x)=65 ord(ax)=65: True quotient by N(Z63) of order 126 (2080 vertices) [12.2s]
    pair ord(x)=65 ord(ax)=7: True quotient by N(Z63) of order 126 (2080 vertices) [11.9s]
    pair ord(x)=65 ord(ax)=9: True quotient by N(Z63) of order 126 (2080 vertices) [11.9s]
    pair ord(x)=65 ord(ax)=65: True quotient by N(Z63) of order 126 (2080 vertices) [12.1s]
    pair ord(x)=65 ord(ax)=65: True quotient by N(Z63) of order 126 (2080 vertices) [11.9s]
    pair ord(x)=65 ord(ax)=65: True quotient by N(Z63) of order 126 (2080 vertices) [12.0s]
    pair ord(x)=65 ord(ax)=7: True quotient by N(Z63) of order 126 (2080 vertices) [12.0s]
    pair ord(x)=65 ord(ax)=63: True quotient by N(Z63) of order 126 (2080 vertices) [11.7s]
    pair ord(x)=65 ord(ax)=65: True quotient by N(Z63) of order 126 (2080 vertices) [11.8s]
    pair ord(x)=65 ord(ax)=63: True quotient by N(Z63) of order 126 (2080 vertices) [11.7s]
    pair ord(x)=65 ord(ax)=65: True quotient by N(Z63) of order 126 (2080 vertices) [11.9s]
    pair ord(x)=65 ord(ax)=65: True quotient by N(Z63) of order 126 (2080 vertices) [11.9s]
    pair ord(x)=65 ord(ax)=65: True quotient by N(Z63) of order 126 (2080 vertices) [11.8s]
    pair ord(x)=65 ord(ax)=3: True quotient by N(Z63) of order 126 (2080 vertices) [11.7s]
    pair ord(x)=65 ord(ax)=63: True quotient by N(Z63) of order 126 (2080 vertices) [11.7s]
    pair ord(x)=65 ord(ax)=63: True quotient by N(Z63) of order 126 (2080 vertices) [11.7s]
    pair ord(x)=65 ord(ax)=65: True quotient by N(Z63) of order 126 (2080 vertices) [11.7s]
    pair ord(x)=65 ord(ax)=63: True quotient by N(Z63) of order 126 (2080 vertices) [11.8s]
    pair ord(x)=65 ord(ax)=65: True quotient by N(Z63) of order 126 (2080 vertices) [12.0s]
    pair ord(x)=65 ord(ax)=21: True quotient by N(Z63) of order 126 (2080 vertices) [11.7s]
    pair ord(x)=65 ord(ax)=63: True quotient by N(Z63) of order 126 (2080 vertices) [11.8s]
    pair ord(x)=65 ord(ax)=65: True quotient by N(Z63) of order 126 (2080 vertices) [11.9s]
    pair ord(x)=65 ord(ax)=13: True quotient by N(Z63) of order 126 (2080 vertices) [11.9s]
    pair ord(x)=65 ord(ax)=65: True quotient by N(Z63) of order 126 (2080 vertices) [11.8s]
    pair ord(x)=65 ord(ax)=65: True quotient by N(Z63) of order 126 (2080 vertices) [11.9s]
    pair ord(x)=65 ord(ax)=63: True quotient by N(Z63) of order 126 (2080 vertices) [11.7s]
    pair ord(x)=65 ord(ax)=21: True quotient by N(Z63) of order 126 (2080 vertices) [11.7s]
    pair ord(x)=65 ord(ax)=21: True quotient by N(Z63) of order 126 (2080 vertices) [11.9s]
    pair ord(x)=65 ord(ax)=63: True quotient by N(Z63) of order 126 (2080 vertices) [11.8s]
    pair ord(x)=65 ord(ax)=21: True quotient by N(Z63) of order 126 (2080 vertices) [11.6s]
    pair ord(x)=65 ord(ax)=65: True quotient by N(Z63) of order 126 (2080 vertices) [11.9s]
    pair ord(x)=65 ord(ax)=65: True quotient by N(Z63) of order 126 (2080 vertices) [11.8s]
    pair ord(x)=65 ord(ax)=9: True quotient by N(Z63) of order 126 (2080 vertices) [11.8s]
    pair ord(x)=65 ord(ax)=63: True quotient by N(Z63) of order 126 (2080 vertices) [11.8s]
    pair ord(x)=65 ord(ax)=21: True quotient by N(Z63) of order 126 (2080 vertices) [11.8s]
    pair ord(x)=65 ord(ax)=13: True quotient by N(Z63) of order 126 (2080 vertices) [12.0s]
    pair ord(x)=65 ord(ax)=65: True quotient by N(Z63) of order 126 (2080 vertices) [12.0s]
    pair ord(x)=65 ord(ax)=65: True quotient by N(Z63) of order 126 (2080 vertices) [12.0s]
    pair ord(x)=65 ord(ax)=13: True quotient by N(Z63) of order 126 (2080 vertices) [11.9s]
    pair ord(x)=65 ord(ax)=63: True quotient by N(Z63) of order 126 (2080 vertices) [11.8s]
    pair ord(x)=63 ord(ax)=63: True quotient by N(Z65) of order 130 (2016 vertices) [7.1s]
    pair ord(x)=63 ord(ax)=65: True quotient by N(Z65) of order 130 (2016 vertices) [7.1s]
    pair ord(x)=63 ord(ax)=13: True quotient by N(Z65) of order 130 (2016 vertices) [7.1s]
    pair ord(x)=63 ord(ax)=13: True quotient by N(Z65) of order 130 (2016 vertices) [7.1s]
    pair ord(x)=65 ord(ax)=5: True quotient by N(Z63) of order 126 (2080 vertices) [11.8s]
    pair ord(x)=63 ord(ax)=65: True quotient by N(Z65) of order 130 (2016 vertices) [7.1s]
    pair ord(x)=63 ord(ax)=7: True quotient by N(Z65) of order 130 (2016 vertices) [7.1s]
    pair ord(x)=63 ord(ax)=7: True quotient by N(Z65) of order 130 (2016 vertices) [7.1s]
    pair ord(x)=63 ord(ax)=63: True quotient by N(Z65) of order 130 (2016 vertices) [6.9s]
    pair ord(x)=65 ord(ax)=9: True quotient by N(Z63) of order 126 (2080 vertices) [11.8s]
    pair ord(x)=65 ord(ax)=13: True quotient by N(Z63) of order 126 (2080 vertices) [11.9s]
    pair ord(x)=63 ord(ax)=65: True quotient by N(Z65) of order 130 (2016 vertices) [7.0s]
    pair ord(x)=63 ord(ax)=21: True quotient by N(Z65) of order 130 (2016 vertices) [7.0s]
    pair ord(x)=63 ord(ax)=21: True quotient by N(Z65) of order 130 (2016 vertices) [7.1s]
    pair ord(x)=63 ord(ax)=13: True quotient by N(Z65) of order 130 (2016 vertices) [7.1s]
    pair ord(x)=63 ord(ax)=65: True quotient by N(Z65) of order 130 (2016 vertices) [7.1s]
    pair ord(x)=63 ord(ax)=65: True quotient by N(Z65) of order 130 (2016 vertices) [7.1s]
    pair ord(x)=63 ord(ax)=65: True quotient by N(Z65) of order 130 (2016 vertices) [7.1s]
    pair ord(x)=63 ord(ax)=65: True quotient by N(Z65) of order 130 (2016 vertices) [7.1s]
    pair ord(x)=63 ord(ax)=9: True quotient by N(Z65) of order 130 (2016 vertices) [7.2s]
    pair ord(x)=63 ord(ax)=21: True quotient by N(Z65) of order 130 (2016 vertices) [7.0s]
    pair ord(x)=63 ord(ax)=63: True quotient by N(Z65) of order 130 (2016 vertices) [7.1s]
    pair ord(x)=63 ord(ax)=13: True quotient by N(Z65) of order 130 (2016 vertices) [7.0s]
    pair ord(x)=63 ord(ax)=5: True quotient by N(Z65) of order 130 (2016 vertices) [7.0s]
    pair ord(x)=63 ord(ax)=5: True quotient by N(Z65) of order 130 (2016 vertices) [7.0s]
    pair ord(x)=63 ord(ax)=63: True quotient by N(Z65) of order 130 (2016 vertices) [6.9s]
    pair ord(x)=63 ord(ax)=65: True quotient by N(Z65) of order 130 (2016 vertices) [7.0s]
    pair ord(x)=63 ord(ax)=9: True quotient by N(Z65) of order 130 (2016 vertices) [7.0s]
    pair ord(x)=63 ord(ax)=63: True quotient by N(Z65) of order 130 (2016 vertices) [6.9s]
    pair ord(x)=63 ord(ax)=63: True quotient by N(Z65) of order 130 (2016 vertices) [7.0s]
    pair ord(x)=63 ord(ax)=13: True quotient by N(Z65) of order 130 (2016 vertices) [7.0s]
    pair ord(x)=63 ord(ax)=63: True quotient by N(Z65) of order 130 (2016 vertices) [6.9s]
    pair ord(x)=63 ord(ax)=63: True quotient by N(Z65) of order 130 (2016 vertices) [7.0s]
    pair ord(x)=63 ord(ax)=65: True quotient by N(Z65) of order 130 (2016 vertices) [7.0s]
    pair ord(x)=63 ord(ax)=21: True quotient by N(Z65) of order 130 (2016 vertices) [7.0s]
    pair ord(x)=63 ord(ax)=63: True quotient by N(Z65) of order 130 (2016 vertices) [7.1s]
    pair ord(x)=63 ord(ax)=65: True quotient by N(Z65) of order 130 (2016 vertices) [7.0s]
    pair ord(x)=63 ord(ax)=65: True quotient by N(Z65) of order 130 (2016 vertices) [7.1s]
    pair ord(x)=63 ord(ax)=63: True quotient by N(Z65) of order 130 (2016 vertices) [7.1s]
    pair ord(x)=63 ord(ax)=65: True quotient by N(Z65) of order 130 (2016 vertices) [7.0s]
    pair ord(x)=63 ord(ax)=65: True quotient by N(Z65) of order 130 (2016 vertices) [7.1s]
    pair ord(x)=63 ord(ax)=65: True quotient by N(Z65) of order 130 (2016 vertices) [7.1s]
    pair ord(x)=63 ord(ax)=21: True quotient by N(Z65) of order 130 (2016 vertices) [7.1s]
    pair ord(x)=63 ord(ax)=65: True quotient by N(Z65) of order 130 (2016 vertices) [7.1s]
    pair ord(x)=63 ord(ax)=65: True quotient by N(Z65) of order 130 (2016 vertices) [7.0s]
    pair ord(x)=63 ord(ax)=63: True quotient by N(Z65) of order 130 (2016 vertices) [7.0s]
    pair ord(x)=63 ord(ax)=65: True quotient by N(Z65) of order 130 (2016 vertices) [7.0s]
    pair ord(x)=63 ord(ax)=65: True quotient by N(Z65) of order 130 (2016 vertices) [7.0s]
    pair ord(x)=63 ord(ax)=3: True quotient by N(Z65) of order 130 (2016 vertices) [7.1s]
    pair ord(x)=63 ord(ax)=65: True quotient by N(Z65) of order 130 (2016 vertices) [6.9s]
    pair ord(x)=63 ord(ax)=63: True quotient by N(Z65) of order 130 (2016 vertices) [7.0s]
    pair ord(x)=63 ord(ax)=13: True quotient by N(Z65) of order 130 (2016 vertices) [7.0s]
    pair ord(x)=63 ord(ax)=63: True quotient by N(Z65) of order 130 (2016 vertices) [7.0s]
    pair ord(x)=63 ord(ax)=63: True quotient by N(Z65) of order 130 (2016 vertices) [6.9s]
    pair ord(x)=63 ord(ax)=65: True quotient by N(Z65) of order 130 (2016 vertices) [7.0s]
    pair ord(x)=63 ord(ax)=65: True quotient by N(Z65) of order 130 (2016 vertices) [6.9s]
    pair ord(x)=63 ord(ax)=63: True quotient by N(Z65) of order 130 (2016 vertices) [7.0s]
    pair ord(x)=63 ord(ax)=7: True quotient by N(Z65) of order 130 (2016 vertices) [7.0s]
    pair ord(x)=63 ord(ax)=9: True quotient by N(Z65) of order 130 (2016 vertices) [7.0s]
    pair ord(x)=63 ord(ax)=65: True quotient by N(Z65) of order 130 (2016 vertices) [7.0s]
    pair ord(x)=63 ord(ax)=63: True quotient by N(Z65) of order 130 (2016 vertices) [7.0s]
    pair ord(x)=63 ord(ax)=63: True quotient by N(Z65) of order 130 (2016 vertices) [6.9s]
    pair ord(x)=63 ord(ax)=65: True quotient by N(Z65) of order 130 (2016 vertices) [6.9s]
    pair ord(x)=63 ord(ax)=21: True quotient by N(Z65) of order 130 (2016 vertices) [7.0s]
    pair ord(x)=63 ord(ax)=65: True quotient by N(Z65) of order 130 (2016 vertices) [6.9s]
    pair ord(x)=63 ord(ax)=65: True quotient by N(Z65) of order 130 (2016 vertices) [6.9s]
    pair ord(x)=63 ord(ax)=5: True quotient by N(Z65) of order 130 (2016 vertices) [7.0s]
    pair ord(x)=63 ord(ax)=63: True quotient by N(Z65) of order 130 (2016 vertices) [7.0s]
    pair ord(x)=63 ord(ax)=65: True quotient by N(Z65) of order 130 (2016 vertices) [7.0s]
    pair ord(x)=63 ord(ax)=65: True quotient by N(Z65) of order 130 (2016 vertices) [7.0s]
    pair ord(x)=63 ord(ax)=63: True quotient by N(Z65) of order 130 (2016 vertices) [7.0s]
    pair ord(x)=63 ord(ax)=63: True quotient by N(Z65) of order 130 (2016 vertices) [7.0s]
    pair ord(x)=63 ord(ax)=21: True quotient by N(Z65) of order 130 (2016 vertices) [7.0s]
    pair ord(x)=63 ord(ax)=13: True quotient by N(Z65) of order 130 (2016 vertices) [7.0s]
    pair ord(x)=63 ord(ax)=65: True quotient by N(Z65) of order 130 (2016 vertices) [7.0s]
    pair ord(x)=63 ord(ax)=9: True quotient by N(Z65) of order 130 (2016 vertices) [6.9s]
    pair ord(x)=63 ord(ax)=63: True quotient by N(Z65) of order 130 (2016 vertices) [6.9s]
    pair ord(x)=63 ord(ax)=5: True quotient by N(Z65) of order 130 (2016 vertices) [6.9s]
    pair ord(x)=63 ord(ax)=65: True quotient by N(Z65) of order 130 (2016 vertices) [6.9s]
    pair ord(x)=63 ord(ax)=65: True quotient by N(Z65) of order 130 (2016 vertices) [6.9s]
    pair ord(x)=63 ord(ax)=65: True quotient by N(Z65) of order 130 (2016 vertices) [7.0s]
    pair ord(x)=63 ord(ax)=63: True quotient by N(Z65) of order 130 (2016 vertices) [6.9s]
    pair ord(x)=63 ord(ax)=63: True quotient by N(Z65) of order 130 (2016 vertices) [7.0s]
    pair ord(x)=63 ord(ax)=21: True quotient by N(Z65) of order 130 (2016 vertices) [7.0s]
    pair ord(x)=63 ord(ax)=13: True quotient by N(Z65) of order 130 (2016 vertices) [7.0s]
    pair ord(x)=63 ord(ax)=65: True quotient by N(Z65) of order 130 (2016 vertices) [7.0s]
    pair ord(x)=63 ord(ax)=65: True quotient by N(Z65) of order 130 (2016 vertices) [6.9s]
    pair ord(x)=63 ord(ax)=65: True quotient by N(Z65) of order 130 (2016 vertices) [7.0s]
    pair ord(x)=63 ord(ax)=21: True quotient by N(Z65) of order 130 (2016 vertices) [7.1s]
    pair ord(x)=63 ord(ax)=65: True quotient by N(Z65) of order 130 (2016 vertices) [7.1s]
    pair ord(x)=63 ord(ax)=63: True quotient by N(Z65) of order 130 (2016 vertices) [7.2s]
    pair ord(x)=63 ord(ax)=3: True quotient by N(Z65) of order 130 (2016 vertices) [7.2s]
    pair ord(x)=63 ord(ax)=13: True quotient by N(Z65) of order 130 (2016 vertices) [7.2s]
    pair ord(x)=63 ord(ax)=65: True quotient by N(Z65) of order 130 (2016 vertices) [7.2s]
    pair ord(x)=63 ord(ax)=13: True quotient by N(Z65) of order 130 (2016 vertices) [7.3s]
    pair ord(x)=63 ord(ax)=63: True quotient by N(Z65) of order 130 (2016 vertices) [7.2s]
    pair ord(x)=63 ord(ax)=63: True quotient by N(Z65) of order 130 (2016 vertices) [7.2s]
    pair ord(x)=63 ord(ax)=63: True quotient by N(Z65) of order 130 (2016 vertices) [7.2s]
    pair ord(x)=63 ord(ax)=63: True quotient by N(Z65) of order 130 (2016 vertices) [7.2s]
    pair ord(x)=63 ord(ax)=21: True quotient by N(Z65) of order 130 (2016 vertices) [7.0s]
    pair ord(x)=63 ord(ax)=65: True quotient by N(Z65) of order 130 (2016 vertices) [7.0s]
    pair ord(x)=63 ord(ax)=65: True quotient by N(Z65) of order 130 (2016 vertices) [6.9s]
    pair ord(x)=63 ord(ax)=65: True quotient by N(Z65) of order 130 (2016 vertices) [7.0s]
    pair ord(x)=63 ord(ax)=21: True quotient by N(Z65) of order 130 (2016 vertices) [7.0s]
    pair ord(x)=63 ord(ax)=9: True quotient by N(Z65) of order 130 (2016 vertices) [7.0s]
    pair ord(x)=63 ord(ax)=7: True quotient by N(Z65) of order 130 (2016 vertices) [7.0s]
    pair ord(x)=63 ord(ax)=13: True quotient by N(Z65) of order 130 (2016 vertices) [6.9s]
    pair ord(x)=63 ord(ax)=65: True quotient by N(Z65) of order 130 (2016 vertices) [7.0s]
    pair ord(x)=63 ord(ax)=65: True quotient by N(Z65) of order 130 (2016 vertices) [6.9s]
    pair ord(x)=63 ord(ax)=65: True quotient by N(Z65) of order 130 (2016 vertices) [7.0s]
    pair ord(x)=63 ord(ax)=65: True quotient by N(Z65) of order 130 (2016 vertices) [7.0s]
    pair ord(x)=63 ord(ax)=63: True quotient by N(Z65) of order 130 (2016 vertices) [7.2s]
    pair ord(x)=63 ord(ax)=21: True quotient by N(Z65) of order 130 (2016 vertices) [7.1s]
    pair ord(x)=63 ord(ax)=9: True quotient by N(Z65) of order 130 (2016 vertices) [7.2s]
    pair ord(x)=63 ord(ax)=65: True quotient by N(Z65) of order 130 (2016 vertices) [7.2s]
    pair ord(x)=63 ord(ax)=63: True quotient by N(Z65) of order 130 (2016 vertices) [7.2s]
    pair ord(x)=63 ord(ax)=63: True quotient by N(Z65) of order 130 (2016 vertices) [7.2s]
    pair ord(x)=63 ord(ax)=13: True quotient by N(Z65) of order 130 (2016 vertices) [7.2s]
    pair ord(x)=63 ord(ax)=7: True quotient by N(Z65) of order 130 (2016 vertices) [7.2s]
    pair ord(x)=63 ord(ax)=63: True quotient by N(Z65) of order 130 (2016 vertices) [7.1s]
    pair ord(x)=63 ord(ax)=65: True quotient by N(Z65) of order 130 (2016 vertices) [7.1s]
    pair ord(x)=63 ord(ax)=63: True quotient by N(Z65) of order 130 (2016 vertices) [7.2s]
    pair ord(x)=63 ord(ax)=63: True quotient by N(Z65) of order 130 (2016 vertices) [7.0s]
    pair ord(x)=63 ord(ax)=65: True quotient by N(Z65) of order 130 (2016 vertices) [7.1s]
    pair ord(x)=63 ord(ax)=65: True quotient by N(Z65) of order 130 (2016 vertices) [7.1s]
    pair ord(x)=63 ord(ax)=65: True quotient by N(Z65) of order 130 (2016 vertices) [7.1s]
    pair ord(x)=63 ord(ax)=7: True quotient by N(Z65) of order 130 (2016 vertices) [7.1s]
    pair ord(x)=65 ord(ax)=65: True quotient by N(Z63) of order 126 (2080 vertices) [11.9s]
    pair ord(x)=65 ord(ax)=65: True quotient by N(Z63) of order 126 (2080 vertices) [12.0s]
    pair ord(x)=65 ord(ax)=65: True quotient by N(Z63) of order 126 (2080 vertices) [11.8s]
    pair ord(x)=65 ord(ax)=65: True quotient by N(Z63) of order 126 (2080 vertices) [12.1s]
    pair ord(x)=65 ord(ax)=65: True quotient by N(Z63) of order 126 (2080 vertices) [12.0s]
    pair ord(x)=65 ord(ax)=13: True quotient by N(Z63) of order 126 (2080 vertices) [11.9s]
    pair ord(x)=65 ord(ax)=63: True quotient by N(Z63) of order 126 (2080 vertices) [11.9s]
    pair ord(x)=65 ord(ax)=21: True quotient by N(Z63) of order 126 (2080 vertices) [11.8s]
    pair ord(x)=65 ord(ax)=65: True quotient by N(Z63) of order 126 (2080 vertices) [12.0s]
    pair ord(x)=65 ord(ax)=63: True quotient by N(Z63) of order 126 (2080 vertices) [12.0s]
    pair ord(x)=65 ord(ax)=63: True quotient by N(Z63) of order 126 (2080 vertices) [11.9s]
    pair ord(x)=65 ord(ax)=21: True quotient by N(Z63) of order 126 (2080 vertices) [11.8s]
    pair ord(x)=65 ord(ax)=65: True quotient by N(Z63) of order 126 (2080 vertices) [12.1s]
    pair ord(x)=65 ord(ax)=21: True quotient by N(Z63) of order 126 (2080 vertices) [11.8s]
    pair ord(x)=65 ord(ax)=9: True quotient by N(Z63) of order 126 (2080 vertices) [11.8s]
    pair ord(x)=65 ord(ax)=3: True quotient by N(Z63) of order 126 (2080 vertices) [11.9s]
    pair ord(x)=65 ord(ax)=63: True quotient by N(Z63) of order 126 (2080 vertices) [11.7s]
    pair ord(x)=65 ord(ax)=63: True quotient by N(Z63) of order 126 (2080 vertices) [11.7s]
    pair ord(x)=65 ord(ax)=63: True quotient by N(Z63) of order 126 (2080 vertices) [11.7s]
    pair ord(x)=65 ord(ax)=65: True quotient by N(Z63) of order 126 (2080 vertices) [11.9s]
    pair ord(x)=65 ord(ax)=21: True quotient by N(Z63) of order 126 (2080 vertices) [11.8s]
    pair ord(x)=65 ord(ax)=7: True quotient by N(Z63) of order 126 (2080 vertices) [11.8s]
    pair ord(x)=65 ord(ax)=63: True quotient by N(Z63) of order 126 (2080 vertices) [11.8s]
    pair ord(x)=65 ord(ax)=63: True quotient by N(Z63) of order 126 (2080 vertices) [11.8s]
    pair ord(x)=65 ord(ax)=9: True quotient by N(Z63) of order 126 (2080 vertices) [11.6s]
    pair ord(x)=65 ord(ax)=65: True quotient by N(Z63) of order 126 (2080 vertices) [11.8s]
    pair ord(x)=65 ord(ax)=65: True quotient by N(Z63) of order 126 (2080 vertices) [11.7s]
    pair ord(x)=65 ord(ax)=65: True quotient by N(Z63) of order 126 (2080 vertices) [11.8s]
    pair ord(x)=65 ord(ax)=63: True quotient by N(Z63) of order 126 (2080 vertices) [11.6s]
    pair ord(x)=65 ord(ax)=21: True quotient by N(Z63) of order 126 (2080 vertices) [11.8s]
    pair ord(x)=65 ord(ax)=63: True quotient by N(Z63) of order 126 (2080 vertices) [11.6s]
    pair ord(x)=65 ord(ax)=63: True quotient by N(Z63) of order 126 (2080 vertices) [11.7s]
    pair ord(x)=65 ord(ax)=65: True quotient by N(Z63) of order 126 (2080 vertices) [11.8s]
    pair ord(x)=65 ord(ax)=63: True quotient by N(Z63) of order 126 (2080 vertices) [11.7s]
    pair ord(x)=65 ord(ax)=65: True quotient by N(Z63) of order 126 (2080 vertices) [11.7s]
    pair ord(x)=65 ord(ax)=65: True quotient by N(Z63) of order 126 (2080 vertices) [11.9s]
    pair ord(x)=65 ord(ax)=65: True quotient by N(Z63) of order 126 (2080 vertices) [11.9s]
    pair ord(x)=65 ord(ax)=65: True quotient by N(Z63) of order 126 (2080 vertices) [11.8s]
    pair ord(x)=65 ord(ax)=5: True quotient by N(Z63) of order 126 (2080 vertices) [11.9s]
    pair ord(x)=65 ord(ax)=13: True quotient by N(Z63) of order 126 (2080 vertices) [11.7s]
    pair ord(x)=65 ord(ax)=7: True quotient by N(Z63) of order 126 (2080 vertices) [11.7s]
    pair ord(x)=65 ord(ax)=63: True quotient by N(Z63) of order 126 (2080 vertices) [11.6s]
    pair ord(x)=65 ord(ax)=65: True quotient by N(Z63) of order 126 (2080 vertices) [11.8s]
    pair ord(x)=65 ord(ax)=65: True quotient by N(Z63) of order 126 (2080 vertices) [12.0s]
    pair ord(x)=65 ord(ax)=65: True quotient by N(Z63) of order 126 (2080 vertices) [11.6s]
    pair ord(x)=65 ord(ax)=5: True quotient by N(Z63) of order 126 (2080 vertices) [11.7s]
    pair ord(x)=65 ord(ax)=13: True quotient by N(Z63) of order 126 (2080 vertices) [11.9s]
    pair ord(x)=65 ord(ax)=13: True quotient by N(Z63) of order 126 (2080 vertices) [11.9s]
    pair ord(x)=65 ord(ax)=65: True quotient by N(Z63) of order 126 (2080 vertices) [12.0s]
    pair ord(x)=65 ord(ax)=65: True quotient by N(Z63) of order 126 (2080 vertices) [11.9s]
    pair ord(x)=65 ord(ax)=63: True quotient by N(Z63) of order 126 (2080 vertices) [11.9s]
    pair ord(x)=65 ord(ax)=63: True quotient by N(Z63) of order 126 (2080 vertices) [11.9s]
    pair ord(x)=65 ord(ax)=63: True quotient by N(Z63) of order 126 (2080 vertices) [11.8s]
    pair ord(x)=65 ord(ax)=7: True quotient by N(Z63) of order 126 (2080 vertices) [12.0s]
    pair ord(x)=65 ord(ax)=13: True quotient by N(Z63) of order 126 (2080 vertices) [12.0s]
    pair ord(x)=65 ord(ax)=63: True quotient by N(Z63) of order 126 (2080 vertices) [12.0s]
    pair ord(x)=65 ord(ax)=13: True quotient by N(Z63) of order 126 (2080 vertices) [12.0s]
    pair ord(x)=65 ord(ax)=63: True quotient by N(Z63) of order 126 (2080 vertices) [11.9s]
    pair ord(x)=65 ord(ax)=65: True quotient by N(Z63) of order 126 (2080 vertices) [12.1s]
    pair ord(x)=65 ord(ax)=21: True quotient by N(Z63) of order 126 (2080 vertices) [11.8s]
    pair ord(x)=65 ord(ax)=9: True quotient by N(Z63) of order 126 (2080 vertices) [11.8s]
    pair ord(x)=65 ord(ax)=65: True quotient by N(Z63) of order 126 (2080 vertices) [11.9s]
    pair ord(x)=65 ord(ax)=63: True quotient by N(Z63) of order 126 (2080 vertices) [11.8s]
    pair ord(x)=65 ord(ax)=65: True quotient by N(Z63) of order 126 (2080 vertices) [11.9s]
    pair ord(x)=65 ord(ax)=63: True quotient by N(Z63) of order 126 (2080 vertices) [11.9s]
    pair ord(x)=65 ord(ax)=65: True quotient by N(Z63) of order 126 (2080 vertices) [12.1s]
    pair ord(x)=65 ord(ax)=13: True quotient by N(Z63) of order 126 (2080 vertices) [11.9s]
    pair ord(x)=65 ord(ax)=63: True quotient by N(Z63) of order 126 (2080 vertices) [12.0s]
    pair ord(x)=65 ord(ax)=7: True quotient by N(Z63) of order 126 (2080 vertices) [11.8s]
    pair ord(x)=65 ord(ax)=65: True quotient by N(Z63) of order 126 (2080 vertices) [11.9s]
    pair ord(x)=65 ord(ax)=65: True quotient by N(Z63) of order 126 (2080 vertices) [11.8s]
    pair ord(x)=65 ord(ax)=65: True quotient by N(Z63) of order 126 (2080 vertices) [11.9s]
    pair ord(x)=65 ord(ax)=65: True quotient by N(Z63) of order 126 (2080 vertices) [12.1s]
    pair ord(x)=65 ord(ax)=21: True quotient by N(Z63) of order 126 (2080 vertices) [12.1s]
    pair ord(x)=65 ord(ax)=65: True quotient by N(Z63) of order 126 (2080 vertices) [12.2s]
    pair ord(x)=65 ord(ax)=63: True quotient by N(Z63) of order 126 (2080 vertices) [11.9s]
    pair ord(x)=65 ord(ax)=65: True quotient by N(Z63) of order 126 (2080 vertices) [12.1s]
    pair ord(x)=65 ord(ax)=7: True quotient by N(Z63) of order 126 (2080 vertices) [11.9s]
    pair ord(x)=65 ord(ax)=65: True quotient by N(Z63) of order 126 (2080 vertices) [12.1s]
    pair ord(x)=65 ord(ax)=63: True quotient by N(Z63) of order 126 (2080 vertices) [11.8s]
    pair ord(x)=65 ord(ax)=63: True quotient by N(Z63) of order 126 (2080 vertices) [11.9s]
    pair ord(x)=65 ord(ax)=65: True quotient by N(Z63) of order 126 (2080 vertices) [12.1s]
    pair ord(x)=65 ord(ax)=13: True quotient by N(Z63) of order 126 (2080 vertices) [12.0s]
    pair ord(x)=65 ord(ax)=21: True quotient by N(Z63) of order 126 (2080 vertices) [11.9s]
    pair ord(x)=65 ord(ax)=9: True quotient by N(Z63) of order 126 (2080 vertices) [11.8s]
    pair ord(x)=65 ord(ax)=63: True quotient by N(Z63) of order 126 (2080 vertices) [11.8s]
    pair ord(x)=65 ord(ax)=65: True quotient by N(Z63) of order 126 (2080 vertices) [11.8s]
    pair ord(x)=65 ord(ax)=63: True quotient by N(Z63) of order 126 (2080 vertices) [11.8s]
    pair ord(x)=65 ord(ax)=65: True quotient by N(Z63) of order 126 (2080 vertices) [12.2s]
    pair ord(x)=65 ord(ax)=63: True quotient by N(Z63) of order 126 (2080 vertices) [11.8s]
    pair ord(x)=65 ord(ax)=63: True quotient by N(Z63) of order 126 (2080 vertices) [11.8s]
    pair ord(x)=65 ord(ax)=63: True quotient by N(Z63) of order 126 (2080 vertices) [11.7s]
    pair ord(x)=65 ord(ax)=21: True quotient by N(Z63) of order 126 (2080 vertices) [11.9s]
    pair ord(x)=65 ord(ax)=65: True quotient by N(Z63) of order 126 (2080 vertices) [11.9s]
    pair ord(x)=65 ord(ax)=63: True quotient by N(Z63) of order 126 (2080 vertices) [11.6s]
    pair ord(x)=65 ord(ax)=21: True quotient by N(Z63) of order 126 (2080 vertices) [12.0s]
    pair ord(x)=65 ord(ax)=65: True quotient by N(Z63) of order 126 (2080 vertices) [11.9s]
    pair ord(x)=65 ord(ax)=65: True quotient by N(Z63) of order 126 (2080 vertices) [11.8s]
    pair ord(x)=65 ord(ax)=9: True quotient by N(Z63) of order 126 (2080 vertices) [11.7s]
    pair ord(x)=65 ord(ax)=9: True quotient by N(Z63) of order 126 (2080 vertices) [11.9s]
    pair ord(x)=65 ord(ax)=65: True quotient by N(Z63) of order 126 (2080 vertices) [12.0s]
    pair ord(x)=65 ord(ax)=13: True quotient by N(Z63) of order 126 (2080 vertices) [11.9s]
    pair ord(x)=65 ord(ax)=21: True quotient by N(Z63) of order 126 (2080 vertices) [11.8s]
    pair ord(x)=65 ord(ax)=5: True quotient by N(Z63) of order 126 (2080 vertices) [11.8s]
    pair ord(x)=65 ord(ax)=65: True quotient by N(Z63) of order 126 (2080 vertices) [12.0s]
    pair ord(x)=65 ord(ax)=65: True quotient by N(Z63) of order 126 (2080 vertices) [11.9s]
    pair ord(x)=65 ord(ax)=63: True quotient by N(Z63) of order 126 (2080 vertices) [11.8s]
    pair ord(x)=65 ord(ax)=65: True quotient by N(Z63) of order 126 (2080 vertices) [12.1s]
    pair ord(x)=65 ord(ax)=13: True quotient by N(Z63) of order 126 (2080 vertices) [11.8s]
    pair ord(x)=65 ord(ax)=65: True quotient by N(Z63) of order 126 (2080 vertices) [11.9s]
    pair ord(x)=65 ord(ax)=3: True quotient by N(Z63) of order 126 (2080 vertices) [11.7s]
    pair ord(x)=65 ord(ax)=63: True quotient by N(Z63) of order 126 (2080 vertices) [11.7s]
    pair ord(x)=65 ord(ax)=63: True quotient by N(Z63) of order 126 (2080 vertices) [11.6s]
    pair ord(x)=65 ord(ax)=65: True quotient by N(Z63) of order 126 (2080 vertices) [12.0s]
    pair ord(x)=65 ord(ax)=21: True quotient by N(Z63) of order 126 (2080 vertices) [11.8s]
    pair ord(x)=65 ord(ax)=13: True quotient by N(Z63) of order 126 (2080 vertices) [12.1s]
    pair ord(x)=65 ord(ax)=65: True quotient by N(Z63) of order 126 (2080 vertices) [11.8s]
    pair ord(x)=65 ord(ax)=63: True quotient by N(Z63) of order 126 (2080 vertices) [11.8s]
    pair ord(x)=65 ord(ax)=63: True quotient by N(Z63) of order 126 (2080 vertices) [11.8s]
    pair ord(x)=65 ord(ax)=5: True quotient by N(Z63) of order 126 (2080 vertices) [12.1s]
    pair ord(x)=65 ord(ax)=63: True quotient by N(Z63) of order 126 (2080 vertices) [11.9s]
    pair ord(x)=65 ord(ax)=13: True quotient by N(Z63) of order 126 (2080 vertices) [11.7s]
    pair ord(x)=65 ord(ax)=7: True quotient by N(Z63) of order 126 (2080 vertices) [11.7s]
    pair ord(x)=65 ord(ax)=65: True quotient by N(Z63) of order 126 (2080 vertices) [11.6s]
    pair ord(x)=65 ord(ax)=63: True quotient by N(Z63) of order 126 (2080 vertices) [11.7s]
    pair ord(x)=65 ord(ax)=65: True quotient by N(Z63) of order 126 (2080 vertices) [11.8s]
    pair ord(x)=65 ord(ax)=65: True quotient by N(Z63) of order 126 (2080 vertices) [12.0s]
    pair ord(x)=65 ord(ax)=13: True quotient by N(Z63) of order 126 (2080 vertices) [12.0s]
    pair ord(x)=65 ord(ax)=65: True quotient by N(Z63) of order 126 (2080 vertices) [11.9s]
    pair ord(x)=65 ord(ax)=63: True quotient by N(Z63) of order 126 (2080 vertices) [11.8s]
    pair ord(x)=65 ord(ax)=65: True quotient by N(Z63) of order 126 (2080 vertices) [11.9s]
    pair ord(x)=65 ord(ax)=65: True quotient by N(Z63) of order 126 (2080 vertices) [11.9s]
    pair ord(x)=65 ord(ax)=9: True quotient by N(Z63) of order 126 (2080 vertices) [11.8s]
    pair ord(x)=65 ord(ax)=63: True quotient by N(Z63) of order 126 (2080 vertices) [11.8s]
    pair ord(x)=65 ord(ax)=65: True quotient by N(Z63) of order 126 (2080 vertices) [12.1s]
    pair ord(x)=65 ord(ax)=13: True quotient by N(Z63) of order 126 (2080 vertices) [11.8s]
    pair ord(x)=65 ord(ax)=63: True quotient by N(Z63) of order 126 (2080 vertices) [11.8s]
    pair ord(x)=65 ord(ax)=21: True quotient by N(Z63) of order 126 (2080 vertices) [11.6s]
    pair ord(x)=65 ord(ax)=65: True quotient by N(Z63) of order 126 (2080 vertices) [11.8s]
    pair ord(x)=65 ord(ax)=65: True quotient by N(Z63) of order 126 (2080 vertices) [11.8s]
    pair ord(x)=65 ord(ax)=21: True quotient by N(Z63) of order 126 (2080 vertices) [11.8s]
    pair ord(x)=65 ord(ax)=63: True quotient by N(Z63) of order 126 (2080 vertices) [11.7s]
    pair ord(x)=65 ord(ax)=63: True quotient by N(Z63) of order 126 (2080 vertices) [11.8s]
    pair ord(x)=65 ord(ax)=63: True quotient by N(Z63) of order 126 (2080 vertices) [11.7s]
    pair ord(x)=65 ord(ax)=5: True quotient by N(Z63) of order 126 (2080 vertices) [11.9s]
    pair ord(x)=65 ord(ax)=65: True quotient by N(Z63) of order 126 (2080 vertices) [11.7s]
    pair ord(x)=65 ord(ax)=63: True quotient by N(Z63) of order 126 (2080 vertices) [11.7s]
    pair ord(x)=65 ord(ax)=65: True quotient by N(Z63) of order 126 (2080 vertices) [11.9s]
    pair ord(x)=65 ord(ax)=65: True quotient by N(Z63) of order 126 (2080 vertices) [11.8s]
    pair ord(x)=65 ord(ax)=63: True quotient by N(Z63) of order 126 (2080 vertices) [11.6s]
    pair ord(x)=65 ord(ax)=63: True quotient by N(Z63) of order 126 (2080 vertices) [11.7s]
    pair ord(x)=65 ord(ax)=13: True quotient by N(Z63) of order 126 (2080 vertices) [11.7s]
    pair ord(x)=65 ord(ax)=3: True quotient by N(Z63) of order 126 (2080 vertices) [11.6s]
    pair ord(x)=65 ord(ax)=65: True quotient by N(Z63) of order 126 (2080 vertices) [11.7s]
    pair ord(x)=65 ord(ax)=63: True quotient by N(Z63) of order 126 (2080 vertices) [11.6s]
    pair ord(x)=65 ord(ax)=63: True quotient by N(Z63) of order 126 (2080 vertices) [11.7s]
    pair ord(x)=65 ord(ax)=65: True quotient by N(Z63) of order 126 (2080 vertices) [11.8s]
    pair ord(x)=65 ord(ax)=13: True quotient by N(Z63) of order 126 (2080 vertices) [11.8s]
    pair ord(x)=65 ord(ax)=63: True quotient by N(Z63) of order 126 (2080 vertices) [11.6s]
    pair ord(x)=65 ord(ax)=63: True quotient by N(Z63) of order 126 (2080 vertices) [11.8s]
    pair ord(x)=65 ord(ax)=21: True quotient by N(Z63) of order 126 (2080 vertices) [11.8s]
    pair ord(x)=65 ord(ax)=7: True quotient by N(Z63) of order 126 (2080 vertices) [11.7s]
    pair ord(x)=65 ord(ax)=65: True quotient by N(Z63) of order 126 (2080 vertices) [11.8s]
    pair ord(x)=65 ord(ax)=63: True quotient by N(Z63) of order 126 (2080 vertices) [11.7s]
    pair ord(x)=65 ord(ax)=63: True quotient by N(Z63) of order 126 (2080 vertices) [11.7s]
    pair ord(x)=65 ord(ax)=65: True quotient by N(Z63) of order 126 (2080 vertices) [11.9s]
    pair ord(x)=65 ord(ax)=65: True quotient by N(Z63) of order 126 (2080 vertices) [12.0s]
    pair ord(x)=65 ord(ax)=21: True quotient by N(Z63) of order 126 (2080 vertices) [11.7s]
    pair ord(x)=65 ord(ax)=65: True quotient by N(Z63) of order 126 (2080 vertices) [12.0s]
    pair ord(x)=65 ord(ax)=65: True quotient by N(Z63) of order 126 (2080 vertices) [11.9s]
    pair ord(x)=65 ord(ax)=65: True quotient by N(Z63) of order 126 (2080 vertices) [11.8s]
    pair ord(x)=65 ord(ax)=13: True quotient by N(Z63) of order 126 (2080 vertices) [11.8s]
    pair ord(x)=65 ord(ax)=9: True quotient by N(Z63) of order 126 (2080 vertices) [11.8s]
    pair ord(x)=65 ord(ax)=63: True quotient by N(Z63) of order 126 (2080 vertices) [11.8s]
    pair ord(x)=65 ord(ax)=7: True quotient by N(Z63) of order 126 (2080 vertices) [11.8s]
    pair ord(x)=65 ord(ax)=13: True quotient by N(Z63) of order 126 (2080 vertices) [12.2s]
    pair ord(x)=65 ord(ax)=65: True quotient by N(Z63) of order 126 (2080 vertices) [12.0s]
    pair ord(x)=65 ord(ax)=21: True quotient by N(Z63) of order 126 (2080 vertices) [11.8s]
    pair ord(x)=65 ord(ax)=63: True quotient by N(Z63) of order 126 (2080 vertices) [11.7s]
    pair ord(x)=65 ord(ax)=65: True quotient by N(Z63) of order 126 (2080 vertices) [11.9s]
    pair ord(x)=65 ord(ax)=5: True quotient by N(Z63) of order 126 (2080 vertices) [11.8s]
    pair ord(x)=7 ord(ax)=63: True quotient by N(Z65) of order 130 (2016 vertices) [7.8s]
    pair ord(x)=65 ord(ax)=9: True quotient by N(Z63) of order 126 (2080 vertices) [11.9s]
    pair ord(x)=65 ord(ax)=65: True quotient by N(Z63) of order 126 (2080 vertices) [12.0s]
    pair ord(x)=65 ord(ax)=21: True quotient by N(Z63) of order 126 (2080 vertices) [11.9s]
    pair ord(x)=65 ord(ax)=65: True quotient by N(Z63) of order 126 (2080 vertices) [12.2s]
    pair ord(x)=65 ord(ax)=7: True quotient by N(Z63) of order 126 (2080 vertices) [11.9s]
    pair ord(x)=7 ord(ax)=65: True quotient by N(Z65) of order 130 (2016 vertices) [7.9s]
    pair ord(x)=7 ord(ax)=65: True quotient by N(Z65) of order 130 (2016 vertices) [7.4s]
    pair ord(x)=7 ord(ax)=13: True quotient by N(Z65) of order 130 (2016 vertices) [8.0s]
    pair ord(x)=7 ord(ax)=65: True quotient by N(Z65) of order 130 (2016 vertices) [7.3s]
    pair ord(x)=7 ord(ax)=65: True quotient by N(Z65) of order 130 (2016 vertices) [8.9s]
    pair ord(x)=7 ord(ax)=65: True quotient by N(Z65) of order 130 (2016 vertices) [7.3s]
    pair ord(x)=7 ord(ax)=63: True quotient by N(Z65) of order 130 (2016 vertices) [7.2s]
    pair ord(x)=7 ord(ax)=63: True quotient by N(Z65) of order 130 (2016 vertices) [7.2s]
    pair ord(x)=7 ord(ax)=13: True quotient by N(Z65) of order 130 (2016 vertices) [7.2s]
    pair ord(x)=7 ord(ax)=63: True quotient by N(Z65) of order 130 (2016 vertices) [7.2s]
    pair ord(x)=7 ord(ax)=63: True quotient by N(Z65) of order 130 (2016 vertices) [7.7s]
    pair ord(x)=7 ord(ax)=65: True quotient by N(Z65) of order 130 (2016 vertices) [7.2s]
    pair ord(x)=7 ord(ax)=63: True quotient by N(Z65) of order 130 (2016 vertices) [7.9s]
    pair ord(x)=7 ord(ax)=13: True quotient by N(Z65) of order 130 (2016 vertices) [7.7s]
    pair ord(x)=7 ord(ax)=13: True quotient by N(Z65) of order 130 (2016 vertices) [7.2s]
    pair ord(x)=7 ord(ax)=21: True quotient by N(Z65) of order 130 (2016 vertices) [7.3s]
    pair ord(x)=7 ord(ax)=63: True quotient by N(Z65) of order 130 (2016 vertices) [7.8s]
    pair ord(x)=7 ord(ax)=65: True quotient by N(Z65) of order 130 (2016 vertices) [7.2s]
    pair ord(x)=7 ord(ax)=63: True quotient by N(Z65) of order 130 (2016 vertices) [7.2s]
    pair ord(x)=7 ord(ax)=63: True quotient by N(Z65) of order 130 (2016 vertices) [7.2s]
    pair ord(x)=7 ord(ax)=65: True quotient by N(Z65) of order 130 (2016 vertices) [7.3s]
    pair ord(x)=7 ord(ax)=65: True quotient by N(Z65) of order 130 (2016 vertices) [7.2s]
    pair ord(x)=7 ord(ax)=21: True quotient by N(Z65) of order 130 (2016 vertices) [7.3s]
    pair ord(x)=7 ord(ax)=63: True quotient by N(Z65) of order 130 (2016 vertices) [7.3s]
    pair ord(x)=7 ord(ax)=65: True quotient by N(Z65) of order 130 (2016 vertices) [8.9s]
    pair ord(x)=7 ord(ax)=5: True quotient by N(Z65) of order 130 (2016 vertices) [7.3s]
    pair ord(x)=7 ord(ax)=13: True quotient by N(Z65) of order 130 (2016 vertices) [7.4s]
    pair ord(x)=7 ord(ax)=65: True quotient by N(Z65) of order 130 (2016 vertices) [8.1s]
    pair ord(x)=7 ord(ax)=65: True quotient by N(Z65) of order 130 (2016 vertices) [7.4s]
    pair ord(x)=7 ord(ax)=5: True quotient by N(Z65) of order 130 (2016 vertices) [7.4s]
    pair ord(x)=7 ord(ax)=65: True quotient by N(Z65) of order 130 (2016 vertices) [7.3s]
    pair ord(x)=7 ord(ax)=65: True quotient by N(Z65) of order 130 (2016 vertices) [8.4s]
    pair ord(x)=7 ord(ax)=13: True quotient by N(Z65) of order 130 (2016 vertices) [8.0s]
    pair ord(x)=7 ord(ax)=63: True quotient by N(Z65) of order 130 (2016 vertices) [7.3s]
    pair ord(x)=7 ord(ax)=63: True quotient by N(Z65) of order 130 (2016 vertices) [7.3s]
    pair ord(x)=7 ord(ax)=65: True quotient by N(Z65) of order 130 (2016 vertices) [7.2s]
    pair ord(x)=7 ord(ax)=65: True quotient by N(Z65) of order 130 (2016 vertices) [7.3s]
    pair ord(x)=7 ord(ax)=63: True quotient by N(Z65) of order 130 (2016 vertices) [7.9s]
    pair ord(x)=7 ord(ax)=63: True quotient by N(Z65) of order 130 (2016 vertices) [7.8s]
    pair ord(x)=7 ord(ax)=65: True quotient by N(Z65) of order 130 (2016 vertices) [7.2s]
    pair ord(x)=7 ord(ax)=65: True quotient by N(Z65) of order 130 (2016 vertices) [7.7s]
    pair ord(x)=7 ord(ax)=65: True quotient by N(Z65) of order 130 (2016 vertices) [7.2s]
    pair ord(x)=7 ord(ax)=65: True quotient by N(Z65) of order 130 (2016 vertices) [7.3s]
    pair ord(x)=7 ord(ax)=65: True quotient by N(Z65) of order 130 (2016 vertices) [7.2s]
    pair ord(x)=7 ord(ax)=63: True quotient by N(Z65) of order 130 (2016 vertices) [7.1s]
    pair ord(x)=7 ord(ax)=65: True quotient by N(Z65) of order 130 (2016 vertices) [7.8s]
    pair ord(x)=7 ord(ax)=21: True quotient by N(Z65) of order 130 (2016 vertices) [7.2s]
    pair ord(x)=7 ord(ax)=21: True quotient by N(Z65) of order 130 (2016 vertices) [7.2s]
    pair ord(x)=7 ord(ax)=65: True quotient by N(Z65) of order 130 (2016 vertices) [7.2s]
    pair ord(x)=7 ord(ax)=63: True quotient by N(Z65) of order 130 (2016 vertices) [7.8s]
    pair ord(x)=7 ord(ax)=65: True quotient by N(Z65) of order 130 (2016 vertices) [7.2s]
    pair ord(x)=7 ord(ax)=63: True quotient by N(Z65) of order 130 (2016 vertices) [7.2s]
    pair ord(x)=7 ord(ax)=63: True quotient by N(Z65) of order 130 (2016 vertices) [7.3s]
    pair ord(x)=7 ord(ax)=21: True quotient by N(Z65) of order 130 (2016 vertices) [7.9s]
    pair ord(x)=7 ord(ax)=21: True quotient by N(Z65) of order 130 (2016 vertices) [7.8s]
    pair ord(x)=65 ord(ax)=63: True quotient by N(Z63) of order 126 (2080 vertices) [11.8s]
    pair ord(x)=65 ord(ax)=21: True quotient by N(Z63) of order 126 (2080 vertices) [11.8s]
    pair ord(x)=65 ord(ax)=65: True quotient by N(Z63) of order 126 (2080 vertices) [11.9s]
    pair ord(x)=65 ord(ax)=63: True quotient by N(Z63) of order 126 (2080 vertices) [11.9s]
    pair ord(x)=65 ord(ax)=63: True quotient by N(Z63) of order 126 (2080 vertices) [11.7s]
    pair ord(x)=65 ord(ax)=13: True quotient by N(Z63) of order 126 (2080 vertices) [12.0s]
    pair ord(x)=65 ord(ax)=65: True quotient by N(Z63) of order 126 (2080 vertices) [11.7s]
    pair ord(x)=65 ord(ax)=63: True quotient by N(Z63) of order 126 (2080 vertices) [11.8s]
    pair ord(x)=65 ord(ax)=5: True quotient by N(Z63) of order 126 (2080 vertices) [12.0s]
    pair ord(x)=65 ord(ax)=5: True quotient by N(Z63) of order 126 (2080 vertices) [11.7s]
    pair ord(x)=65 ord(ax)=65: True quotient by N(Z63) of order 126 (2080 vertices) [11.9s]
    pair ord(x)=65 ord(ax)=65: True quotient by N(Z63) of order 126 (2080 vertices) [11.7s]
    pair ord(x)=65 ord(ax)=63: True quotient by N(Z63) of order 126 (2080 vertices) [11.8s]
    pair ord(x)=65 ord(ax)=63: True quotient by N(Z63) of order 126 (2080 vertices) [11.7s]
    pair ord(x)=65 ord(ax)=65: True quotient by N(Z63) of order 126 (2080 vertices) [12.0s]
    pair ord(x)=65 ord(ax)=7: True quotient by N(Z63) of order 126 (2080 vertices) [11.8s]
    pair ord(x)=65 ord(ax)=65: True quotient by N(Z63) of order 126 (2080 vertices) [11.8s]
    pair ord(x)=65 ord(ax)=65: True quotient by N(Z63) of order 126 (2080 vertices) [11.8s]
    pair ord(x)=65 ord(ax)=21: True quotient by N(Z63) of order 126 (2080 vertices) [11.8s]
    pair ord(x)=65 ord(ax)=63: True quotient by N(Z63) of order 126 (2080 vertices) [11.8s]
    pair ord(x)=65 ord(ax)=65: True quotient by N(Z63) of order 126 (2080 vertices) [12.0s]
    pair ord(x)=65 ord(ax)=65: True quotient by N(Z63) of order 126 (2080 vertices) [11.9s]
    pair ord(x)=65 ord(ax)=13: True quotient by N(Z63) of order 126 (2080 vertices) [11.7s]
    pair ord(x)=65 ord(ax)=21: True quotient by N(Z63) of order 126 (2080 vertices) [11.7s]
    pair ord(x)=65 ord(ax)=65: True quotient by N(Z63) of order 126 (2080 vertices) [11.9s]
    pair ord(x)=65 ord(ax)=9: True quotient by N(Z63) of order 126 (2080 vertices) [11.8s]
    pair ord(x)=65 ord(ax)=9: True quotient by N(Z63) of order 126 (2080 vertices) [11.7s]
    pair ord(x)=65 ord(ax)=65: True quotient by N(Z63) of order 126 (2080 vertices) [11.8s]
    pair ord(x)=65 ord(ax)=7: True quotient by N(Z63) of order 126 (2080 vertices) [11.7s]
    pair ord(x)=65 ord(ax)=13: True quotient by N(Z63) of order 126 (2080 vertices) [11.8s]
    pair ord(x)=65 ord(ax)=65: True quotient by N(Z63) of order 126 (2080 vertices) [11.7s]
    pair ord(x)=65 ord(ax)=13: True quotient by N(Z63) of order 126 (2080 vertices) [11.7s]
    pair ord(x)=65 ord(ax)=63: True quotient by N(Z63) of order 126 (2080 vertices) [11.7s]
    pair ord(x)=65 ord(ax)=65: True quotient by N(Z63) of order 126 (2080 vertices) [11.7s]
    pair ord(x)=65 ord(ax)=63: True quotient by N(Z63) of order 126 (2080 vertices) [11.7s]
    pair ord(x)=65 ord(ax)=13: True quotient by N(Z63) of order 126 (2080 vertices) [11.9s]
    pair ord(x)=65 ord(ax)=65: True quotient by N(Z63) of order 126 (2080 vertices) [11.8s]
    pair ord(x)=65 ord(ax)=63: True quotient by N(Z63) of order 126 (2080 vertices) [11.9s]
    pair ord(x)=65 ord(ax)=21: True quotient by N(Z63) of order 126 (2080 vertices) [12.1s]
    pair ord(x)=65 ord(ax)=63: True quotient by N(Z63) of order 126 (2080 vertices) [11.9s]
    pair ord(x)=65 ord(ax)=7: True quotient by N(Z63) of order 126 (2080 vertices) [11.8s]
    pair ord(x)=65 ord(ax)=63: True quotient by N(Z63) of order 126 (2080 vertices) [11.9s]
    pair ord(x)=65 ord(ax)=21: True quotient by N(Z63) of order 126 (2080 vertices) [11.8s]
    pair ord(x)=65 ord(ax)=63: True quotient by N(Z63) of order 126 (2080 vertices) [11.9s]
    pair ord(x)=65 ord(ax)=65: True quotient by N(Z63) of order 126 (2080 vertices) [12.0s]
    pair ord(x)=65 ord(ax)=13: True quotient by N(Z63) of order 126 (2080 vertices) [12.0s]
    pair ord(x)=65 ord(ax)=63: True quotient by N(Z63) of order 126 (2080 vertices) [12.1s]
    pair ord(x)=65 ord(ax)=65: True quotient by N(Z63) of order 126 (2080 vertices) [12.2s]
    pair ord(x)=65 ord(ax)=21: True quotient by N(Z63) of order 126 (2080 vertices) [11.9s]
    pair ord(x)=65 ord(ax)=63: True quotient by N(Z63) of order 126 (2080 vertices) [11.8s]
    pair ord(x)=65 ord(ax)=65: True quotient by N(Z63) of order 126 (2080 vertices) [12.0s]
    pair ord(x)=65 ord(ax)=3: True quotient by N(Z63) of order 126 (2080 vertices) [11.9s]
    pair ord(x)=65 ord(ax)=9: True quotient by N(Z63) of order 126 (2080 vertices) [11.9s]
    pair ord(x)=65 ord(ax)=65: True quotient by N(Z63) of order 126 (2080 vertices) [12.3s]
    pair ord(x)=65 ord(ax)=65: True quotient by N(Z63) of order 126 (2080 vertices) [12.4s]
    pair ord(x)=65 ord(ax)=63: True quotient by N(Z63) of order 126 (2080 vertices) [11.9s]
    pair ord(x)=65 ord(ax)=65: True quotient by N(Z63) of order 126 (2080 vertices) [12.1s]
    pair ord(x)=65 ord(ax)=65: True quotient by N(Z63) of order 126 (2080 vertices) [12.0s]
    pair ord(x)=65 ord(ax)=63: True quotient by N(Z63) of order 126 (2080 vertices) [12.0s]
    pair ord(x)=65 ord(ax)=65: True quotient by N(Z63) of order 126 (2080 vertices) [12.1s]
    pair ord(x)=65 ord(ax)=65: True quotient by N(Z63) of order 126 (2080 vertices) [12.1s]
    pair ord(x)=65 ord(ax)=63: True quotient by N(Z63) of order 126 (2080 vertices) [11.8s]
    pair ord(x)=5 ord(ax)=63: True quotient by N(Z63) of order 126 (2080 vertices) [12.6s]
    pair ord(x)=5 ord(ax)=63: True quotient by N(Z63) of order 126 (2080 vertices) [12.9s]
    pair ord(x)=5 ord(ax)=13: True quotient by N(Z63) of order 126 (2080 vertices) [12.4s]
    pair ord(x)=5 ord(ax)=65: True quotient by N(Z63) of order 126 (2080 vertices) [12.5s]
    pair ord(x)=5 ord(ax)=65: True quotient by N(Z63) of order 126 (2080 vertices) [12.4s]
    pair ord(x)=5 ord(ax)=65: True quotient by N(Z63) of order 126 (2080 vertices) [12.8s]
    pair ord(x)=5 ord(ax)=9: True quotient by N(Z63) of order 126 (2080 vertices) [12.6s]
    pair ord(x)=5 ord(ax)=63: True quotient by N(Z63) of order 126 (2080 vertices) [12.5s]
    pair ord(x)=5 ord(ax)=65: True quotient by N(Z63) of order 126 (2080 vertices) [12.6s]
    pair ord(x)=5 ord(ax)=63: True quotient by N(Z63) of order 126 (2080 vertices) [12.4s]
    pair ord(x)=5 ord(ax)=63: True quotient by N(Z63) of order 126 (2080 vertices) [12.5s]
    pair ord(x)=5 ord(ax)=65: True quotient by N(Z63) of order 126 (2080 vertices) [12.4s]
    pair ord(x)=5 ord(ax)=63: True quotient by N(Z63) of order 126 (2080 vertices) [12.4s]
    pair ord(x)=5 ord(ax)=63: True quotient by N(Z63) of order 126 (2080 vertices) [12.6s]
    pair ord(x)=5 ord(ax)=9: True quotient by N(Z63) of order 126 (2080 vertices) [12.3s]
    pair ord(x)=5 ord(ax)=63: True quotient by N(Z63) of order 126 (2080 vertices) [13.0s]
    pair ord(x)=5 ord(ax)=65: True quotient by N(Z63) of order 126 (2080 vertices) [13.3s]
    pair ord(x)=5 ord(ax)=63: True quotient by N(Z63) of order 126 (2080 vertices) [13.5s]
    pair ord(x)=5 ord(ax)=21: True quotient by N(Z63) of order 126 (2080 vertices) [13.7s]
    pair ord(x)=5 ord(ax)=21: True quotient by N(Z63) of order 126 (2080 vertices) [13.1s]
    pair ord(x)=5 ord(ax)=7: True quotient by N(Z63) of order 126 (2080 vertices) [13.1s]
    pair ord(x)=5 ord(ax)=63: True quotient by N(Z63) of order 126 (2080 vertices) [13.4s]
    pair ord(x)=5 ord(ax)=7: True quotient by N(Z63) of order 126 (2080 vertices) [13.1s]
    pair ord(x)=5 ord(ax)=65: True quotient by N(Z63) of order 126 (2080 vertices) [13.7s]
    pair ord(x)=5 ord(ax)=9: True quotient by N(Z63) of order 126 (2080 vertices) [13.2s]
    pair ord(x)=5 ord(ax)=65: True quotient by N(Z63) of order 126 (2080 vertices) [13.4s]
    pair ord(x)=5 ord(ax)=13: True quotient by N(Z63) of order 126 (2080 vertices) [13.0s]
    pair ord(x)=5 ord(ax)=65: True quotient by N(Z63) of order 126 (2080 vertices) [12.5s]
    pair ord(x)=5 ord(ax)=65: True quotient by N(Z63) of order 126 (2080 vertices) [12.7s]
    pair ord(x)=5 ord(ax)=13: True quotient by N(Z63) of order 126 (2080 vertices) [12.6s]
    pair ord(x)=5 ord(ax)=21: True quotient by N(Z63) of order 126 (2080 vertices) [13.0s]
    pair ord(x)=5 ord(ax)=63: True quotient by N(Z63) of order 126 (2080 vertices) [12.8s]
    pair ord(x)=5 ord(ax)=65: True quotient by N(Z63) of order 126 (2080 vertices) [12.7s]
    pair ord(x)=5 ord(ax)=21: True quotient by N(Z63) of order 126 (2080 vertices) [13.0s]
    pair ord(x)=5 ord(ax)=63: True quotient by N(Z63) of order 126 (2080 vertices) [12.4s]
    pair ord(x)=5 ord(ax)=65: True quotient by N(Z63) of order 126 (2080 vertices) [12.4s]
    pair ord(x)=5 ord(ax)=65: True quotient by N(Z63) of order 126 (2080 vertices) [12.5s]
    pair ord(x)=5 ord(ax)=65: True quotient by N(Z63) of order 126 (2080 vertices) [12.5s]
    pair ord(x)=5 ord(ax)=65: True quotient by N(Z63) of order 126 (2080 vertices) [12.6s]
    pair ord(x)=5 ord(ax)=21: True quotient by N(Z63) of order 126 (2080 vertices) [12.6s]
    pair ord(x)=5 ord(ax)=65: True quotient by N(Z63) of order 126 (2080 vertices) [12.6s]
    pair ord(x)=5 ord(ax)=63: True quotient by N(Z63) of order 126 (2080 vertices) [12.4s]
    pair ord(x)=5 ord(ax)=63: True quotient by N(Z63) of order 126 (2080 vertices) [12.4s]
    pair ord(x)=5 ord(ax)=65: True quotient by N(Z63) of order 126 (2080 vertices) [12.6s]
    pair ord(x)=5 ord(ax)=13: True quotient by N(Z63) of order 126 (2080 vertices) [12.6s]
    pair ord(x)=5 ord(ax)=65: True quotient by N(Z63) of order 126 (2080 vertices) [12.7s]
    pair ord(x)=5 ord(ax)=65: True quotient by N(Z63) of order 126 (2080 vertices) [12.9s]
    pair ord(x)=5 ord(ax)=63: True quotient by N(Z63) of order 126 (2080 vertices) [12.5s]
    pair ord(x)=5 ord(ax)=7: True quotient by N(Z63) of order 126 (2080 vertices) [12.4s]
    pair ord(x)=5 ord(ax)=65: True quotient by N(Z63) of order 126 (2080 vertices) [12.4s]
    pair ord(x)=5 ord(ax)=65: True quotient by N(Z63) of order 126 (2080 vertices) [12.3s]
    pair ord(x)=5 ord(ax)=21: True quotient by N(Z63) of order 126 (2080 vertices) [12.4s]
    pair ord(x)=5 ord(ax)=13: True quotient by N(Z63) of order 126 (2080 vertices) [12.3s]
    pair ord(x)=5 ord(ax)=63: True quotient by N(Z63) of order 126 (2080 vertices) [12.2s]
    pair ord(x)=5 ord(ax)=65: True quotient by N(Z63) of order 126 (2080 vertices) [12.8s]
    pair ord(x)=5 ord(ax)=63: True quotient by N(Z63) of order 126 (2080 vertices) [12.4s]
    pair ord(x)=5 ord(ax)=65: True quotient by N(Z63) of order 126 (2080 vertices) [12.4s]
    pair ord(x)=5 ord(ax)=65: True quotient by N(Z63) of order 126 (2080 vertices) [12.3s]
    pair ord(x)=5 ord(ax)=13: True quotient by N(Z63) of order 126 (2080 vertices) [12.5s]
    pair ord(x)=63 ord(ax)=65: True quotient by N(Z65) of order 130 (2016 vertices) [7.0s]
    pair ord(x)=63 ord(ax)=9: True quotient by N(Z65) of order 130 (2016 vertices) [7.0s]
    pair ord(x)=63 ord(ax)=65: True quotient by N(Z65) of order 130 (2016 vertices) [7.0s]
    pair ord(x)=63 ord(ax)=63: True quotient by N(Z65) of order 130 (2016 vertices) [7.0s]
    pair ord(x)=63 ord(ax)=65: True quotient by N(Z65) of order 130 (2016 vertices) [6.9s]
    pair ord(x)=63 ord(ax)=65: True quotient by N(Z65) of order 130 (2016 vertices) [6.9s]
    pair ord(x)=5 ord(ax)=63: True quotient by N(Z63) of order 126 (2080 vertices) [12.3s]
    pair ord(x)=63 ord(ax)=13: True quotient by N(Z65) of order 130 (2016 vertices) [7.0s]
    pair ord(x)=63 ord(ax)=21: True quotient by N(Z65) of order 130 (2016 vertices) [7.0s]
    pair ord(x)=63 ord(ax)=63: True quotient by N(Z65) of order 130 (2016 vertices) [7.0s]
    pair ord(x)=63 ord(ax)=65: True quotient by N(Z65) of order 130 (2016 vertices) [7.0s]
    pair ord(x)=63 ord(ax)=63: True quotient by N(Z65) of order 130 (2016 vertices) [6.9s]
    pair ord(x)=63 ord(ax)=63: True quotient by N(Z65) of order 130 (2016 vertices) [7.0s]
    pair ord(x)=63 ord(ax)=3: True quotient by N(Z65) of order 130 (2016 vertices) [7.2s]
    pair ord(x)=63 ord(ax)=9: True quotient by N(Z65) of order 130 (2016 vertices) [6.9s]
    pair ord(x)=63 ord(ax)=65: True quotient by N(Z65) of order 130 (2016 vertices) [7.0s]
    pair ord(x)=63 ord(ax)=5: True quotient by N(Z65) of order 130 (2016 vertices) [6.9s]
    pair ord(x)=63 ord(ax)=65: True quotient by N(Z65) of order 130 (2016 vertices) [6.9s]
    pair ord(x)=63 ord(ax)=13: True quotient by N(Z65) of order 130 (2016 vertices) [6.9s]
    pair ord(x)=63 ord(ax)=65: True quotient by N(Z65) of order 130 (2016 vertices) [6.9s]
    pair ord(x)=63 ord(ax)=5: True quotient by N(Z65) of order 130 (2016 vertices) [6.9s]
    pair ord(x)=63 ord(ax)=65: True quotient by N(Z65) of order 130 (2016 vertices) [6.9s]
    pair ord(x)=63 ord(ax)=65: True quotient by N(Z65) of order 130 (2016 vertices) [7.0s]
    pair ord(x)=63 ord(ax)=13: True quotient by N(Z65) of order 130 (2016 vertices) [7.0s]
    pair ord(x)=63 ord(ax)=7: True quotient by N(Z65) of order 130 (2016 vertices) [6.9s]
    pair ord(x)=63 ord(ax)=65: True quotient by N(Z65) of order 130 (2016 vertices) [7.0s]
    pair ord(x)=63 ord(ax)=63: True quotient by N(Z65) of order 130 (2016 vertices) [6.9s]
    pair ord(x)=63 ord(ax)=65: True quotient by N(Z65) of order 130 (2016 vertices) [6.9s]
    pair ord(x)=63 ord(ax)=63: True quotient by N(Z65) of order 130 (2016 vertices) [6.9s]
    pair ord(x)=63 ord(ax)=65: True quotient by N(Z65) of order 130 (2016 vertices) [7.0s]
    pair ord(x)=63 ord(ax)=63: True quotient by N(Z65) of order 130 (2016 vertices) [6.9s]
    pair ord(x)=63 ord(ax)=9: True quotient by N(Z65) of order 130 (2016 vertices) [7.0s]
    pair ord(x)=63 ord(ax)=13: True quotient by N(Z65) of order 130 (2016 vertices) [7.0s]
    pair ord(x)=63 ord(ax)=63: True quotient by N(Z65) of order 130 (2016 vertices) [7.0s]
    pair ord(x)=63 ord(ax)=65: True quotient by N(Z65) of order 130 (2016 vertices) [7.0s]
    pair ord(x)=63 ord(ax)=7: True quotient by N(Z65) of order 130 (2016 vertices) [7.0s]
    pair ord(x)=63 ord(ax)=13: True quotient by N(Z65) of order 130 (2016 vertices) [6.9s]
    pair ord(x)=63 ord(ax)=63: True quotient by N(Z65) of order 130 (2016 vertices) [6.9s]
    pair ord(x)=63 ord(ax)=63: True quotient by N(Z65) of order 130 (2016 vertices) [6.9s]
    pair ord(x)=63 ord(ax)=21: True quotient by N(Z65) of order 130 (2016 vertices) [6.9s]
    pair ord(x)=63 ord(ax)=21: True quotient by N(Z65) of order 130 (2016 vertices) [7.0s]
    pair ord(x)=63 ord(ax)=63: True quotient by N(Z65) of order 130 (2016 vertices) [6.9s]
    pair ord(x)=63 ord(ax)=63: True quotient by N(Z65) of order 130 (2016 vertices) [7.0s]
    pair ord(x)=63 ord(ax)=65: True quotient by N(Z65) of order 130 (2016 vertices) [7.0s]
    pair ord(x)=63 ord(ax)=65: True quotient by N(Z65) of order 130 (2016 vertices) [7.0s]
    pair ord(x)=63 ord(ax)=63: True quotient by N(Z65) of order 130 (2016 vertices) [7.0s]
    pair ord(x)=63 ord(ax)=65: True quotient by N(Z65) of order 130 (2016 vertices) [7.0s]
    pair ord(x)=63 ord(ax)=65: True quotient by N(Z65) of order 130 (2016 vertices) [7.0s]
    pair ord(x)=63 ord(ax)=63: True quotient by N(Z65) of order 130 (2016 vertices) [7.0s]
    pair ord(x)=63 ord(ax)=65: True quotient by N(Z65) of order 130 (2016 vertices) [6.9s]
    pair ord(x)=63 ord(ax)=63: True quotient by N(Z65) of order 130 (2016 vertices) [6.9s]
    pair ord(x)=63 ord(ax)=63: True quotient by N(Z65) of order 130 (2016 vertices) [7.0s]
    pair ord(x)=63 ord(ax)=63: True quotient by N(Z65) of order 130 (2016 vertices) [6.9s]
    pair ord(x)=63 ord(ax)=65: True quotient by N(Z65) of order 130 (2016 vertices) [7.0s]
    pair ord(x)=63 ord(ax)=21: True quotient by N(Z65) of order 130 (2016 vertices) [7.0s]
    pair ord(x)=63 ord(ax)=65: True quotient by N(Z65) of order 130 (2016 vertices) [7.0s]
    pair ord(x)=63 ord(ax)=65: True quotient by N(Z65) of order 130 (2016 vertices) [6.9s]
    pair ord(x)=63 ord(ax)=65: True quotient by N(Z65) of order 130 (2016 vertices) [6.9s]
    pair ord(x)=63 ord(ax)=21: True quotient by N(Z65) of order 130 (2016 vertices) [6.9s]
    pair ord(x)=63 ord(ax)=21: True quotient by N(Z65) of order 130 (2016 vertices) [6.9s]
    pair ord(x)=63 ord(ax)=13: True quotient by N(Z65) of order 130 (2016 vertices) [6.9s]
    pair ord(x)=63 ord(ax)=7: True quotient by N(Z65) of order 130 (2016 vertices) [6.9s]
    pair ord(x)=63 ord(ax)=65: True quotient by N(Z65) of order 130 (2016 vertices) [6.9s]
    pair ord(x)=65 ord(ax)=65: True quotient by N(Z63) of order 126 (2080 vertices) [11.9s]
    pair ord(x)=65 ord(ax)=63: True quotient by N(Z63) of order 126 (2080 vertices) [11.7s]
    pair ord(x)=65 ord(ax)=63: True quotient by N(Z63) of order 126 (2080 vertices) [11.9s]
    pair ord(x)=65 ord(ax)=65: True quotient by N(Z63) of order 126 (2080 vertices) [11.9s]
    pair ord(x)=65 ord(ax)=63: True quotient by N(Z63) of order 126 (2080 vertices) [12.0s]
    pair ord(x)=65 ord(ax)=65: True quotient by N(Z63) of order 126 (2080 vertices) [12.0s]
    pair ord(x)=65 ord(ax)=13: True quotient by N(Z63) of order 126 (2080 vertices) [11.9s]
    pair ord(x)=65 ord(ax)=9: True quotient by N(Z63) of order 126 (2080 vertices) [11.9s]
    pair ord(x)=65 ord(ax)=13: True quotient by N(Z63) of order 126 (2080 vertices) [12.2s]
    pair ord(x)=65 ord(ax)=21: True quotient by N(Z63) of order 126 (2080 vertices) [11.8s]
    pair ord(x)=65 ord(ax)=65: True quotient by N(Z63) of order 126 (2080 vertices) [12.1s]
    pair ord(x)=65 ord(ax)=63: True quotient by N(Z63) of order 126 (2080 vertices) [12.0s]
    pair ord(x)=65 ord(ax)=63: True quotient by N(Z63) of order 126 (2080 vertices) [11.9s]
    pair ord(x)=65 ord(ax)=21: True quotient by N(Z63) of order 126 (2080 vertices) [11.9s]
    pair ord(x)=65 ord(ax)=63: True quotient by N(Z63) of order 126 (2080 vertices) [11.9s]
    pair ord(x)=65 ord(ax)=5: True quotient by N(Z63) of order 126 (2080 vertices) [12.1s]
    pair ord(x)=65 ord(ax)=13: True quotient by N(Z63) of order 126 (2080 vertices) [12.2s]
    pair ord(x)=65 ord(ax)=21: True quotient by N(Z63) of order 126 (2080 vertices) [12.0s]
    pair ord(x)=65 ord(ax)=65: True quotient by N(Z63) of order 126 (2080 vertices) [12.2s]
    pair ord(x)=65 ord(ax)=65: True quotient by N(Z63) of order 126 (2080 vertices) [12.0s]
    pair ord(x)=65 ord(ax)=63: True quotient by N(Z63) of order 126 (2080 vertices) [11.9s]
    pair ord(x)=65 ord(ax)=63: True quotient by N(Z63) of order 126 (2080 vertices) [11.9s]
    pair ord(x)=65 ord(ax)=7: True quotient by N(Z63) of order 126 (2080 vertices) [11.8s]
    pair ord(x)=65 ord(ax)=63: True quotient by N(Z63) of order 126 (2080 vertices) [11.8s]
    pair ord(x)=65 ord(ax)=65: True quotient by N(Z63) of order 126 (2080 vertices) [12.0s]
    pair ord(x)=65 ord(ax)=21: True quotient by N(Z63) of order 126 (2080 vertices) [11.8s]
    pair ord(x)=65 ord(ax)=65: True quotient by N(Z63) of order 126 (2080 vertices) [12.1s]
    pair ord(x)=65 ord(ax)=65: True quotient by N(Z63) of order 126 (2080 vertices) [12.0s]
    pair ord(x)=65 ord(ax)=63: True quotient by N(Z63) of order 126 (2080 vertices) [11.8s]
    pair ord(x)=65 ord(ax)=65: True quotient by N(Z63) of order 126 (2080 vertices) [12.0s]
    pair ord(x)=65 ord(ax)=21: True quotient by N(Z63) of order 126 (2080 vertices) [11.9s]
    pair ord(x)=65 ord(ax)=65: True quotient by N(Z63) of order 126 (2080 vertices) [12.1s]
    pair ord(x)=65 ord(ax)=65: True quotient by N(Z63) of order 126 (2080 vertices) [11.9s]
    pair ord(x)=65 ord(ax)=65: True quotient by N(Z63) of order 126 (2080 vertices) [12.0s]
    pair ord(x)=65 ord(ax)=65: True quotient by N(Z63) of order 126 (2080 vertices) [12.0s]
    pair ord(x)=65 ord(ax)=63: True quotient by N(Z63) of order 126 (2080 vertices) [11.9s]
    pair ord(x)=65 ord(ax)=63: True quotient by N(Z63) of order 126 (2080 vertices) [12.0s]
    pair ord(x)=65 ord(ax)=65: True quotient by N(Z63) of order 126 (2080 vertices) [12.0s]
    pair ord(x)=65 ord(ax)=13: True quotient by N(Z63) of order 126 (2080 vertices) [11.9s]
    pair ord(x)=65 ord(ax)=65: True quotient by N(Z63) of order 126 (2080 vertices) [12.0s]
    pair ord(x)=65 ord(ax)=65: True quotient by N(Z63) of order 126 (2080 vertices) [11.9s]
    pair ord(x)=65 ord(ax)=5: True quotient by N(Z63) of order 126 (2080 vertices) [11.8s]
    pair ord(x)=65 ord(ax)=65: True quotient by N(Z63) of order 126 (2080 vertices) [11.9s]
    pair ord(x)=65 ord(ax)=9: True quotient by N(Z63) of order 126 (2080 vertices) [12.0s]
    pair ord(x)=65 ord(ax)=21: True quotient by N(Z63) of order 126 (2080 vertices) [11.8s]
    pair ord(x)=65 ord(ax)=13: True quotient by N(Z63) of order 126 (2080 vertices) [12.0s]
    pair ord(x)=65 ord(ax)=13: True quotient by N(Z63) of order 126 (2080 vertices) [11.8s]
    pair ord(x)=65 ord(ax)=65: True quotient by N(Z63) of order 126 (2080 vertices) [11.9s]
    pair ord(x)=65 ord(ax)=65: True quotient by N(Z63) of order 126 (2080 vertices) [12.0s]
    pair ord(x)=65 ord(ax)=63: True quotient by N(Z63) of order 126 (2080 vertices) [11.9s]
    pair ord(x)=65 ord(ax)=63: True quotient by N(Z63) of order 126 (2080 vertices) [12.0s]
    pair ord(x)=65 ord(ax)=9: True quotient by N(Z63) of order 126 (2080 vertices) [11.9s]
    pair ord(x)=65 ord(ax)=65: True quotient by N(Z63) of order 126 (2080 vertices) [11.9s]
    pair ord(x)=65 ord(ax)=63: True quotient by N(Z63) of order 126 (2080 vertices) [11.9s]
    pair ord(x)=65 ord(ax)=63: True quotient by N(Z63) of order 126 (2080 vertices) [12.0s]
    pair ord(x)=63 ord(ax)=65: True quotient by N(Z65) of order 130 (2016 vertices) [7.1s]
    pair ord(x)=63 ord(ax)=21: True quotient by N(Z65) of order 130 (2016 vertices) [7.1s]
    pair ord(x)=63 ord(ax)=63: True quotient by N(Z65) of order 130 (2016 vertices) [7.1s]
    pair ord(x)=65 ord(ax)=63: True quotient by N(Z63) of order 126 (2080 vertices) [11.9s]
    pair ord(x)=65 ord(ax)=65: True quotient by N(Z63) of order 126 (2080 vertices) [12.3s]
    pair ord(x)=65 ord(ax)=63: True quotient by N(Z63) of order 126 (2080 vertices) [12.1s]
    pair ord(x)=65 ord(ax)=3: True quotient by N(Z63) of order 126 (2080 vertices) [11.9s]
    pair ord(x)=63 ord(ax)=21: True quotient by N(Z65) of order 130 (2016 vertices) [7.0s]
    pair ord(x)=65 ord(ax)=7: True quotient by N(Z63) of order 126 (2080 vertices) [11.8s]
    pair ord(x)=65 ord(ax)=65: True quotient by N(Z63) of order 126 (2080 vertices) [11.9s]
    pair ord(x)=65 ord(ax)=7: True quotient by N(Z63) of order 126 (2080 vertices) [11.9s]
    pair ord(x)=63 ord(ax)=63: True quotient by N(Z65) of order 130 (2016 vertices) [7.0s]
    pair ord(x)=63 ord(ax)=63: True quotient by N(Z65) of order 130 (2016 vertices) [7.1s]
    pair ord(x)=63 ord(ax)=65: True quotient by N(Z65) of order 130 (2016 vertices) [7.1s]
    pair ord(x)=63 ord(ax)=5: True quotient by N(Z65) of order 130 (2016 vertices) [7.1s]
    pair ord(x)=63 ord(ax)=63: True quotient by N(Z65) of order 130 (2016 vertices) [7.1s]
    pair ord(x)=63 ord(ax)=13: True quotient by N(Z65) of order 130 (2016 vertices) [7.1s]
    pair ord(x)=63 ord(ax)=65: True quotient by N(Z65) of order 130 (2016 vertices) [7.0s]
    pair ord(x)=63 ord(ax)=65: True quotient by N(Z65) of order 130 (2016 vertices) [7.0s]
    pair ord(x)=63 ord(ax)=65: True quotient by N(Z65) of order 130 (2016 vertices) [7.0s]
    pair ord(x)=63 ord(ax)=21: True quotient by N(Z65) of order 130 (2016 vertices) [7.0s]
    pair ord(x)=63 ord(ax)=65: True quotient by N(Z65) of order 130 (2016 vertices) [7.0s]
    pair ord(x)=63 ord(ax)=7: True quotient by N(Z65) of order 130 (2016 vertices) [7.0s]
    pair ord(x)=63 ord(ax)=63: True quotient by N(Z65) of order 130 (2016 vertices) [7.0s]
    pair ord(x)=63 ord(ax)=63: True quotient by N(Z65) of order 130 (2016 vertices) [7.0s]
    pair ord(x)=63 ord(ax)=13: True quotient by N(Z65) of order 130 (2016 vertices) [7.0s]
    pair ord(x)=63 ord(ax)=63: True quotient by N(Z65) of order 130 (2016 vertices) [7.0s]
    pair ord(x)=63 ord(ax)=63: True quotient by N(Z65) of order 130 (2016 vertices) [7.0s]
    pair ord(x)=63 ord(ax)=63: True quotient by N(Z65) of order 130 (2016 vertices) [7.0s]
    pair ord(x)=63 ord(ax)=7: True quotient by N(Z65) of order 130 (2016 vertices) [7.0s]
    pair ord(x)=63 ord(ax)=65: True quotient by N(Z65) of order 130 (2016 vertices) [7.0s]
    pair ord(x)=63 ord(ax)=13: True quotient by N(Z65) of order 130 (2016 vertices) [7.0s]
    pair ord(x)=63 ord(ax)=5: True quotient by N(Z65) of order 130 (2016 vertices) [7.1s]
    pair ord(x)=63 ord(ax)=63: True quotient by N(Z65) of order 130 (2016 vertices) [6.9s]
    pair ord(x)=63 ord(ax)=65: True quotient by N(Z65) of order 130 (2016 vertices) [7.1s]
    pair ord(x)=63 ord(ax)=65: True quotient by N(Z65) of order 130 (2016 vertices) [6.9s]
    pair ord(x)=63 ord(ax)=63: True quotient by N(Z65) of order 130 (2016 vertices) [7.0s]
    pair ord(x)=63 ord(ax)=65: True quotient by N(Z65) of order 130 (2016 vertices) [6.9s]
    pair ord(x)=63 ord(ax)=65: True quotient by N(Z65) of order 130 (2016 vertices) [7.0s]
    pair ord(x)=63 ord(ax)=65: True quotient by N(Z65) of order 130 (2016 vertices) [7.0s]
    pair ord(x)=63 ord(ax)=65: True quotient by N(Z65) of order 130 (2016 vertices) [7.0s]
    pair ord(x)=63 ord(ax)=63: True quotient by N(Z65) of order 130 (2016 vertices) [6.9s]
    pair ord(x)=63 ord(ax)=65: True quotient by N(Z65) of order 130 (2016 vertices) [7.0s]
    pair ord(x)=63 ord(ax)=63: True quotient by N(Z65) of order 130 (2016 vertices) [6.9s]
    pair ord(x)=63 ord(ax)=65: True quotient by N(Z65) of order 130 (2016 vertices) [7.1s]
    pair ord(x)=63 ord(ax)=21: True quotient by N(Z65) of order 130 (2016 vertices) [7.2s]
    pair ord(x)=63 ord(ax)=13: True quotient by N(Z65) of order 130 (2016 vertices) [7.2s]
    pair ord(x)=63 ord(ax)=9: True quotient by N(Z65) of order 130 (2016 vertices) [7.2s]
    pair ord(x)=63 ord(ax)=21: True quotient by N(Z65) of order 130 (2016 vertices) [7.2s]
    pair ord(x)=63 ord(ax)=63: True quotient by N(Z65) of order 130 (2016 vertices) [7.2s]
    pair ord(x)=63 ord(ax)=13: True quotient by N(Z65) of order 130 (2016 vertices) [7.2s]
    pair ord(x)=63 ord(ax)=7: True quotient by N(Z65) of order 130 (2016 vertices) [7.2s]
    pair ord(x)=63 ord(ax)=63: True quotient by N(Z65) of order 130 (2016 vertices) [7.2s]
    pair ord(x)=63 ord(ax)=65: True quotient by N(Z65) of order 130 (2016 vertices) [7.2s]
    pair ord(x)=63 ord(ax)=13: True quotient by N(Z65) of order 130 (2016 vertices) [7.2s]
    pair ord(x)=63 ord(ax)=65: True quotient by N(Z65) of order 130 (2016 vertices) [7.0s]
    pair ord(x)=63 ord(ax)=65: True quotient by N(Z65) of order 130 (2016 vertices) [7.0s]
    pair ord(x)=63 ord(ax)=65: True quotient by N(Z65) of order 130 (2016 vertices) [7.0s]
    pair ord(x)=63 ord(ax)=65: True quotient by N(Z65) of order 130 (2016 vertices) [7.0s]
    pair ord(x)=63 ord(ax)=21: True quotient by N(Z65) of order 130 (2016 vertices) [7.0s]
    pair ord(x)=63 ord(ax)=65: True quotient by N(Z65) of order 130 (2016 vertices) [7.0s]
    pair ord(x)=63 ord(ax)=65: True quotient by N(Z65) of order 130 (2016 vertices) [7.0s]
    pair ord(x)=63 ord(ax)=65: True quotient by N(Z65) of order 130 (2016 vertices) [7.0s]
    pair ord(x)=63 ord(ax)=63: True quotient by N(Z65) of order 130 (2016 vertices) [7.0s]
    pair ord(x)=63 ord(ax)=9: True quotient by N(Z65) of order 130 (2016 vertices) [7.0s]
    pair ord(x)=63 ord(ax)=3: True quotient by N(Z65) of order 130 (2016 vertices) [7.0s]
    pair ord(x)=63 ord(ax)=65: True quotient by N(Z65) of order 130 (2016 vertices) [6.9s]
    pair ord(x)=63 ord(ax)=63: True quotient by N(Z65) of order 130 (2016 vertices) [7.0s]
    pair ord(x)=63 ord(ax)=9: True quotient by N(Z65) of order 130 (2016 vertices) [6.9s]
    pair ord(x)=13 ord(ax)=9: True quotient by N(Z63) of order 126 (2080 vertices) [11.9s]
    pair ord(x)=13 ord(ax)=21: True quotient by N(Z63) of order 126 (2080 vertices) [12.1s]
    pair ord(x)=13 ord(ax)=3: True quotient by N(Z63) of order 126 (2080 vertices) [11.8s]
    pair ord(x)=13 ord(ax)=65: True quotient by N(Z63) of order 126 (2080 vertices) [12.1s]
    pair ord(x)=13 ord(ax)=5: True quotient by N(Z63) of order 126 (2080 vertices) [12.1s]
    pair ord(x)=13 ord(ax)=9: True quotient by N(Z63) of order 126 (2080 vertices) [11.9s]
    pair ord(x)=13 ord(ax)=65: True quotient by N(Z63) of order 126 (2080 vertices) [12.1s]
    pair ord(x)=13 ord(ax)=63: True quotient by N(Z63) of order 126 (2080 vertices) [12.0s]
    pair ord(x)=13 ord(ax)=21: True quotient by N(Z63) of order 126 (2080 vertices) [11.8s]
    pair ord(x)=13 ord(ax)=63: True quotient by N(Z63) of order 126 (2080 vertices) [11.9s]
    pair ord(x)=13 ord(ax)=13: True quotient by N(Z63) of order 126 (2080 vertices) [12.1s]
    pair ord(x)=13 ord(ax)=21: True quotient by N(Z63) of order 126 (2080 vertices) [11.9s]
    pair ord(x)=13 ord(ax)=65: True quotient by N(Z63) of order 126 (2080 vertices) [12.0s]
    pair ord(x)=13 ord(ax)=65: True quotient by N(Z63) of order 126 (2080 vertices) [11.9s]
    pair ord(x)=13 ord(ax)=65: True quotient by N(Z63) of order 126 (2080 vertices) [11.9s]
    pair ord(x)=13 ord(ax)=7: True quotient by N(Z63) of order 126 (2080 vertices) [12.0s]
    pair ord(x)=13 ord(ax)=63: True quotient by N(Z63) of order 126 (2080 vertices) [12.0s]
    pair ord(x)=13 ord(ax)=63: True quotient by N(Z63) of order 126 (2080 vertices) [12.1s]
    pair ord(x)=13 ord(ax)=63: True quotient by N(Z63) of order 126 (2080 vertices) [11.9s]
    pair ord(x)=13 ord(ax)=65: True quotient by N(Z63) of order 126 (2080 vertices) [12.1s]
    pair ord(x)=13 ord(ax)=65: True quotient by N(Z63) of order 126 (2080 vertices) [12.0s]
    pair ord(x)=13 ord(ax)=65: True quotient by N(Z63) of order 126 (2080 vertices) [11.8s]
    pair ord(x)=13 ord(ax)=65: True quotient by N(Z63) of order 126 (2080 vertices) [12.2s]
    pair ord(x)=13 ord(ax)=63: True quotient by N(Z63) of order 126 (2080 vertices) [11.9s]
    pair ord(x)=13 ord(ax)=65: True quotient by N(Z63) of order 126 (2080 vertices) [11.9s]
    pair ord(x)=13 ord(ax)=21: True quotient by N(Z63) of order 126 (2080 vertices) [11.8s]
    pair ord(x)=13 ord(ax)=63: True quotient by N(Z63) of order 126 (2080 vertices) [12.0s]
    pair ord(x)=13 ord(ax)=63: True quotient by N(Z63) of order 126 (2080 vertices) [11.8s]
    pair ord(x)=13 ord(ax)=65: True quotient by N(Z63) of order 126 (2080 vertices) [11.8s]
    pair ord(x)=13 ord(ax)=7: True quotient by N(Z63) of order 126 (2080 vertices) [11.8s]
    pair ord(x)=13 ord(ax)=63: True quotient by N(Z63) of order 126 (2080 vertices) [11.7s]
    pair ord(x)=13 ord(ax)=65: True quotient by N(Z63) of order 126 (2080 vertices) [11.8s]
    pair ord(x)=13 ord(ax)=63: True quotient by N(Z63) of order 126 (2080 vertices) [11.8s]
    pair ord(x)=13 ord(ax)=65: True quotient by N(Z63) of order 126 (2080 vertices) [12.1s]
    pair ord(x)=13 ord(ax)=5: True quotient by N(Z63) of order 126 (2080 vertices) [11.9s]
    pair ord(x)=13 ord(ax)=65: True quotient by N(Z63) of order 126 (2080 vertices) [11.9s]
    pair ord(x)=13 ord(ax)=65: True quotient by N(Z63) of order 126 (2080 vertices) [12.0s]
    pair ord(x)=13 ord(ax)=65: True quotient by N(Z63) of order 126 (2080 vertices) [12.0s]
    pair ord(x)=13 ord(ax)=65: True quotient by N(Z63) of order 126 (2080 vertices) [12.2s]
    pair ord(x)=13 ord(ax)=21: True quotient by N(Z63) of order 126 (2080 vertices) [11.8s]
    pair ord(x)=13 ord(ax)=63: True quotient by N(Z63) of order 126 (2080 vertices) [11.8s]
    pair ord(x)=13 ord(ax)=65: True quotient by N(Z63) of order 126 (2080 vertices) [12.0s]
    pair ord(x)=13 ord(ax)=63: True quotient by N(Z63) of order 126 (2080 vertices) [11.7s]
    pair ord(x)=13 ord(ax)=63: True quotient by N(Z63) of order 126 (2080 vertices) [12.0s]
    pair ord(x)=13 ord(ax)=63: True quotient by N(Z63) of order 126 (2080 vertices) [11.8s]
    pair ord(x)=13 ord(ax)=63: True quotient by N(Z63) of order 126 (2080 vertices) [11.7s]
    pair ord(x)=13 ord(ax)=13: True quotient by N(Z63) of order 126 (2080 vertices) [12.2s]
    pair ord(x)=13 ord(ax)=65: True quotient by N(Z63) of order 126 (2080 vertices) [11.7s]
    pair ord(x)=13 ord(ax)=13: True quotient by N(Z63) of order 126 (2080 vertices) [11.7s]
    pair ord(x)=13 ord(ax)=65: True quotient by N(Z63) of order 126 (2080 vertices) [11.8s]
    pair ord(x)=13 ord(ax)=9: True quotient by N(Z63) of order 126 (2080 vertices) [11.8s]
    pair ord(x)=13 ord(ax)=21: True quotient by N(Z63) of order 126 (2080 vertices) [11.9s]
    pair ord(x)=13 ord(ax)=65: True quotient by N(Z63) of order 126 (2080 vertices) [11.7s]
    pair ord(x)=13 ord(ax)=63: True quotient by N(Z63) of order 126 (2080 vertices) [11.8s]
    pair ord(x)=13 ord(ax)=65: True quotient by N(Z63) of order 126 (2080 vertices) [11.9s]
    pair ord(x)=63 ord(ax)=21: True quotient by N(Z65) of order 130 (2016 vertices) [6.9s]
    pair ord(x)=13 ord(ax)=13: True quotient by N(Z63) of order 126 (2080 vertices) [12.4s]
    pair ord(x)=13 ord(ax)=65: True quotient by N(Z63) of order 126 (2080 vertices) [12.7s]
    pair ord(x)=13 ord(ax)=7: True quotient by N(Z63) of order 126 (2080 vertices) [12.8s]
    pair ord(x)=13 ord(ax)=13: True quotient by N(Z63) of order 126 (2080 vertices) [12.8s]
    pair ord(x)=63 ord(ax)=63: True quotient by N(Z65) of order 130 (2016 vertices) [7.9s]
    pair ord(x)=13 ord(ax)=65: True quotient by N(Z63) of order 126 (2080 vertices) [13.0s]
    pair ord(x)=63 ord(ax)=13: True quotient by N(Z65) of order 130 (2016 vertices) [7.8s]
    pair ord(x)=13 ord(ax)=63: True quotient by N(Z63) of order 126 (2080 vertices) [12.8s]
    pair ord(x)=63 ord(ax)=63: True quotient by N(Z65) of order 130 (2016 vertices) [7.8s]
    pair ord(x)=13 ord(ax)=63: True quotient by N(Z63) of order 126 (2080 vertices) [12.6s]
    pair ord(x)=63 ord(ax)=7: True quotient by N(Z65) of order 130 (2016 vertices) [7.7s]
    pair ord(x)=63 ord(ax)=65: True quotient by N(Z65) of order 130 (2016 vertices) [7.5s]
    pair ord(x)=63 ord(ax)=63: True quotient by N(Z65) of order 130 (2016 vertices) [7.1s]
    pair ord(x)=63 ord(ax)=63: True quotient by N(Z65) of order 130 (2016 vertices) [7.0s]
    pair ord(x)=63 ord(ax)=65: True quotient by N(Z65) of order 130 (2016 vertices) [7.0s]
    pair ord(x)=63 ord(ax)=65: True quotient by N(Z65) of order 130 (2016 vertices) [7.0s]
    pair ord(x)=63 ord(ax)=65: True quotient by N(Z65) of order 130 (2016 vertices) [7.0s]
    pair ord(x)=63 ord(ax)=5: True quotient by N(Z65) of order 130 (2016 vertices) [6.9s]
    pair ord(x)=63 ord(ax)=21: True quotient by N(Z65) of order 130 (2016 vertices) [7.0s]
    pair ord(x)=63 ord(ax)=63: True quotient by N(Z65) of order 130 (2016 vertices) [7.0s]
    pair ord(x)=63 ord(ax)=63: True quotient by N(Z65) of order 130 (2016 vertices) [6.9s]
    pair ord(x)=63 ord(ax)=65: True quotient by N(Z65) of order 130 (2016 vertices) [6.9s]
    pair ord(x)=63 ord(ax)=7: True quotient by N(Z65) of order 130 (2016 vertices) [6.8s]
    pair ord(x)=63 ord(ax)=63: True quotient by N(Z65) of order 130 (2016 vertices) [6.8s]
    pair ord(x)=63 ord(ax)=21: True quotient by N(Z65) of order 130 (2016 vertices) [6.9s]
    pair ord(x)=63 ord(ax)=63: True quotient by N(Z65) of order 130 (2016 vertices) [6.9s]
    pair ord(x)=63 ord(ax)=21: True quotient by N(Z65) of order 130 (2016 vertices) [6.8s]
    pair ord(x)=63 ord(ax)=65: True quotient by N(Z65) of order 130 (2016 vertices) [6.8s]
    pair ord(x)=63 ord(ax)=65: True quotient by N(Z65) of order 130 (2016 vertices) [6.8s]
    pair ord(x)=63 ord(ax)=65: True quotient by N(Z65) of order 130 (2016 vertices) [6.8s]
    pair ord(x)=63 ord(ax)=65: True quotient by N(Z65) of order 130 (2016 vertices) [6.8s]
    pair ord(x)=63 ord(ax)=63: True quotient by N(Z65) of order 130 (2016 vertices) [6.9s]
    pair ord(x)=63 ord(ax)=65: True quotient by N(Z65) of order 130 (2016 vertices) [37.5s]
    pair ord(x)=63 ord(ax)=65: True quotient by N(Z65) of order 130 (2016 vertices) [38.3s]
    pair ord(x)=63 ord(ax)=21: True quotient by N(Z65) of order 130 (2016 vertices) [38.4s]
    pair ord(x)=63 ord(ax)=65: True quotient by N(Z65) of order 130 (2016 vertices) [38.4s]
    pair ord(x)=63 ord(ax)=9: True quotient by N(Z65) of order 130 (2016 vertices) [38.4s]
    pair ord(x)=63 ord(ax)=65: True quotient by N(Z65) of order 130 (2016 vertices) [38.4s]
    pair ord(x)=63 ord(ax)=13: True quotient by N(Z65) of order 130 (2016 vertices) [38.4s]
    pair ord(x)=63 ord(ax)=65: True quotient by N(Z65) of order 130 (2016 vertices) [38.3s]
    pair ord(x)=63 ord(ax)=63: True quotient by N(Z65) of order 130 (2016 vertices) [38.5s]
    pair ord(x)=63 ord(ax)=65: True quotient by N(Z65) of order 130 (2016 vertices) [38.6s]
    pair ord(x)=63 ord(ax)=13: True quotient by N(Z65) of order 130 (2016 vertices) [38.5s]
    pair ord(x)=63 ord(ax)=7: True quotient by N(Z65) of order 130 (2016 vertices) [8.2s]
    pair ord(x)=63 ord(ax)=63: True quotient by N(Z65) of order 130 (2016 vertices) [7.4s]
    pair ord(x)=63 ord(ax)=65: True quotient by N(Z65) of order 130 (2016 vertices) [7.5s]
    pair ord(x)=63 ord(ax)=65: True quotient by N(Z65) of order 130 (2016 vertices) [7.5s]
    pair ord(x)=63 ord(ax)=63: True quotient by N(Z65) of order 130 (2016 vertices) [7.4s]
    pair ord(x)=63 ord(ax)=9: True quotient by N(Z65) of order 130 (2016 vertices) [7.4s]
    pair ord(x)=63 ord(ax)=65: True quotient by N(Z65) of order 130 (2016 vertices) [7.3s]
    pair ord(x)=63 ord(ax)=65: True quotient by N(Z65) of order 130 (2016 vertices) [7.4s]
    pair ord(x)=63 ord(ax)=63: True quotient by N(Z65) of order 130 (2016 vertices) [7.3s]
    pair ord(x)=63 ord(ax)=65: True quotient by N(Z65) of order 130 (2016 vertices) [7.3s]
    pair ord(x)=63 ord(ax)=65: True quotient by N(Z65) of order 130 (2016 vertices) [7.3s]
    pair ord(x)=63 ord(ax)=63: True quotient by N(Z65) of order 130 (2016 vertices) [7.0s]
    pair ord(x)=63 ord(ax)=65: True quotient by N(Z65) of order 130 (2016 vertices) [7.1s]
    pair ord(x)=63 ord(ax)=3: True quotient by N(Z65) of order 130 (2016 vertices) [7.1s]
    pair ord(x)=63 ord(ax)=63: True quotient by N(Z65) of order 130 (2016 vertices) [7.1s]
    pair ord(x)=63 ord(ax)=13: True quotient by N(Z65) of order 130 (2016 vertices) [7.1s]
    pair ord(x)=63 ord(ax)=5: True quotient by N(Z65) of order 130 (2016 vertices) [7.1s]
    pair ord(x)=63 ord(ax)=63: True quotient by N(Z65) of order 130 (2016 vertices) [7.1s]
    pair ord(x)=63 ord(ax)=13: True quotient by N(Z65) of order 130 (2016 vertices) [7.2s]
    pair ord(x)=63 ord(ax)=65: True quotient by N(Z65) of order 130 (2016 vertices) [7.1s]
    pair ord(x)=63 ord(ax)=21: True quotient by N(Z65) of order 130 (2016 vertices) [7.1s]
    pair ord(x)=63 ord(ax)=65: True quotient by N(Z65) of order 130 (2016 vertices) [7.2s]
    pair ord(x)=63 ord(ax)=63: True quotient by N(Z65) of order 130 (2016 vertices) [7.3s]
    pair ord(x)=63 ord(ax)=9: True quotient by N(Z65) of order 130 (2016 vertices) [7.4s]
    pair ord(x)=63 ord(ax)=13: True quotient by N(Z65) of order 130 (2016 vertices) [7.4s]
    pair ord(x)=21 ord(ax)=65: True quotient by N(Z65) of order 130 (2016 vertices) [7.4s]
    pair ord(x)=21 ord(ax)=65: True quotient by N(Z65) of order 130 (2016 vertices) [7.4s]
    pair ord(x)=21 ord(ax)=9: True quotient by N(Z65) of order 130 (2016 vertices) [7.4s]
    pair ord(x)=21 ord(ax)=63: True quotient by N(Z65) of order 130 (2016 vertices) [7.4s]
    pair ord(x)=21 ord(ax)=65: True quotient by N(Z65) of order 130 (2016 vertices) [7.4s]
    pair ord(x)=21 ord(ax)=13: True quotient by N(Z65) of order 130 (2016 vertices) [7.4s]
    pair ord(x)=21 ord(ax)=13: True quotient by N(Z65) of order 130 (2016 vertices) [7.4s]
    pair ord(x)=21 ord(ax)=65: True quotient by N(Z65) of order 130 (2016 vertices) [7.4s]
    pair ord(x)=21 ord(ax)=9: True quotient by N(Z65) of order 130 (2016 vertices) [7.4s]
    pair ord(x)=21 ord(ax)=63: True quotient by N(Z65) of order 130 (2016 vertices) [7.5s]
    pair ord(x)=21 ord(ax)=63: True quotient by N(Z65) of order 130 (2016 vertices) [7.5s]
    pair ord(x)=21 ord(ax)=63: True quotient by N(Z65) of order 130 (2016 vertices) [7.6s]
    pair ord(x)=21 ord(ax)=65: True quotient by N(Z65) of order 130 (2016 vertices) [7.7s]
    pair ord(x)=21 ord(ax)=65: True quotient by N(Z65) of order 130 (2016 vertices) [7.5s]
    pair ord(x)=21 ord(ax)=7: True quotient by N(Z65) of order 130 (2016 vertices) [7.5s]
    pair ord(x)=21 ord(ax)=65: True quotient by N(Z65) of order 130 (2016 vertices) [7.6s]
    pair ord(x)=21 ord(ax)=65: True quotient by N(Z65) of order 130 (2016 vertices) [7.5s]
    pair ord(x)=21 ord(ax)=65: True quotient by N(Z65) of order 130 (2016 vertices) [7.6s]
    pair ord(x)=21 ord(ax)=13: True quotient by N(Z65) of order 130 (2016 vertices) [7.5s]
    pair ord(x)=21 ord(ax)=65: True quotient by N(Z65) of order 130 (2016 vertices) [7.5s]
    pair ord(x)=21 ord(ax)=13: True quotient by N(Z65) of order 130 (2016 vertices) [7.3s]
    pair ord(x)=21 ord(ax)=65: True quotient by N(Z65) of order 130 (2016 vertices) [7.5s]
    pair ord(x)=21 ord(ax)=63: True quotient by N(Z65) of order 130 (2016 vertices) [7.3s]
    pair ord(x)=21 ord(ax)=65: True quotient by N(Z65) of order 130 (2016 vertices) [7.3s]
    pair ord(x)=21 ord(ax)=63: True quotient by N(Z65) of order 130 (2016 vertices) [7.4s]
    pair ord(x)=21 ord(ax)=65: True quotient by N(Z65) of order 130 (2016 vertices) [7.3s]
    pair ord(x)=21 ord(ax)=65: True quotient by N(Z65) of order 130 (2016 vertices) [7.3s]
    pair ord(x)=21 ord(ax)=3: True quotient by N(Z65) of order 130 (2016 vertices) [7.3s]
    pair ord(x)=21 ord(ax)=21: True quotient by N(Z65) of order 130 (2016 vertices) [7.3s]
    pair ord(x)=21 ord(ax)=65: True quotient by N(Z65) of order 130 (2016 vertices) [7.3s]
    pair ord(x)=21 ord(ax)=63: True quotient by N(Z65) of order 130 (2016 vertices) [7.3s]
    pair ord(x)=21 ord(ax)=65: True quotient by N(Z65) of order 130 (2016 vertices) [7.2s]
    pair ord(x)=21 ord(ax)=21: True quotient by N(Z65) of order 130 (2016 vertices) [7.2s]
    pair ord(x)=21 ord(ax)=65: True quotient by N(Z65) of order 130 (2016 vertices) [7.2s]
    pair ord(x)=21 ord(ax)=65: True quotient by N(Z65) of order 130 (2016 vertices) [7.2s]
    pair ord(x)=21 ord(ax)=9: True quotient by N(Z65) of order 130 (2016 vertices) [7.2s]
    pair ord(x)=21 ord(ax)=63: True quotient by N(Z65) of order 130 (2016 vertices) [7.2s]
    pair ord(x)=21 ord(ax)=5: True quotient by N(Z65) of order 130 (2016 vertices) [7.2s]
    pair ord(x)=21 ord(ax)=65: True quotient by N(Z65) of order 130 (2016 vertices) [7.2s]
    pair ord(x)=21 ord(ax)=65: True quotient by N(Z65) of order 130 (2016 vertices) [7.2s]
    pair ord(x)=21 ord(ax)=65: True quotient by N(Z65) of order 130 (2016 vertices) [7.2s]
    pair ord(x)=21 ord(ax)=63: True quotient by N(Z65) of order 130 (2016 vertices) [7.1s]
    pair ord(x)=21 ord(ax)=63: True quotient by N(Z65) of order 130 (2016 vertices) [7.2s]
    pair ord(x)=21 ord(ax)=63: True quotient by N(Z65) of order 130 (2016 vertices) [7.2s]
    pair ord(x)=21 ord(ax)=7: True quotient by N(Z65) of order 130 (2016 vertices) [7.2s]
    pair ord(x)=21 ord(ax)=13: True quotient by N(Z65) of order 130 (2016 vertices) [7.2s]
    pair ord(x)=21 ord(ax)=65: True quotient by N(Z65) of order 130 (2016 vertices) [7.2s]
    pair ord(x)=21 ord(ax)=63: True quotient by N(Z65) of order 130 (2016 vertices) [7.2s]
    pair ord(x)=21 ord(ax)=63: True quotient by N(Z65) of order 130 (2016 vertices) [7.2s]
    pair ord(x)=21 ord(ax)=21: True quotient by N(Z65) of order 130 (2016 vertices) [7.2s]
    pair ord(x)=21 ord(ax)=13: True quotient by N(Z65) of order 130 (2016 vertices) [7.2s]
    pair ord(x)=21 ord(ax)=63: True quotient by N(Z65) of order 130 (2016 vertices) [7.2s]
    pair ord(x)=21 ord(ax)=7: True quotient by N(Z65) of order 130 (2016 vertices) [7.2s]
    pair ord(x)=21 ord(ax)=5: True quotient by N(Z65) of order 130 (2016 vertices) [7.3s]
    pair ord(x)=21 ord(ax)=63: True quotient by N(Z65) of order 130 (2016 vertices) [7.2s]
    pair ord(x)=21 ord(ax)=21: True quotient by N(Z65) of order 130 (2016 vertices) [7.2s]
    pair ord(x)=21 ord(ax)=65: True quotient by N(Z65) of order 130 (2016 vertices) [7.3s]
    pair ord(x)=21 ord(ax)=65: True quotient by N(Z65) of order 130 (2016 vertices) [7.2s]
    pair ord(x)=21 ord(ax)=63: True quotient by N(Z65) of order 130 (2016 vertices) [7.2s]
    pair ord(x)=21 ord(ax)=21: True quotient by N(Z65) of order 130 (2016 vertices) [7.2s]
    pair ord(x)=21 ord(ax)=63: True quotient by N(Z65) of order 130 (2016 vertices) [7.2s]
    pair ord(x)=21 ord(ax)=63: True quotient by N(Z65) of order 130 (2016 vertices) [7.3s]
    pair ord(x)=21 ord(ax)=63: True quotient by N(Z65) of order 130 (2016 vertices) [7.2s]
    pair ord(x)=21 ord(ax)=63: True quotient by N(Z65) of order 130 (2016 vertices) [7.4s]
    pair ord(x)=21 ord(ax)=65: True quotient by N(Z65) of order 130 (2016 vertices) [7.8s]
    pair ord(x)=21 ord(ax)=65: True quotient by N(Z65) of order 130 (2016 vertices) [7.8s]
    pair ord(x)=21 ord(ax)=21: True quotient by N(Z65) of order 130 (2016 vertices) [7.8s]
    pair ord(x)=21 ord(ax)=63: True quotient by N(Z65) of order 130 (2016 vertices) [7.8s]
    pair ord(x)=21 ord(ax)=65: True quotient by N(Z65) of order 130 (2016 vertices) [7.9s]
    pair ord(x)=21 ord(ax)=13: True quotient by N(Z65) of order 130 (2016 vertices) [7.9s]
    pair ord(x)=21 ord(ax)=65: True quotient by N(Z65) of order 130 (2016 vertices) [7.8s]
    pair ord(x)=21 ord(ax)=65: True quotient by N(Z65) of order 130 (2016 vertices) [7.8s]
    pair ord(x)=21 ord(ax)=21: True quotient by N(Z65) of order 130 (2016 vertices) [7.9s]
    pair ord(x)=21 ord(ax)=13: True quotient by N(Z65) of order 130 (2016 vertices) [7.9s]
    pair ord(x)=21 ord(ax)=65: True quotient by N(Z65) of order 130 (2016 vertices) [7.7s]
    pair ord(x)=21 ord(ax)=63: True quotient by N(Z65) of order 130 (2016 vertices) [7.4s]
    pair ord(x)=21 ord(ax)=65: True quotient by N(Z65) of order 130 (2016 vertices) [7.3s]
    pair ord(x)=21 ord(ax)=9: True quotient by N(Z65) of order 130 (2016 vertices) [7.4s]
    pair ord(x)=21 ord(ax)=63: True quotient by N(Z65) of order 130 (2016 vertices) [7.4s]
    pair ord(x)=21 ord(ax)=65: True quotient by N(Z65) of order 130 (2016 vertices) [7.3s]
    pair ord(x)=21 ord(ax)=65: True quotient by N(Z65) of order 130 (2016 vertices) [7.4s]
    pair ord(x)=21 ord(ax)=13: True quotient by N(Z65) of order 130 (2016 vertices) [7.4s]
    pair ord(x)=21 ord(ax)=7: True quotient by N(Z65) of order 130 (2016 vertices) [7.3s]
    pair ord(x)=21 ord(ax)=3: True quotient by N(Z65) of order 130 (2016 vertices) [7.3s]
    pair ord(x)=21 ord(ax)=65: True quotient by N(Z65) of order 130 (2016 vertices) [7.3s]
    pair ord(x)=21 ord(ax)=5: True quotient by N(Z65) of order 130 (2016 vertices) [7.3s]
    pair ord(x)=21 ord(ax)=63: True quotient by N(Z65) of order 130 (2016 vertices) [7.4s]
    pair ord(x)=21 ord(ax)=21: True quotient by N(Z65) of order 130 (2016 vertices) [7.4s]
    pair ord(x)=21 ord(ax)=13: True quotient by N(Z65) of order 130 (2016 vertices) [7.4s]
    pair ord(x)=21 ord(ax)=63: True quotient by N(Z65) of order 130 (2016 vertices) [7.4s]
    pair ord(x)=21 ord(ax)=65: True quotient by N(Z65) of order 130 (2016 vertices) [7.4s]
    pair ord(x)=21 ord(ax)=63: True quotient by N(Z65) of order 130 (2016 vertices) [7.6s]
    pair ord(x)=21 ord(ax)=21: True quotient by N(Z65) of order 130 (2016 vertices) [7.4s]
    pair ord(x)=21 ord(ax)=63: True quotient by N(Z65) of order 130 (2016 vertices) [7.3s]
    pair ord(x)=21 ord(ax)=63: True quotient by N(Z65) of order 130 (2016 vertices) [7.4s]
    pair ord(x)=21 ord(ax)=65: True quotient by N(Z65) of order 130 (2016 vertices) [7.3s]
    pair ord(x)=21 ord(ax)=9: True quotient by N(Z65) of order 130 (2016 vertices) [7.3s]
    pair ord(x)=21 ord(ax)=63: True quotient by N(Z65) of order 130 (2016 vertices) [7.2s]
    pair ord(x)=21 ord(ax)=7: True quotient by N(Z65) of order 130 (2016 vertices) [7.1s]
    pair ord(x)=21 ord(ax)=65: True quotient by N(Z65) of order 130 (2016 vertices) [7.1s]
    pair ord(x)=21 ord(ax)=63: True quotient by N(Z65) of order 130 (2016 vertices) [7.1s]
    pair ord(x)=21 ord(ax)=63: True quotient by N(Z65) of order 130 (2016 vertices) [7.1s]
    pair ord(x)=21 ord(ax)=65: True quotient by N(Z65) of order 130 (2016 vertices) [7.2s]
    pair ord(x)=21 ord(ax)=65: True quotient by N(Z65) of order 130 (2016 vertices) [7.2s]
    pair ord(x)=21 ord(ax)=65: True quotient by N(Z65) of order 130 (2016 vertices) [7.2s]
    pair ord(x)=21 ord(ax)=65: True quotient by N(Z65) of order 130 (2016 vertices) [7.2s]
    pair ord(x)=21 ord(ax)=5: True quotient by N(Z65) of order 130 (2016 vertices) [7.2s]
    pair ord(x)=21 ord(ax)=63: True quotient by N(Z65) of order 130 (2016 vertices) [7.3s]
    pair ord(x)=21 ord(ax)=63: True quotient by N(Z65) of order 130 (2016 vertices) [7.3s]
    pair ord(x)=21 ord(ax)=65: True quotient by N(Z65) of order 130 (2016 vertices) [7.2s]
    pair ord(x)=21 ord(ax)=7: True quotient by N(Z65) of order 130 (2016 vertices) [7.3s]
    pair ord(x)=21 ord(ax)=65: True quotient by N(Z65) of order 130 (2016 vertices) [7.2s]
    pair ord(x)=21 ord(ax)=21: True quotient by N(Z65) of order 130 (2016 vertices) [7.2s]
    pair ord(x)=21 ord(ax)=9: True quotient by N(Z65) of order 130 (2016 vertices) [7.3s]
    pair ord(x)=21 ord(ax)=65: True quotient by N(Z65) of order 130 (2016 vertices) [7.2s]
    pair ord(x)=21 ord(ax)=13: True quotient by N(Z65) of order 130 (2016 vertices) [7.2s]
    pair ord(x)=21 ord(ax)=63: True quotient by N(Z65) of order 130 (2016 vertices) [7.3s]
    pair ord(x)=21 ord(ax)=63: True quotient by N(Z65) of order 130 (2016 vertices) [7.2s]
    pair ord(x)=21 ord(ax)=65: True quotient by N(Z65) of order 130 (2016 vertices) [7.1s]
    pair ord(x)=21 ord(ax)=65: True quotient by N(Z65) of order 130 (2016 vertices) [7.1s]
    pair ord(x)=21 ord(ax)=65: True quotient by N(Z65) of order 130 (2016 vertices) [7.1s]
    pair ord(x)=21 ord(ax)=65: True quotient by N(Z65) of order 130 (2016 vertices) [7.1s]
    pair ord(x)=21 ord(ax)=13: True quotient by N(Z65) of order 130 (2016 vertices) [7.1s]
    pair ord(x)=21 ord(ax)=63: True quotient by N(Z65) of order 130 (2016 vertices) [7.1s]
    pair ord(x)=9 ord(ax)=63: True quotient by N(Z65) of order 130 (2016 vertices) [7.2s]
    pair ord(x)=9 ord(ax)=63: True quotient by N(Z65) of order 130 (2016 vertices) [7.3s]
    pair ord(x)=9 ord(ax)=21: True quotient by N(Z65) of order 130 (2016 vertices) [7.2s]
    pair ord(x)=9 ord(ax)=65: True quotient by N(Z65) of order 130 (2016 vertices) [8.5s]
    pair ord(x)=9 ord(ax)=63: True quotient by N(Z65) of order 130 (2016 vertices) [7.9s]
    pair ord(x)=9 ord(ax)=65: True quotient by N(Z65) of order 130 (2016 vertices) [7.1s]
    pair ord(x)=9 ord(ax)=65: True quotient by N(Z65) of order 130 (2016 vertices) [7.1s]
    pair ord(x)=9 ord(ax)=63: True quotient by N(Z65) of order 130 (2016 vertices) [7.1s]
    pair ord(x)=9 ord(ax)=21: True quotient by N(Z65) of order 130 (2016 vertices) [7.0s]
    pair ord(x)=9 ord(ax)=63: True quotient by N(Z65) of order 130 (2016 vertices) [7.0s]
    pair ord(x)=9 ord(ax)=65: True quotient by N(Z65) of order 130 (2016 vertices) [7.1s]
    pair ord(x)=9 ord(ax)=13: True quotient by N(Z65) of order 130 (2016 vertices) [7.0s]
    pair ord(x)=9 ord(ax)=65: True quotient by N(Z65) of order 130 (2016 vertices) [7.0s]
    pair ord(x)=9 ord(ax)=63: True quotient by N(Z65) of order 130 (2016 vertices) [7.0s]
    pair ord(x)=9 ord(ax)=65: True quotient by N(Z65) of order 130 (2016 vertices) [7.0s]
    pair ord(x)=9 ord(ax)=21: True quotient by N(Z65) of order 130 (2016 vertices) [7.1s]
    pair ord(x)=9 ord(ax)=65: True quotient by N(Z65) of order 130 (2016 vertices) [7.0s]
    pair ord(x)=9 ord(ax)=13: True quotient by N(Z65) of order 130 (2016 vertices) [7.0s]
    pair ord(x)=9 ord(ax)=63: True quotient by N(Z65) of order 130 (2016 vertices) [7.0s]
    pair ord(x)=9 ord(ax)=13: True quotient by N(Z65) of order 130 (2016 vertices) [7.1s]
    pair ord(x)=9 ord(ax)=63: True quotient by N(Z65) of order 130 (2016 vertices) [7.0s]
    pair ord(x)=9 ord(ax)=63: True quotient by N(Z65) of order 130 (2016 vertices) [7.1s]
    pair ord(x)=9 ord(ax)=21: True quotient by N(Z65) of order 130 (2016 vertices) [7.0s]
    pair ord(x)=9 ord(ax)=65: True quotient by N(Z65) of order 130 (2016 vertices) [7.0s]
    pair ord(x)=9 ord(ax)=65: True quotient by N(Z65) of order 130 (2016 vertices) [7.9s]
    pair ord(x)=9 ord(ax)=65: True quotient by N(Z65) of order 130 (2016 vertices) [7.0s]
    pair ord(x)=9 ord(ax)=65: True quotient by N(Z65) of order 130 (2016 vertices) [7.0s]
    pair ord(x)=9 ord(ax)=63: True quotient by N(Z65) of order 130 (2016 vertices) [7.0s]
    pair ord(x)=9 ord(ax)=65: True quotient by N(Z65) of order 130 (2016 vertices) [7.1s]
    pair ord(x)=9 ord(ax)=65: True quotient by N(Z65) of order 130 (2016 vertices) [7.1s]
    pair ord(x)=9 ord(ax)=21: True quotient by N(Z65) of order 130 (2016 vertices) [7.1s]
    pair ord(x)=9 ord(ax)=63: True quotient by N(Z65) of order 130 (2016 vertices) [7.0s]
    pair ord(x)=9 ord(ax)=65: True quotient by N(Z65) of order 130 (2016 vertices) [7.1s]
    pair ord(x)=9 ord(ax)=13: True quotient by N(Z65) of order 130 (2016 vertices) [7.0s]
    pair ord(x)=9 ord(ax)=63: True quotient by N(Z65) of order 130 (2016 vertices) [7.2s]
    pair ord(x)=9 ord(ax)=65: True quotient by N(Z65) of order 130 (2016 vertices) [7.9s]
    pair ord(x)=9 ord(ax)=65: True quotient by N(Z65) of order 130 (2016 vertices) [7.1s]
    pair ord(x)=9 ord(ax)=5: True quotient by N(Z65) of order 130 (2016 vertices) [7.1s]
    pair ord(x)=9 ord(ax)=63: True quotient by N(Z65) of order 130 (2016 vertices) [7.0s]
    pair ord(x)=9 ord(ax)=65: True quotient by N(Z65) of order 130 (2016 vertices) [7.0s]
    pair ord(x)=9 ord(ax)=5: True quotient by N(Z65) of order 130 (2016 vertices) [7.0s]
    pair ord(x)=9 ord(ax)=65: True quotient by N(Z65) of order 130 (2016 vertices) [7.0s]
    pair ord(x)=9 ord(ax)=65: True quotient by N(Z65) of order 130 (2016 vertices) [7.1s]
    pair ord(x)=9 ord(ax)=63: True quotient by N(Z65) of order 130 (2016 vertices) [7.0s]
    pair ord(x)=9 ord(ax)=63: True quotient by N(Z65) of order 130 (2016 vertices) [7.0s]
    pair ord(x)=9 ord(ax)=13: True quotient by N(Z65) of order 130 (2016 vertices) [7.0s]
    pair ord(x)=9 ord(ax)=63: True quotient by N(Z65) of order 130 (2016 vertices) [7.0s]
    pair ord(x)=9 ord(ax)=65: True quotient by N(Z65) of order 130 (2016 vertices) [7.1s]
    pair ord(x)=9 ord(ax)=65: True quotient by N(Z65) of order 130 (2016 vertices) [7.1s]
    pair ord(x)=9 ord(ax)=13: True quotient by N(Z65) of order 130 (2016 vertices) [7.0s]
    pair ord(x)=9 ord(ax)=65: True quotient by N(Z65) of order 130 (2016 vertices) [7.1s]
    pair ord(x)=9 ord(ax)=65: True quotient by N(Z65) of order 130 (2016 vertices) [7.1s]
    pair ord(x)=9 ord(ax)=63: True quotient by N(Z65) of order 130 (2016 vertices) [7.1s]
    pair ord(x)=9 ord(ax)=63: True quotient by N(Z65) of order 130 (2016 vertices) [7.1s]
    pair ord(x)=9 ord(ax)=65: True quotient by N(Z65) of order 130 (2016 vertices) [7.0s]
    pair ord(x)=63 ord(ax)=63: True quotient by N(Z65) of order 130 (2016 vertices) [6.9s]
    pair ord(x)=9 ord(ax)=21: True quotient by N(Z65) of order 130 (2016 vertices) [7.9s]
    pair ord(x)=63 ord(ax)=65: True quotient by N(Z65) of order 130 (2016 vertices) [6.9s]
    pair ord(x)=63 ord(ax)=65: True quotient by N(Z65) of order 130 (2016 vertices) [6.9s]
    pair ord(x)=63 ord(ax)=65: True quotient by N(Z65) of order 130 (2016 vertices) [6.9s]
    pair ord(x)=63 ord(ax)=65: True quotient by N(Z65) of order 130 (2016 vertices) [6.8s]
    pair ord(x)=63 ord(ax)=65: True quotient by N(Z65) of order 130 (2016 vertices) [7.0s]
    pair ord(x)=63 ord(ax)=13: True quotient by N(Z65) of order 130 (2016 vertices) [7.0s]
    pair ord(x)=63 ord(ax)=65: True quotient by N(Z65) of order 130 (2016 vertices) [7.0s]
    pair ord(x)=63 ord(ax)=65: True quotient by N(Z65) of order 130 (2016 vertices) [7.0s]
    pair ord(x)=63 ord(ax)=65: True quotient by N(Z65) of order 130 (2016 vertices) [7.0s]
    pair ord(x)=63 ord(ax)=21: True quotient by N(Z65) of order 130 (2016 vertices) [7.0s]
    pair ord(x)=63 ord(ax)=65: True quotient by N(Z65) of order 130 (2016 vertices) [7.0s]
    pair ord(x)=63 ord(ax)=9: True quotient by N(Z65) of order 130 (2016 vertices) [7.0s]
    pair ord(x)=63 ord(ax)=65: True quotient by N(Z65) of order 130 (2016 vertices) [7.0s]
    pair ord(x)=63 ord(ax)=63: True quotient by N(Z65) of order 130 (2016 vertices) [7.0s]
    pair ord(x)=63 ord(ax)=63: True quotient by N(Z65) of order 130 (2016 vertices) [7.0s]
    pair ord(x)=63 ord(ax)=63: True quotient by N(Z65) of order 130 (2016 vertices) [7.0s]
    pair ord(x)=63 ord(ax)=65: True quotient by N(Z65) of order 130 (2016 vertices) [6.9s]
    pair ord(x)=63 ord(ax)=13: True quotient by N(Z65) of order 130 (2016 vertices) [6.9s]
    pair ord(x)=63 ord(ax)=9: True quotient by N(Z65) of order 130 (2016 vertices) [6.9s]
    pair ord(x)=63 ord(ax)=65: True quotient by N(Z65) of order 130 (2016 vertices) [7.3s]
    pair ord(x)=63 ord(ax)=5: True quotient by N(Z65) of order 130 (2016 vertices) [6.9s]
    pair ord(x)=63 ord(ax)=65: True quotient by N(Z65) of order 130 (2016 vertices) [7.0s]
    pair ord(x)=63 ord(ax)=7: True quotient by N(Z65) of order 130 (2016 vertices) [6.9s]
    pair ord(x)=63 ord(ax)=13: True quotient by N(Z65) of order 130 (2016 vertices) [6.9s]
    pair ord(x)=63 ord(ax)=63: True quotient by N(Z65) of order 130 (2016 vertices) [6.9s]
    pair ord(x)=63 ord(ax)=63: True quotient by N(Z65) of order 130 (2016 vertices) [6.9s]
    pair ord(x)=63 ord(ax)=21: True quotient by N(Z65) of order 130 (2016 vertices) [6.9s]
    pair ord(x)=63 ord(ax)=9: True quotient by N(Z65) of order 130 (2016 vertices) [6.9s]
    pair ord(x)=63 ord(ax)=63: True quotient by N(Z65) of order 130 (2016 vertices) [6.9s]
    pair ord(x)=63 ord(ax)=3: True quotient by N(Z65) of order 130 (2016 vertices) [7.2s]
    pair ord(x)=63 ord(ax)=21: True quotient by N(Z65) of order 130 (2016 vertices) [6.9s]
    pair ord(x)=63 ord(ax)=65: True quotient by N(Z65) of order 130 (2016 vertices) [6.9s]
    pair ord(x)=63 ord(ax)=13: True quotient by N(Z65) of order 130 (2016 vertices) [6.9s]
    pair ord(x)=63 ord(ax)=21: True quotient by N(Z65) of order 130 (2016 vertices) [6.9s]
    pair ord(x)=63 ord(ax)=63: True quotient by N(Z65) of order 130 (2016 vertices) [6.9s]
    pair ord(x)=63 ord(ax)=65: True quotient by N(Z65) of order 130 (2016 vertices) [6.9s]
    pair ord(x)=63 ord(ax)=21: True quotient by N(Z65) of order 130 (2016 vertices) [7.0s]
    pair ord(x)=63 ord(ax)=65: True quotient by N(Z65) of order 130 (2016 vertices) [7.0s]
    pair ord(x)=63 ord(ax)=65: True quotient by N(Z65) of order 130 (2016 vertices) [7.0s]
    pair ord(x)=63 ord(ax)=65: True quotient by N(Z65) of order 130 (2016 vertices) [7.0s]
    pair ord(x)=63 ord(ax)=63: True quotient by N(Z65) of order 130 (2016 vertices) [7.0s]
    pair ord(x)=63 ord(ax)=7: True quotient by N(Z65) of order 130 (2016 vertices) [6.9s]
    pair ord(x)=63 ord(ax)=65: True quotient by N(Z65) of order 130 (2016 vertices) [7.0s]
    pair ord(x)=63 ord(ax)=65: True quotient by N(Z65) of order 130 (2016 vertices) [7.0s]
    pair ord(x)=63 ord(ax)=63: True quotient by N(Z65) of order 130 (2016 vertices) [7.0s]
    pair ord(x)=63 ord(ax)=65: True quotient by N(Z65) of order 130 (2016 vertices) [7.0s]
    pair ord(x)=63 ord(ax)=5: True quotient by N(Z65) of order 130 (2016 vertices) [7.0s]
    pair ord(x)=63 ord(ax)=63: True quotient by N(Z65) of order 130 (2016 vertices) [6.9s]
    pair ord(x)=63 ord(ax)=65: True quotient by N(Z65) of order 130 (2016 vertices) [6.9s]
    pair ord(x)=63 ord(ax)=63: True quotient by N(Z65) of order 130 (2016 vertices) [6.9s]
    pair ord(x)=63 ord(ax)=21: True quotient by N(Z65) of order 130 (2016 vertices) [6.9s]
    pair ord(x)=63 ord(ax)=7: True quotient by N(Z65) of order 130 (2016 vertices) [6.9s]
    pair ord(x)=63 ord(ax)=65: True quotient by N(Z65) of order 130 (2016 vertices) [6.9s]
    pair ord(x)=63 ord(ax)=65: True quotient by N(Z65) of order 130 (2016 vertices) [6.9s]
    pair ord(x)=63 ord(ax)=63: True quotient by N(Z65) of order 130 (2016 vertices) [6.9s]
    pair ord(x)=63 ord(ax)=13: True quotient by N(Z65) of order 130 (2016 vertices) [7.0s]
    pair ord(x)=63 ord(ax)=63: True quotient by N(Z65) of order 130 (2016 vertices) [7.0s]
    pair ord(x)=63 ord(ax)=63: True quotient by N(Z65) of order 130 (2016 vertices) [6.9s]
    pair ord(x)=63 ord(ax)=63: True quotient by N(Z65) of order 130 (2016 vertices) [7.0s]
    pair ord(x)=63 ord(ax)=63: True quotient by N(Z65) of order 130 (2016 vertices) [6.9s]
    pair ord(x)=63 ord(ax)=13: True quotient by N(Z65) of order 130 (2016 vertices) [6.9s]
    pair ord(x)=13 ord(ax)=21: True quotient by N(Z63) of order 126 (2080 vertices) [11.6s]
    pair ord(x)=13 ord(ax)=63: True quotient by N(Z63) of order 126 (2080 vertices) [11.7s]
    pair ord(x)=13 ord(ax)=63: True quotient by N(Z63) of order 126 (2080 vertices) [11.6s]
    pair ord(x)=13 ord(ax)=65: True quotient by N(Z63) of order 126 (2080 vertices) [11.7s]
    pair ord(x)=13 ord(ax)=9: True quotient by N(Z63) of order 126 (2080 vertices) [11.8s]
    pair ord(x)=13 ord(ax)=63: True quotient by N(Z63) of order 126 (2080 vertices) [11.7s]
    pair ord(x)=13 ord(ax)=65: True quotient by N(Z63) of order 126 (2080 vertices) [11.8s]
    pair ord(x)=13 ord(ax)=13: True quotient by N(Z63) of order 126 (2080 vertices) [11.9s]
    pair ord(x)=13 ord(ax)=21: True quotient by N(Z63) of order 126 (2080 vertices) [11.8s]
    pair ord(x)=13 ord(ax)=13: True quotient by N(Z63) of order 126 (2080 vertices) [11.7s]
    pair ord(x)=13 ord(ax)=65: True quotient by N(Z63) of order 126 (2080 vertices) [11.9s]
    pair ord(x)=13 ord(ax)=63: True quotient by N(Z63) of order 126 (2080 vertices) [11.6s]
    pair ord(x)=13 ord(ax)=13: True quotient by N(Z63) of order 126 (2080 vertices) [11.9s]
    pair ord(x)=13 ord(ax)=65: True quotient by N(Z63) of order 126 (2080 vertices) [11.8s]
    pair ord(x)=13 ord(ax)=65: True quotient by N(Z63) of order 126 (2080 vertices) [11.7s]
    pair ord(x)=13 ord(ax)=21: True quotient by N(Z63) of order 126 (2080 vertices) [11.7s]
    pair ord(x)=13 ord(ax)=65: True quotient by N(Z63) of order 126 (2080 vertices) [12.0s]
    pair ord(x)=13 ord(ax)=5: True quotient by N(Z63) of order 126 (2080 vertices) [11.8s]
    pair ord(x)=13 ord(ax)=13: True quotient by N(Z63) of order 126 (2080 vertices) [12.0s]
    pair ord(x)=13 ord(ax)=9: True quotient by N(Z63) of order 126 (2080 vertices) [11.7s]
    pair ord(x)=13 ord(ax)=63: True quotient by N(Z63) of order 126 (2080 vertices) [11.6s]
    pair ord(x)=13 ord(ax)=63: True quotient by N(Z63) of order 126 (2080 vertices) [11.7s]
    pair ord(x)=13 ord(ax)=65: True quotient by N(Z63) of order 126 (2080 vertices) [11.8s]
    pair ord(x)=13 ord(ax)=7: True quotient by N(Z63) of order 126 (2080 vertices) [11.8s]
    pair ord(x)=13 ord(ax)=7: True quotient by N(Z63) of order 126 (2080 vertices) [11.9s]
    pair ord(x)=13 ord(ax)=65: True quotient by N(Z63) of order 126 (2080 vertices) [11.7s]
    pair ord(x)=13 ord(ax)=65: True quotient by N(Z63) of order 126 (2080 vertices) [11.7s]
    pair ord(x)=13 ord(ax)=5: True quotient by N(Z63) of order 126 (2080 vertices) [12.1s]
    pair ord(x)=13 ord(ax)=65: True quotient by N(Z63) of order 126 (2080 vertices) [11.7s]
    pair ord(x)=13 ord(ax)=65: True quotient by N(Z63) of order 126 (2080 vertices) [11.8s]
    pair ord(x)=13 ord(ax)=65: True quotient by N(Z63) of order 126 (2080 vertices) [12.1s]
    pair ord(x)=13 ord(ax)=63: True quotient by N(Z63) of order 126 (2080 vertices) [11.9s]
    pair ord(x)=13 ord(ax)=65: True quotient by N(Z63) of order 126 (2080 vertices) [11.8s]
    pair ord(x)=13 ord(ax)=63: True quotient by N(Z63) of order 126 (2080 vertices) [11.9s]
    pair ord(x)=13 ord(ax)=63: True quotient by N(Z63) of order 126 (2080 vertices) [11.8s]
    pair ord(x)=13 ord(ax)=63: True quotient by N(Z63) of order 126 (2080 vertices) [11.6s]
    pair ord(x)=13 ord(ax)=65: True quotient by N(Z63) of order 126 (2080 vertices) [11.8s]
    pair ord(x)=13 ord(ax)=65: True quotient by N(Z63) of order 126 (2080 vertices) [11.8s]
    pair ord(x)=13 ord(ax)=65: True quotient by N(Z63) of order 126 (2080 vertices) [11.9s]
    pair ord(x)=13 ord(ax)=65: True quotient by N(Z63) of order 126 (2080 vertices) [12.1s]
    pair ord(x)=13 ord(ax)=63: True quotient by N(Z63) of order 126 (2080 vertices) [11.8s]
    pair ord(x)=13 ord(ax)=65: True quotient by N(Z63) of order 126 (2080 vertices) [11.9s]
    pair ord(x)=13 ord(ax)=65: True quotient by N(Z63) of order 126 (2080 vertices) [11.9s]
    pair ord(x)=13 ord(ax)=65: True quotient by N(Z63) of order 126 (2080 vertices) [11.7s]
    pair ord(x)=13 ord(ax)=63: True quotient by N(Z63) of order 126 (2080 vertices) [11.7s]
    pair ord(x)=13 ord(ax)=65: True quotient by N(Z63) of order 126 (2080 vertices) [11.7s]
    pair ord(x)=13 ord(ax)=65: True quotient by N(Z63) of order 126 (2080 vertices) [11.8s]
    pair ord(x)=13 ord(ax)=3: True quotient by N(Z63) of order 126 (2080 vertices) [11.7s]
    pair ord(x)=13 ord(ax)=63: True quotient by N(Z63) of order 126 (2080 vertices) [11.6s]
    pair ord(x)=13 ord(ax)=63: True quotient by N(Z63) of order 126 (2080 vertices) [11.7s]
    pair ord(x)=13 ord(ax)=21: True quotient by N(Z63) of order 126 (2080 vertices) [11.8s]
    pair ord(x)=13 ord(ax)=65: True quotient by N(Z63) of order 126 (2080 vertices) [11.8s]
    pair ord(x)=13 ord(ax)=21: True quotient by N(Z63) of order 126 (2080 vertices) [11.5s]
    pair ord(x)=13 ord(ax)=63: True quotient by N(Z63) of order 126 (2080 vertices) [11.6s]
    pair ord(x)=13 ord(ax)=7: True quotient by N(Z63) of order 126 (2080 vertices) [11.6s]
    pair ord(x)=63 ord(ax)=65: True quotient by N(Z65) of order 130 (2016 vertices) [6.9s]
    pair ord(x)=63 ord(ax)=65: True quotient by N(Z65) of order 130 (2016 vertices) [6.9s]
    pair ord(x)=13 ord(ax)=65: True quotient by N(Z63) of order 126 (2080 vertices) [11.7s]
    pair ord(x)=13 ord(ax)=13: True quotient by N(Z63) of order 126 (2080 vertices) [12.0s]
    pair ord(x)=13 ord(ax)=21: True quotient by N(Z63) of order 126 (2080 vertices) [11.7s]
    pair ord(x)=13 ord(ax)=63: True quotient by N(Z63) of order 126 (2080 vertices) [11.8s]
    pair ord(x)=13 ord(ax)=63: True quotient by N(Z63) of order 126 (2080 vertices) [11.7s]
    pair ord(x)=63 ord(ax)=9: True quotient by N(Z65) of order 130 (2016 vertices) [6.9s]
    pair ord(x)=63 ord(ax)=65: True quotient by N(Z65) of order 130 (2016 vertices) [6.9s]
    pair ord(x)=13 ord(ax)=9: True quotient by N(Z63) of order 126 (2080 vertices) [11.8s]
    pair ord(x)=13 ord(ax)=63: True quotient by N(Z63) of order 126 (2080 vertices) [13.3s]
    pair ord(x)=63 ord(ax)=63: True quotient by N(Z65) of order 130 (2016 vertices) [6.9s]
    pair ord(x)=63 ord(ax)=65: True quotient by N(Z65) of order 130 (2016 vertices) [6.9s]
    pair ord(x)=63 ord(ax)=63: True quotient by N(Z65) of order 130 (2016 vertices) [6.9s]
    pair ord(x)=63 ord(ax)=21: True quotient by N(Z65) of order 130 (2016 vertices) [6.9s]
    pair ord(x)=63 ord(ax)=21: True quotient by N(Z65) of order 130 (2016 vertices) [6.8s]
    pair ord(x)=63 ord(ax)=65: True quotient by N(Z65) of order 130 (2016 vertices) [6.9s]
    pair ord(x)=63 ord(ax)=65: True quotient by N(Z65) of order 130 (2016 vertices) [6.9s]
    pair ord(x)=63 ord(ax)=63: True quotient by N(Z65) of order 130 (2016 vertices) [6.9s]
    pair ord(x)=63 ord(ax)=5: True quotient by N(Z65) of order 130 (2016 vertices) [6.8s]
    pair ord(x)=63 ord(ax)=13: True quotient by N(Z65) of order 130 (2016 vertices) [6.9s]
    pair ord(x)=63 ord(ax)=65: True quotient by N(Z65) of order 130 (2016 vertices) [6.8s]
    pair ord(x)=63 ord(ax)=63: True quotient by N(Z65) of order 130 (2016 vertices) [6.9s]
    pair ord(x)=63 ord(ax)=63: True quotient by N(Z65) of order 130 (2016 vertices) [6.9s]
    pair ord(x)=63 ord(ax)=21: True quotient by N(Z65) of order 130 (2016 vertices) [6.9s]
    pair ord(x)=63 ord(ax)=63: True quotient by N(Z65) of order 130 (2016 vertices) [6.9s]
    pair ord(x)=63 ord(ax)=65: True quotient by N(Z65) of order 130 (2016 vertices) [6.9s]
    pair ord(x)=63 ord(ax)=63: True quotient by N(Z65) of order 130 (2016 vertices) [6.9s]
    pair ord(x)=63 ord(ax)=65: True quotient by N(Z65) of order 130 (2016 vertices) [6.9s]
    pair ord(x)=63 ord(ax)=65: True quotient by N(Z65) of order 130 (2016 vertices) [6.9s]
    pair ord(x)=63 ord(ax)=13: True quotient by N(Z65) of order 130 (2016 vertices) [6.9s]
    pair ord(x)=63 ord(ax)=65: True quotient by N(Z65) of order 130 (2016 vertices) [6.9s]
    pair ord(x)=63 ord(ax)=9: True quotient by N(Z65) of order 130 (2016 vertices) [6.9s]
    pair ord(x)=63 ord(ax)=65: True quotient by N(Z65) of order 130 (2016 vertices) [6.9s]
    pair ord(x)=63 ord(ax)=63: True quotient by N(Z65) of order 130 (2016 vertices) [6.9s]
    pair ord(x)=63 ord(ax)=65: True quotient by N(Z65) of order 130 (2016 vertices) [6.9s]
    pair ord(x)=63 ord(ax)=13: True quotient by N(Z65) of order 130 (2016 vertices) [6.9s]
    pair ord(x)=63 ord(ax)=63: True quotient by N(Z65) of order 130 (2016 vertices) [6.9s]
    pair ord(x)=63 ord(ax)=65: True quotient by N(Z65) of order 130 (2016 vertices) [6.9s]
    pair ord(x)=63 ord(ax)=65: True quotient by N(Z65) of order 130 (2016 vertices) [6.9s]
    pair ord(x)=63 ord(ax)=21: True quotient by N(Z65) of order 130 (2016 vertices) [6.8s]
    pair ord(x)=63 ord(ax)=63: True quotient by N(Z65) of order 130 (2016 vertices) [6.9s]
    pair ord(x)=63 ord(ax)=65: True quotient by N(Z65) of order 130 (2016 vertices) [6.9s]
    pair ord(x)=63 ord(ax)=13: True quotient by N(Z65) of order 130 (2016 vertices) [6.9s]
    pair ord(x)=63 ord(ax)=63: True quotient by N(Z65) of order 130 (2016 vertices) [6.9s]
    pair ord(x)=63 ord(ax)=7: True quotient by N(Z65) of order 130 (2016 vertices) [6.9s]
    pair ord(x)=63 ord(ax)=63: True quotient by N(Z65) of order 130 (2016 vertices) [6.9s]
    pair ord(x)=63 ord(ax)=63: True quotient by N(Z65) of order 130 (2016 vertices) [6.8s]
    pair ord(x)=63 ord(ax)=65: True quotient by N(Z65) of order 130 (2016 vertices) [6.9s]
    pair ord(x)=63 ord(ax)=7: True quotient by N(Z65) of order 130 (2016 vertices) [6.9s]
    pair ord(x)=63 ord(ax)=63: True quotient by N(Z65) of order 130 (2016 vertices) [6.9s]
    pair ord(x)=63 ord(ax)=9: True quotient by N(Z65) of order 130 (2016 vertices) [6.8s]
    pair ord(x)=63 ord(ax)=13: True quotient by N(Z65) of order 130 (2016 vertices) [6.9s]
    pair ord(x)=63 ord(ax)=13: True quotient by N(Z65) of order 130 (2016 vertices) [6.9s]
    pair ord(x)=63 ord(ax)=65: True quotient by N(Z65) of order 130 (2016 vertices) [6.9s]
    pair ord(x)=63 ord(ax)=65: True quotient by N(Z65) of order 130 (2016 vertices) [6.9s]
    pair ord(x)=63 ord(ax)=3: True quotient by N(Z65) of order 130 (2016 vertices) [6.9s]
    pair ord(x)=63 ord(ax)=65: True quotient by N(Z65) of order 130 (2016 vertices) [7.0s]
    pair ord(x)=63 ord(ax)=7: True quotient by N(Z65) of order 130 (2016 vertices) [7.0s]
    pair ord(x)=63 ord(ax)=63: True quotient by N(Z65) of order 130 (2016 vertices) [6.9s]
    pair ord(x)=63 ord(ax)=21: True quotient by N(Z65) of order 130 (2016 vertices) [7.0s]
    pair ord(x)=63 ord(ax)=63: True quotient by N(Z65) of order 130 (2016 vertices) [7.0s]
    pair ord(x)=63 ord(ax)=63: True quotient by N(Z65) of order 130 (2016 vertices) [6.9s]
    pair ord(x)=63 ord(ax)=65: True quotient by N(Z65) of order 130 (2016 vertices) [7.0s]
    pair ord(x)=63 ord(ax)=5: True quotient by N(Z65) of order 130 (2016 vertices) [7.0s]
    pair ord(x)=63 ord(ax)=65: True quotient by N(Z65) of order 130 (2016 vertices) [6.9s]
    pair ord(x)=63 ord(ax)=65: True quotient by N(Z65) of order 130 (2016 vertices) [6.9s]
    pair ord(x)=63 ord(ax)=21: True quotient by N(Z65) of order 130 (2016 vertices) [6.9s]
    pair ord(x)=63 ord(ax)=65: True quotient by N(Z65) of order 130 (2016 vertices) [6.8s]
    pair ord(x)=65 ord(ax)=13: True quotient by N(Z63) of order 126 (2080 vertices) [11.6s]
    pair ord(x)=65 ord(ax)=21: True quotient by N(Z63) of order 126 (2080 vertices) [11.6s]
    pair ord(x)=65 ord(ax)=63: True quotient by N(Z63) of order 126 (2080 vertices) [11.7s]
    pair ord(x)=65 ord(ax)=7: True quotient by N(Z63) of order 126 (2080 vertices) [11.6s]
    pair ord(x)=65 ord(ax)=65: True quotient by N(Z63) of order 126 (2080 vertices) [11.9s]
    pair ord(x)=65 ord(ax)=63: True quotient by N(Z63) of order 126 (2080 vertices) [11.6s]
    pair ord(x)=65 ord(ax)=65: True quotient by N(Z63) of order 126 (2080 vertices) [12.0s]
    pair ord(x)=65 ord(ax)=63: True quotient by N(Z63) of order 126 (2080 vertices) [11.6s]
    pair ord(x)=65 ord(ax)=65: True quotient by N(Z63) of order 126 (2080 vertices) [11.8s]
    pair ord(x)=65 ord(ax)=65: True quotient by N(Z63) of order 126 (2080 vertices) [12.1s]
    pair ord(x)=65 ord(ax)=5: True quotient by N(Z63) of order 126 (2080 vertices) [11.7s]
    pair ord(x)=65 ord(ax)=63: True quotient by N(Z63) of order 126 (2080 vertices) [11.5s]
    pair ord(x)=65 ord(ax)=65: True quotient by N(Z63) of order 126 (2080 vertices) [11.8s]
    pair ord(x)=65 ord(ax)=63: True quotient by N(Z63) of order 126 (2080 vertices) [11.6s]
    pair ord(x)=65 ord(ax)=65: True quotient by N(Z63) of order 126 (2080 vertices) [11.7s]
    pair ord(x)=65 ord(ax)=65: True quotient by N(Z63) of order 126 (2080 vertices) [11.9s]
    pair ord(x)=65 ord(ax)=7: True quotient by N(Z63) of order 126 (2080 vertices) [11.6s]
    pair ord(x)=65 ord(ax)=65: True quotient by N(Z63) of order 126 (2080 vertices) [11.7s]
    pair ord(x)=65 ord(ax)=13: True quotient by N(Z63) of order 126 (2080 vertices) [11.7s]
    pair ord(x)=65 ord(ax)=63: True quotient by N(Z63) of order 126 (2080 vertices) [11.7s]
    pair ord(x)=65 ord(ax)=65: True quotient by N(Z63) of order 126 (2080 vertices) [11.9s]
    pair ord(x)=65 ord(ax)=65: True quotient by N(Z63) of order 126 (2080 vertices) [11.8s]
    pair ord(x)=65 ord(ax)=65: True quotient by N(Z63) of order 126 (2080 vertices) [11.7s]
    pair ord(x)=65 ord(ax)=21: True quotient by N(Z63) of order 126 (2080 vertices) [11.7s]
    pair ord(x)=65 ord(ax)=63: True quotient by N(Z63) of order 126 (2080 vertices) [12.2s]
    pair ord(x)=65 ord(ax)=63: True quotient by N(Z63) of order 126 (2080 vertices) [12.2s]
    pair ord(x)=65 ord(ax)=65: True quotient by N(Z63) of order 126 (2080 vertices) [12.4s]
    pair ord(x)=65 ord(ax)=65: True quotient by N(Z63) of order 126 (2080 vertices) [12.4s]
    pair ord(x)=65 ord(ax)=21: True quotient by N(Z63) of order 126 (2080 vertices) [12.3s]
    pair ord(x)=65 ord(ax)=63: True quotient by N(Z63) of order 126 (2080 vertices) [12.5s]
    pair ord(x)=65 ord(ax)=9: True quotient by N(Z63) of order 126 (2080 vertices) [12.3s]
    pair ord(x)=65 ord(ax)=63: True quotient by N(Z63) of order 126 (2080 vertices) [12.4s]
    pair ord(x)=65 ord(ax)=65: True quotient by N(Z63) of order 126 (2080 vertices) [12.5s]
    pair ord(x)=65 ord(ax)=63: True quotient by N(Z63) of order 126 (2080 vertices) [12.6s]
    pair ord(x)=65 ord(ax)=63: True quotient by N(Z63) of order 126 (2080 vertices) [12.7s]
    pair ord(x)=65 ord(ax)=63: True quotient by N(Z63) of order 126 (2080 vertices) [12.3s]
    pair ord(x)=65 ord(ax)=65: True quotient by N(Z63) of order 126 (2080 vertices) [12.6s]
    pair ord(x)=65 ord(ax)=13: True quotient by N(Z63) of order 126 (2080 vertices) [12.5s]
    pair ord(x)=65 ord(ax)=63: True quotient by N(Z63) of order 126 (2080 vertices) [12.3s]
    pair ord(x)=65 ord(ax)=65: True quotient by N(Z63) of order 126 (2080 vertices) [12.3s]
    pair ord(x)=65 ord(ax)=63: True quotient by N(Z63) of order 126 (2080 vertices) [12.1s]
    pair ord(x)=65 ord(ax)=65: True quotient by N(Z63) of order 126 (2080 vertices) [12.3s]
    pair ord(x)=65 ord(ax)=65: True quotient by N(Z63) of order 126 (2080 vertices) [12.1s]
    pair ord(x)=65 ord(ax)=21: True quotient by N(Z63) of order 126 (2080 vertices) [11.8s]
    pair ord(x)=65 ord(ax)=63: True quotient by N(Z63) of order 126 (2080 vertices) [11.8s]
    pair ord(x)=65 ord(ax)=63: True quotient by N(Z63) of order 126 (2080 vertices) [11.6s]
    pair ord(x)=65 ord(ax)=9: True quotient by N(Z63) of order 126 (2080 vertices) [11.7s]
    pair ord(x)=65 ord(ax)=13: True quotient by N(Z63) of order 126 (2080 vertices) [11.8s]
    pair ord(x)=65 ord(ax)=9: True quotient by N(Z63) of order 126 (2080 vertices) [11.8s]
    pair ord(x)=65 ord(ax)=65: True quotient by N(Z63) of order 126 (2080 vertices) [12.0s]
    pair ord(x)=65 ord(ax)=65: True quotient by N(Z63) of order 126 (2080 vertices) [11.8s]
    pair ord(x)=65 ord(ax)=21: True quotient by N(Z63) of order 126 (2080 vertices) [11.8s]
    pair ord(x)=65 ord(ax)=21: True quotient by N(Z63) of order 126 (2080 vertices) [11.8s]
    pair ord(x)=65 ord(ax)=65: True quotient by N(Z63) of order 126 (2080 vertices) [12.0s]
    pair ord(x)=65 ord(ax)=3: True quotient by N(Z63) of order 126 (2080 vertices) [11.8s]
    pair ord(x)=65 ord(ax)=65: True quotient by N(Z63) of order 126 (2080 vertices) [11.7s]
    pair ord(x)=65 ord(ax)=65: True quotient by N(Z63) of order 126 (2080 vertices) [11.8s]
    pair ord(x)=65 ord(ax)=7: True quotient by N(Z63) of order 126 (2080 vertices) [11.9s]
    pair ord(x)=65 ord(ax)=13: True quotient by N(Z63) of order 126 (2080 vertices) [11.9s]
    pair ord(x)=65 ord(ax)=5: True quotient by N(Z63) of order 126 (2080 vertices) [12.0s]
    pair ord(x)=65 ord(ax)=63: True quotient by N(Z63) of order 126 (2080 vertices) [11.9s]
    pair ord(x)=65 ord(ax)=13: True quotient by N(Z63) of order 126 (2080 vertices) [12.0s]
    pair ord(x)=65 ord(ax)=65: True quotient by N(Z63) of order 126 (2080 vertices) [11.7s]
    pair ord(x)=65 ord(ax)=21: True quotient by N(Z63) of order 126 (2080 vertices) [11.6s]
    pair ord(x)=65 ord(ax)=63: True quotient by N(Z63) of order 126 (2080 vertices) [11.6s]
    pair ord(x)=65 ord(ax)=65: True quotient by N(Z63) of order 126 (2080 vertices) [11.9s]
    pair ord(x)=65 ord(ax)=63: True quotient by N(Z63) of order 126 (2080 vertices) [11.7s]
    pair ord(x)=65 ord(ax)=65: True quotient by N(Z63) of order 126 (2080 vertices) [11.8s]
    pair ord(x)=65 ord(ax)=65: True quotient by N(Z63) of order 126 (2080 vertices) [11.8s]
    pair ord(x)=65 ord(ax)=65: True quotient by N(Z63) of order 126 (2080 vertices) [11.8s]
    pair ord(x)=65 ord(ax)=65: True quotient by N(Z63) of order 126 (2080 vertices) [11.8s]
    pair ord(x)=65 ord(ax)=65: True quotient by N(Z63) of order 126 (2080 vertices) [11.7s]
    pair ord(x)=65 ord(ax)=13: True quotient by N(Z63) of order 126 (2080 vertices) [11.9s]
    pair ord(x)=65 ord(ax)=63: True quotient by N(Z63) of order 126 (2080 vertices) [11.7s]
    pair ord(x)=65 ord(ax)=63: True quotient by N(Z63) of order 126 (2080 vertices) [11.6s]
    pair ord(x)=65 ord(ax)=63: True quotient by N(Z63) of order 126 (2080 vertices) [11.4s]
    pair ord(x)=65 ord(ax)=63: True quotient by N(Z63) of order 126 (2080 vertices) [11.6s]
    pair ord(x)=65 ord(ax)=63: True quotient by N(Z63) of order 126 (2080 vertices) [11.6s]
    pair ord(x)=65 ord(ax)=63: True quotient by N(Z63) of order 126 (2080 vertices) [11.7s]
    pair ord(x)=65 ord(ax)=13: True quotient by N(Z63) of order 126 (2080 vertices) [11.7s]
    pair ord(x)=65 ord(ax)=7: True quotient by N(Z63) of order 126 (2080 vertices) [11.5s]
    pair ord(x)=65 ord(ax)=5: True quotient by N(Z63) of order 126 (2080 vertices) [11.8s]
    pair ord(x)=65 ord(ax)=13: True quotient by N(Z63) of order 126 (2080 vertices) [11.9s]
    pair ord(x)=65 ord(ax)=21: True quotient by N(Z63) of order 126 (2080 vertices) [11.6s]
    pair ord(x)=65 ord(ax)=21: True quotient by N(Z63) of order 126 (2080 vertices) [11.6s]
    pair ord(x)=65 ord(ax)=65: True quotient by N(Z63) of order 126 (2080 vertices) [11.6s]
    pair ord(x)=65 ord(ax)=65: True quotient by N(Z63) of order 126 (2080 vertices) [11.6s]
    pair ord(x)=65 ord(ax)=13: True quotient by N(Z63) of order 126 (2080 vertices) [11.5s]
    pair ord(x)=65 ord(ax)=65: True quotient by N(Z63) of order 126 (2080 vertices) [11.5s]
    pair ord(x)=65 ord(ax)=65: True quotient by N(Z63) of order 126 (2080 vertices) [11.6s]
    pair ord(x)=65 ord(ax)=63: True quotient by N(Z63) of order 126 (2080 vertices) [11.5s]
    pair ord(x)=65 ord(ax)=63: True quotient by N(Z63) of order 126 (2080 vertices) [11.6s]
    pair ord(x)=65 ord(ax)=65: True quotient by N(Z63) of order 126 (2080 vertices) [11.6s]
    pair ord(x)=65 ord(ax)=21: True quotient by N(Z63) of order 126 (2080 vertices) [11.5s]
    pair ord(x)=65 ord(ax)=63: True quotient by N(Z63) of order 126 (2080 vertices) [11.5s]
    pair ord(x)=65 ord(ax)=3: True quotient by N(Z63) of order 126 (2080 vertices) [11.5s]
    pair ord(x)=65 ord(ax)=65: True quotient by N(Z63) of order 126 (2080 vertices) [11.7s]
    pair ord(x)=65 ord(ax)=7: True quotient by N(Z63) of order 126 (2080 vertices) [11.5s]
    pair ord(x)=65 ord(ax)=63: True quotient by N(Z63) of order 126 (2080 vertices) [11.6s]
    pair ord(x)=65 ord(ax)=63: True quotient by N(Z63) of order 126 (2080 vertices) [11.6s]
    pair ord(x)=65 ord(ax)=65: True quotient by N(Z63) of order 126 (2080 vertices) [11.7s]
    pair ord(x)=65 ord(ax)=13: True quotient by N(Z63) of order 126 (2080 vertices) [13.0s]
    pair ord(x)=65 ord(ax)=5: True quotient by N(Z63) of order 126 (2080 vertices) [11.6s]
    pair ord(x)=65 ord(ax)=63: True quotient by N(Z63) of order 126 (2080 vertices) [11.7s]
    pair ord(x)=65 ord(ax)=65: True quotient by N(Z63) of order 126 (2080 vertices) [11.6s]
    pair ord(x)=65 ord(ax)=65: True quotient by N(Z63) of order 126 (2080 vertices) [11.8s]
    pair ord(x)=65 ord(ax)=63: True quotient by N(Z63) of order 126 (2080 vertices) [11.6s]
    pair ord(x)=65 ord(ax)=65: True quotient by N(Z63) of order 126 (2080 vertices) [11.7s]
    pair ord(x)=65 ord(ax)=63: True quotient by N(Z63) of order 126 (2080 vertices) [11.6s]
    pair ord(x)=65 ord(ax)=63: True quotient by N(Z63) of order 126 (2080 vertices) [11.6s]
    pair ord(x)=65 ord(ax)=9: True quotient by N(Z63) of order 126 (2080 vertices) [11.6s]
    pair ord(x)=65 ord(ax)=65: True quotient by N(Z63) of order 126 (2080 vertices) [11.7s]
    pair ord(x)=65 ord(ax)=65: True quotient by N(Z63) of order 126 (2080 vertices) [11.9s]
    pair ord(x)=65 ord(ax)=63: True quotient by N(Z63) of order 126 (2080 vertices) [11.7s]
    pair ord(x)=65 ord(ax)=7: True quotient by N(Z63) of order 126 (2080 vertices) [11.6s]
    pair ord(x)=65 ord(ax)=9: True quotient by N(Z63) of order 126 (2080 vertices) [11.6s]
    pair ord(x)=65 ord(ax)=65: True quotient by N(Z63) of order 126 (2080 vertices) [11.8s]
    pair ord(x)=65 ord(ax)=65: True quotient by N(Z63) of order 126 (2080 vertices) [11.7s]
    pair ord(x)=65 ord(ax)=9: True quotient by N(Z63) of order 126 (2080 vertices) [11.8s]
    pair ord(x)=65 ord(ax)=21: True quotient by N(Z63) of order 126 (2080 vertices) [11.7s]
    pair ord(x)=65 ord(ax)=21: True quotient by N(Z63) of order 126 (2080 vertices) [11.8s]
    pair ord(x)=21 ord(ax)=63: True quotient by N(Z65) of order 130 (2016 vertices) [7.1s]
    pair ord(x)=21 ord(ax)=63: True quotient by N(Z65) of order 130 (2016 vertices) [7.1s]
    pair ord(x)=21 ord(ax)=13: True quotient by N(Z65) of order 130 (2016 vertices) [7.1s]
    pair ord(x)=21 ord(ax)=21: True quotient by N(Z65) of order 130 (2016 vertices) [7.1s]
    pair ord(x)=21 ord(ax)=63: True quotient by N(Z65) of order 130 (2016 vertices) [7.2s]
    pair ord(x)=65 ord(ax)=65: True quotient by N(Z63) of order 126 (2080 vertices) [11.9s]
    pair ord(x)=21 ord(ax)=63: True quotient by N(Z65) of order 130 (2016 vertices) [7.0s]
    pair ord(x)=21 ord(ax)=65: True quotient by N(Z65) of order 130 (2016 vertices) [7.0s]
    pair ord(x)=65 ord(ax)=13: True quotient by N(Z63) of order 126 (2080 vertices) [11.8s]
    pair ord(x)=65 ord(ax)=65: True quotient by N(Z63) of order 126 (2080 vertices) [12.1s]
    pair ord(x)=21 ord(ax)=13: True quotient by N(Z65) of order 130 (2016 vertices) [7.0s]
    pair ord(x)=21 ord(ax)=65: True quotient by N(Z65) of order 130 (2016 vertices) [6.9s]
    pair ord(x)=21 ord(ax)=63: True quotient by N(Z65) of order 130 (2016 vertices) [7.0s]
    pair ord(x)=21 ord(ax)=5: True quotient by N(Z65) of order 130 (2016 vertices) [7.0s]
    pair ord(x)=21 ord(ax)=63: True quotient by N(Z65) of order 130 (2016 vertices) [7.0s]
    pair ord(x)=21 ord(ax)=63: True quotient by N(Z65) of order 130 (2016 vertices) [7.0s]
    pair ord(x)=21 ord(ax)=63: True quotient by N(Z65) of order 130 (2016 vertices) [7.0s]
    pair ord(x)=21 ord(ax)=65: True quotient by N(Z65) of order 130 (2016 vertices) [7.1s]
    pair ord(x)=21 ord(ax)=65: True quotient by N(Z65) of order 130 (2016 vertices) [7.1s]
    pair ord(x)=21 ord(ax)=21: True quotient by N(Z65) of order 130 (2016 vertices) [7.0s]
    pair ord(x)=21 ord(ax)=9: True quotient by N(Z65) of order 130 (2016 vertices) [7.1s]
    pair ord(x)=21 ord(ax)=65: True quotient by N(Z65) of order 130 (2016 vertices) [7.1s]
    pair ord(x)=21 ord(ax)=65: True quotient by N(Z65) of order 130 (2016 vertices) [7.1s]
    pair ord(x)=21 ord(ax)=9: True quotient by N(Z65) of order 130 (2016 vertices) [7.1s]
    pair ord(x)=21 ord(ax)=65: True quotient by N(Z65) of order 130 (2016 vertices) [7.1s]
    pair ord(x)=21 ord(ax)=9: True quotient by N(Z65) of order 130 (2016 vertices) [7.1s]
    pair ord(x)=21 ord(ax)=13: True quotient by N(Z65) of order 130 (2016 vertices) [7.1s]
    pair ord(x)=21 ord(ax)=65: True quotient by N(Z65) of order 130 (2016 vertices) [7.1s]
    pair ord(x)=21 ord(ax)=65: True quotient by N(Z65) of order 130 (2016 vertices) [7.1s]
    pair ord(x)=21 ord(ax)=65: True quotient by N(Z65) of order 130 (2016 vertices) [7.1s]
    pair ord(x)=21 ord(ax)=13: True quotient by N(Z65) of order 130 (2016 vertices) [7.0s]
    pair ord(x)=21 ord(ax)=63: True quotient by N(Z65) of order 130 (2016 vertices) [7.0s]
    pair ord(x)=21 ord(ax)=63: True quotient by N(Z65) of order 130 (2016 vertices) [7.0s]
    pair ord(x)=21 ord(ax)=63: True quotient by N(Z65) of order 130 (2016 vertices) [7.0s]
    pair ord(x)=21 ord(ax)=65: True quotient by N(Z65) of order 130 (2016 vertices) [7.0s]
    pair ord(x)=21 ord(ax)=65: True quotient by N(Z65) of order 130 (2016 vertices) [7.0s]
    pair ord(x)=21 ord(ax)=63: True quotient by N(Z65) of order 130 (2016 vertices) [7.0s]
    pair ord(x)=21 ord(ax)=7: True quotient by N(Z65) of order 130 (2016 vertices) [6.9s]
    pair ord(x)=21 ord(ax)=65: True quotient by N(Z65) of order 130 (2016 vertices) [6.9s]
    pair ord(x)=21 ord(ax)=7: True quotient by N(Z65) of order 130 (2016 vertices) [7.0s]
    pair ord(x)=21 ord(ax)=7: True quotient by N(Z65) of order 130 (2016 vertices) [6.9s]
    pair ord(x)=21 ord(ax)=63: True quotient by N(Z65) of order 130 (2016 vertices) [7.0s]
    pair ord(x)=21 ord(ax)=63: True quotient by N(Z65) of order 130 (2016 vertices) [7.0s]
    pair ord(x)=21 ord(ax)=65: True quotient by N(Z65) of order 130 (2016 vertices) [7.0s]
    pair ord(x)=21 ord(ax)=65: True quotient by N(Z65) of order 130 (2016 vertices) [7.1s]
    pair ord(x)=21 ord(ax)=21: True quotient by N(Z65) of order 130 (2016 vertices) [7.1s]
    pair ord(x)=21 ord(ax)=65: True quotient by N(Z65) of order 130 (2016 vertices) [7.2s]
    pair ord(x)=21 ord(ax)=63: True quotient by N(Z65) of order 130 (2016 vertices) [7.1s]
    pair ord(x)=21 ord(ax)=3: True quotient by N(Z65) of order 130 (2016 vertices) [7.1s]
    pair ord(x)=21 ord(ax)=65: True quotient by N(Z65) of order 130 (2016 vertices) [7.1s]
    pair ord(x)=21 ord(ax)=13: True quotient by N(Z65) of order 130 (2016 vertices) [7.2s]
    pair ord(x)=21 ord(ax)=21: True quotient by N(Z65) of order 130 (2016 vertices) [7.1s]
    pair ord(x)=21 ord(ax)=65: True quotient by N(Z65) of order 130 (2016 vertices) [7.1s]
    pair ord(x)=21 ord(ax)=65: True quotient by N(Z65) of order 130 (2016 vertices) [7.1s]
    pair ord(x)=21 ord(ax)=65: True quotient by N(Z65) of order 130 (2016 vertices) [7.1s]
    pair ord(x)=21 ord(ax)=5: True quotient by N(Z65) of order 130 (2016 vertices) [7.1s]
    pair ord(x)=21 ord(ax)=21: True quotient by N(Z65) of order 130 (2016 vertices) [7.0s]
    pair ord(x)=21 ord(ax)=65: True quotient by N(Z65) of order 130 (2016 vertices) [7.0s]
    pair ord(x)=21 ord(ax)=65: True quotient by N(Z65) of order 130 (2016 vertices) [7.0s]
    pair ord(x)=21 ord(ax)=63: True quotient by N(Z65) of order 130 (2016 vertices) [7.0s]
    pair ord(x)=21 ord(ax)=63: True quotient by N(Z65) of order 130 (2016 vertices) [7.0s]
    pair ord(x)=21 ord(ax)=65: True quotient by N(Z65) of order 130 (2016 vertices) [7.1s]
    pair ord(x)=21 ord(ax)=65: True quotient by N(Z65) of order 130 (2016 vertices) [7.1s]
    pair ord(x)=21 ord(ax)=63: True quotient by N(Z65) of order 130 (2016 vertices) [7.0s]
    pair ord(x)=21 ord(ax)=13: True quotient by N(Z65) of order 130 (2016 vertices) [7.1s]
    pair ord(x)=9 ord(ax)=65: True quotient by N(Z65) of order 130 (2016 vertices) [7.2s]
    pair ord(x)=9 ord(ax)=13: True quotient by N(Z65) of order 130 (2016 vertices) [7.1s]
    pair ord(x)=9 ord(ax)=21: True quotient by N(Z65) of order 130 (2016 vertices) [7.1s]
    pair ord(x)=9 ord(ax)=65: True quotient by N(Z65) of order 130 (2016 vertices) [7.1s]
    pair ord(x)=9 ord(ax)=63: True quotient by N(Z65) of order 130 (2016 vertices) [7.1s]
    pair ord(x)=9 ord(ax)=65: True quotient by N(Z65) of order 130 (2016 vertices) [7.1s]
    pair ord(x)=9 ord(ax)=21: True quotient by N(Z65) of order 130 (2016 vertices) [7.0s]
    pair ord(x)=9 ord(ax)=63: True quotient by N(Z65) of order 130 (2016 vertices) [7.2s]
    pair ord(x)=9 ord(ax)=65: True quotient by N(Z65) of order 130 (2016 vertices) [7.1s]
    pair ord(x)=9 ord(ax)=63: True quotient by N(Z65) of order 130 (2016 vertices) [7.1s]
    pair ord(x)=9 ord(ax)=63: True quotient by N(Z65) of order 130 (2016 vertices) [7.0s]
    pair ord(x)=9 ord(ax)=65: True quotient by N(Z65) of order 130 (2016 vertices) [7.1s]
    pair ord(x)=9 ord(ax)=21: True quotient by N(Z65) of order 130 (2016 vertices) [7.1s]
    pair ord(x)=9 ord(ax)=63: True quotient by N(Z65) of order 130 (2016 vertices) [7.0s]
    pair ord(x)=9 ord(ax)=13: True quotient by N(Z65) of order 130 (2016 vertices) [7.2s]
    pair ord(x)=9 ord(ax)=65: True quotient by N(Z65) of order 130 (2016 vertices) [7.1s]
    pair ord(x)=9 ord(ax)=63: True quotient by N(Z65) of order 130 (2016 vertices) [7.1s]
    pair ord(x)=9 ord(ax)=65: True quotient by N(Z65) of order 130 (2016 vertices) [7.1s]
    pair ord(x)=9 ord(ax)=21: True quotient by N(Z65) of order 130 (2016 vertices) [7.1s]
    pair ord(x)=9 ord(ax)=63: True quotient by N(Z65) of order 130 (2016 vertices) [7.0s]
    pair ord(x)=9 ord(ax)=63: True quotient by N(Z65) of order 130 (2016 vertices) [7.1s]
    pair ord(x)=9 ord(ax)=63: True quotient by N(Z65) of order 130 (2016 vertices) [7.2s]
    pair ord(x)=9 ord(ax)=65: True quotient by N(Z65) of order 130 (2016 vertices) [7.1s]
    pair ord(x)=9 ord(ax)=13: True quotient by N(Z65) of order 130 (2016 vertices) [7.0s]
    pair ord(x)=9 ord(ax)=65: True quotient by N(Z65) of order 130 (2016 vertices) [7.0s]
    pair ord(x)=9 ord(ax)=65: True quotient by N(Z65) of order 130 (2016 vertices) [7.0s]
    pair ord(x)=9 ord(ax)=5: True quotient by N(Z65) of order 130 (2016 vertices) [7.1s]
    pair ord(x)=9 ord(ax)=65: True quotient by N(Z65) of order 130 (2016 vertices) [7.1s]
    pair ord(x)=9 ord(ax)=5: True quotient by N(Z65) of order 130 (2016 vertices) [7.0s]
    pair ord(x)=9 ord(ax)=65: True quotient by N(Z65) of order 130 (2016 vertices) [7.2s]
    pair ord(x)=9 ord(ax)=13: True quotient by N(Z65) of order 130 (2016 vertices) [7.2s]
    pair ord(x)=9 ord(ax)=65: True quotient by N(Z65) of order 130 (2016 vertices) [7.2s]
    pair ord(x)=9 ord(ax)=13: True quotient by N(Z65) of order 130 (2016 vertices) [7.2s]
    pair ord(x)=9 ord(ax)=65: True quotient by N(Z65) of order 130 (2016 vertices) [7.2s]
    pair ord(x)=9 ord(ax)=63: True quotient by N(Z65) of order 130 (2016 vertices) [7.2s]
    pair ord(x)=9 ord(ax)=65: True quotient by N(Z65) of order 130 (2016 vertices) [7.2s]
    pair ord(x)=9 ord(ax)=63: True quotient by N(Z65) of order 130 (2016 vertices) [7.3s]
    pair ord(x)=9 ord(ax)=65: True quotient by N(Z65) of order 130 (2016 vertices) [7.3s]
    pair ord(x)=9 ord(ax)=21: True quotient by N(Z65) of order 130 (2016 vertices) [7.2s]
    pair ord(x)=9 ord(ax)=21: True quotient by N(Z65) of order 130 (2016 vertices) [7.2s]
    pair ord(x)=9 ord(ax)=13: True quotient by N(Z65) of order 130 (2016 vertices) [7.2s]
    pair ord(x)=9 ord(ax)=63: True quotient by N(Z65) of order 130 (2016 vertices) [7.2s]
    pair ord(x)=9 ord(ax)=63: True quotient by N(Z65) of order 130 (2016 vertices) [7.2s]
    pair ord(x)=9 ord(ax)=63: True quotient by N(Z65) of order 130 (2016 vertices) [7.8s]
    pair ord(x)=9 ord(ax)=65: True quotient by N(Z65) of order 130 (2016 vertices) [8.4s]
    pair ord(x)=9 ord(ax)=65: True quotient by N(Z65) of order 130 (2016 vertices) [7.1s]
    pair ord(x)=9 ord(ax)=65: True quotient by N(Z65) of order 130 (2016 vertices) [7.1s]
    pair ord(x)=9 ord(ax)=65: True quotient by N(Z65) of order 130 (2016 vertices) [7.2s]
    pair ord(x)=9 ord(ax)=63: True quotient by N(Z65) of order 130 (2016 vertices) [7.0s]
    pair ord(x)=9 ord(ax)=65: True quotient by N(Z65) of order 130 (2016 vertices) [7.0s]
    pair ord(x)=9 ord(ax)=63: True quotient by N(Z65) of order 130 (2016 vertices) [7.1s]
    pair ord(x)=9 ord(ax)=65: True quotient by N(Z65) of order 130 (2016 vertices) [7.2s]
    pair ord(x)=9 ord(ax)=65: True quotient by N(Z65) of order 130 (2016 vertices) [7.3s]
    pair ord(x)=9 ord(ax)=65: True quotient by N(Z65) of order 130 (2016 vertices) [7.1s]
    pair ord(x)=9 ord(ax)=63: True quotient by N(Z65) of order 130 (2016 vertices) [7.1s]
    pair ord(x)=9 ord(ax)=63: True quotient by N(Z65) of order 130 (2016 vertices) [7.1s]
    pair ord(x)=65 ord(ax)=7: True quotient by N(Z63) of order 126 (2080 vertices) [11.6s]
    pair ord(x)=65 ord(ax)=65: True quotient by N(Z63) of order 126 (2080 vertices) [11.9s]
    pair ord(x)=65 ord(ax)=63: True quotient by N(Z63) of order 126 (2080 vertices) [11.6s]
    pair ord(x)=65 ord(ax)=65: True quotient by N(Z63) of order 126 (2080 vertices) [11.8s]
    pair ord(x)=65 ord(ax)=5: True quotient by N(Z63) of order 126 (2080 vertices) [11.6s]
    pair ord(x)=65 ord(ax)=63: True quotient by N(Z63) of order 126 (2080 vertices) [11.5s]
    pair ord(x)=65 ord(ax)=7: True quotient by N(Z63) of order 126 (2080 vertices) [11.7s]
    pair ord(x)=65 ord(ax)=21: True quotient by N(Z63) of order 126 (2080 vertices) [11.7s]
    pair ord(x)=65 ord(ax)=65: True quotient by N(Z63) of order 126 (2080 vertices) [11.6s]
    pair ord(x)=65 ord(ax)=63: True quotient by N(Z63) of order 126 (2080 vertices) [11.9s]
    pair ord(x)=65 ord(ax)=63: True quotient by N(Z63) of order 126 (2080 vertices) [11.6s]
    pair ord(x)=65 ord(ax)=65: True quotient by N(Z63) of order 126 (2080 vertices) [11.5s]
    pair ord(x)=65 ord(ax)=13: True quotient by N(Z63) of order 126 (2080 vertices) [11.6s]
    pair ord(x)=65 ord(ax)=13: True quotient by N(Z63) of order 126 (2080 vertices) [11.8s]
    pair ord(x)=65 ord(ax)=65: True quotient by N(Z63) of order 126 (2080 vertices) [11.7s]
    pair ord(x)=65 ord(ax)=65: True quotient by N(Z63) of order 126 (2080 vertices) [11.6s]
    pair ord(x)=65 ord(ax)=65: True quotient by N(Z63) of order 126 (2080 vertices) [11.9s]
    pair ord(x)=65 ord(ax)=63: True quotient by N(Z63) of order 126 (2080 vertices) [11.6s]
    pair ord(x)=65 ord(ax)=63: True quotient by N(Z63) of order 126 (2080 vertices) [11.6s]
    pair ord(x)=65 ord(ax)=63: True quotient by N(Z63) of order 126 (2080 vertices) [11.5s]
    pair ord(x)=65 ord(ax)=5: True quotient by N(Z63) of order 126 (2080 vertices) [11.8s]
    pair ord(x)=65 ord(ax)=65: True quotient by N(Z63) of order 126 (2080 vertices) [11.8s]
    pair ord(x)=65 ord(ax)=63: True quotient by N(Z63) of order 126 (2080 vertices) [11.5s]
    pair ord(x)=65 ord(ax)=13: True quotient by N(Z63) of order 126 (2080 vertices) [11.7s]
    pair ord(x)=65 ord(ax)=21: True quotient by N(Z63) of order 126 (2080 vertices) [11.6s]
    pair ord(x)=65 ord(ax)=63: True quotient by N(Z63) of order 126 (2080 vertices) [11.7s]
    pair ord(x)=65 ord(ax)=63: True quotient by N(Z63) of order 126 (2080 vertices) [11.7s]
    pair ord(x)=65 ord(ax)=65: True quotient by N(Z63) of order 126 (2080 vertices) [11.6s]
    pair ord(x)=65 ord(ax)=3: True quotient by N(Z63) of order 126 (2080 vertices) [11.6s]
    pair ord(x)=65 ord(ax)=13: True quotient by N(Z63) of order 126 (2080 vertices) [11.8s]
    pair ord(x)=65 ord(ax)=21: True quotient by N(Z63) of order 126 (2080 vertices) [11.6s]
    pair ord(x)=65 ord(ax)=21: True quotient by N(Z63) of order 126 (2080 vertices) [11.7s]
    pair ord(x)=65 ord(ax)=65: True quotient by N(Z63) of order 126 (2080 vertices) [11.7s]
    pair ord(x)=65 ord(ax)=65: True quotient by N(Z63) of order 126 (2080 vertices) [11.8s]
    pair ord(x)=65 ord(ax)=65: True quotient by N(Z63) of order 126 (2080 vertices) [11.8s]
    pair ord(x)=65 ord(ax)=63: True quotient by N(Z63) of order 126 (2080 vertices) [11.7s]
    pair ord(x)=65 ord(ax)=65: True quotient by N(Z63) of order 126 (2080 vertices) [11.8s]
    pair ord(x)=65 ord(ax)=65: True quotient by N(Z63) of order 126 (2080 vertices) [11.8s]
    pair ord(x)=65 ord(ax)=65: True quotient by N(Z63) of order 126 (2080 vertices) [11.6s]
    pair ord(x)=65 ord(ax)=21: True quotient by N(Z63) of order 126 (2080 vertices) [11.6s]
    pair ord(x)=65 ord(ax)=65: True quotient by N(Z63) of order 126 (2080 vertices) [11.9s]
    pair ord(x)=65 ord(ax)=9: True quotient by N(Z63) of order 126 (2080 vertices) [11.5s]
    pair ord(x)=65 ord(ax)=63: True quotient by N(Z63) of order 126 (2080 vertices) [11.6s]
    pair ord(x)=65 ord(ax)=65: True quotient by N(Z63) of order 126 (2080 vertices) [11.8s]
    pair ord(x)=65 ord(ax)=63: True quotient by N(Z63) of order 126 (2080 vertices) [11.7s]
    pair ord(x)=65 ord(ax)=63: True quotient by N(Z63) of order 126 (2080 vertices) [11.6s]
    pair ord(x)=65 ord(ax)=21: True quotient by N(Z63) of order 126 (2080 vertices) [11.6s]
    pair ord(x)=65 ord(ax)=63: True quotient by N(Z63) of order 126 (2080 vertices) [11.6s]
    pair ord(x)=65 ord(ax)=13: True quotient by N(Z63) of order 126 (2080 vertices) [11.8s]
    pair ord(x)=65 ord(ax)=63: True quotient by N(Z63) of order 126 (2080 vertices) [11.6s]
    pair ord(x)=65 ord(ax)=7: True quotient by N(Z63) of order 126 (2080 vertices) [11.6s]
    pair ord(x)=65 ord(ax)=9: True quotient by N(Z63) of order 126 (2080 vertices) [11.6s]
    pair ord(x)=65 ord(ax)=65: True quotient by N(Z63) of order 126 (2080 vertices) [11.6s]
    pair ord(x)=65 ord(ax)=13: True quotient by N(Z63) of order 126 (2080 vertices) [11.6s]
    pair ord(x)=65 ord(ax)=9: True quotient by N(Z63) of order 126 (2080 vertices) [11.5s]
    pair ord(x)=65 ord(ax)=65: True quotient by N(Z63) of order 126 (2080 vertices) [11.7s]
    pair ord(x)=65 ord(ax)=65: True quotient by N(Z63) of order 126 (2080 vertices) [12.0s]
    pair ord(x)=65 ord(ax)=65: True quotient by N(Z63) of order 126 (2080 vertices) [11.8s]
    pair ord(x)=65 ord(ax)=63: True quotient by N(Z63) of order 126 (2080 vertices) [11.8s]
    pair ord(x)=65 ord(ax)=65: True quotient by N(Z63) of order 126 (2080 vertices) [11.7s]
    pair ord(x)=65 ord(ax)=63: True quotient by N(Z63) of order 126 (2080 vertices) [11.6s]
    pair ord(x)=65 ord(ax)=65: True quotient by N(Z63) of order 126 (2080 vertices) [11.9s]
    pair ord(x)=65 ord(ax)=65: True quotient by N(Z63) of order 126 (2080 vertices) [12.0s]
    pair ord(x)=65 ord(ax)=65: True quotient by N(Z63) of order 126 (2080 vertices) [12.0s]
    pair ord(x)=65 ord(ax)=21: True quotient by N(Z63) of order 126 (2080 vertices) [11.9s]
    pair ord(x)=65 ord(ax)=63: True quotient by N(Z63) of order 126 (2080 vertices) [11.7s]
    pair ord(x)=65 ord(ax)=21: True quotient by N(Z63) of order 126 (2080 vertices) [11.6s]
    pair ord(x)=65 ord(ax)=7: True quotient by N(Z63) of order 126 (2080 vertices) [11.8s]
    pair ord(x)=65 ord(ax)=65: True quotient by N(Z63) of order 126 (2080 vertices) [11.8s]
    pair ord(x)=65 ord(ax)=21: True quotient by N(Z63) of order 126 (2080 vertices) [11.8s]
    pair ord(x)=65 ord(ax)=65: True quotient by N(Z63) of order 126 (2080 vertices) [11.9s]
    pair ord(x)=65 ord(ax)=63: True quotient by N(Z63) of order 126 (2080 vertices) [11.7s]
    pair ord(x)=65 ord(ax)=63: True quotient by N(Z63) of order 126 (2080 vertices) [11.8s]
    pair ord(x)=65 ord(ax)=65: True quotient by N(Z63) of order 126 (2080 vertices) [11.7s]
    pair ord(x)=65 ord(ax)=63: True quotient by N(Z63) of order 126 (2080 vertices) [11.6s]
    pair ord(x)=65 ord(ax)=65: True quotient by N(Z63) of order 126 (2080 vertices) [11.7s]
    pair ord(x)=65 ord(ax)=65: True quotient by N(Z63) of order 126 (2080 vertices) [12.0s]
    pair ord(x)=65 ord(ax)=65: True quotient by N(Z63) of order 126 (2080 vertices) [11.8s]
    pair ord(x)=65 ord(ax)=65: True quotient by N(Z63) of order 126 (2080 vertices) [11.8s]
    pair ord(x)=65 ord(ax)=63: True quotient by N(Z63) of order 126 (2080 vertices) [11.8s]
    pair ord(x)=65 ord(ax)=63: True quotient by N(Z63) of order 126 (2080 vertices) [11.8s]
    pair ord(x)=65 ord(ax)=13: True quotient by N(Z63) of order 126 (2080 vertices) [11.7s]
    pair ord(x)=65 ord(ax)=65: True quotient by N(Z63) of order 126 (2080 vertices) [11.9s]
    pair ord(x)=65 ord(ax)=21: True quotient by N(Z63) of order 126 (2080 vertices) [12.0s]
    pair ord(x)=65 ord(ax)=65: True quotient by N(Z63) of order 126 (2080 vertices) [11.8s]
    pair ord(x)=65 ord(ax)=65: True quotient by N(Z63) of order 126 (2080 vertices) [12.1s]
    pair ord(x)=65 ord(ax)=65: True quotient by N(Z63) of order 126 (2080 vertices) [11.9s]
    pair ord(x)=65 ord(ax)=65: True quotient by N(Z63) of order 126 (2080 vertices) [11.9s]
    pair ord(x)=65 ord(ax)=9: True quotient by N(Z63) of order 126 (2080 vertices) [11.7s]
    pair ord(x)=65 ord(ax)=63: True quotient by N(Z63) of order 126 (2080 vertices) [11.6s]
    pair ord(x)=65 ord(ax)=63: True quotient by N(Z63) of order 126 (2080 vertices) [11.6s]
    pair ord(x)=65 ord(ax)=7: True quotient by N(Z63) of order 126 (2080 vertices) [11.7s]
    pair ord(x)=65 ord(ax)=9: True quotient by N(Z63) of order 126 (2080 vertices) [11.6s]
    pair ord(x)=65 ord(ax)=63: True quotient by N(Z63) of order 126 (2080 vertices) [11.9s]
    pair ord(x)=65 ord(ax)=65: True quotient by N(Z63) of order 126 (2080 vertices) [11.6s]
    pair ord(x)=65 ord(ax)=5: True quotient by N(Z63) of order 126 (2080 vertices) [11.6s]
    pair ord(x)=65 ord(ax)=21: True quotient by N(Z63) of order 126 (2080 vertices) [11.7s]
    pair ord(x)=65 ord(ax)=65: True quotient by N(Z63) of order 126 (2080 vertices) [11.7s]
    pair ord(x)=65 ord(ax)=65: True quotient by N(Z63) of order 126 (2080 vertices) [12.0s]
    pair ord(x)=65 ord(ax)=63: True quotient by N(Z63) of order 126 (2080 vertices) [11.6s]
    pair ord(x)=65 ord(ax)=63: True quotient by N(Z63) of order 126 (2080 vertices) [11.5s]
    pair ord(x)=65 ord(ax)=63: True quotient by N(Z63) of order 126 (2080 vertices) [11.6s]
    pair ord(x)=65 ord(ax)=63: True quotient by N(Z63) of order 126 (2080 vertices) [11.7s]
    pair ord(x)=65 ord(ax)=13: True quotient by N(Z63) of order 126 (2080 vertices) [11.7s]
    pair ord(x)=65 ord(ax)=63: True quotient by N(Z63) of order 126 (2080 vertices) [11.6s]
    pair ord(x)=65 ord(ax)=63: True quotient by N(Z63) of order 126 (2080 vertices) [11.9s]
    pair ord(x)=65 ord(ax)=65: True quotient by N(Z63) of order 126 (2080 vertices) [11.8s]
    pair ord(x)=65 ord(ax)=13: True quotient by N(Z63) of order 126 (2080 vertices) [11.9s]
    pair ord(x)=65 ord(ax)=21: True quotient by N(Z63) of order 126 (2080 vertices) [11.7s]
    pair ord(x)=65 ord(ax)=65: True quotient by N(Z63) of order 126 (2080 vertices) [11.8s]
    pair ord(x)=65 ord(ax)=13: True quotient by N(Z63) of order 126 (2080 vertices) [11.6s]
    pair ord(x)=65 ord(ax)=63: True quotient by N(Z63) of order 126 (2080 vertices) [11.6s]
    pair ord(x)=65 ord(ax)=13: True quotient by N(Z63) of order 126 (2080 vertices) [12.0s]
    pair ord(x)=65 ord(ax)=65: True quotient by N(Z63) of order 126 (2080 vertices) [11.6s]
    pair ord(x)=65 ord(ax)=9: True quotient by N(Z63) of order 126 (2080 vertices) [11.7s]
    pair ord(x)=65 ord(ax)=65: True quotient by N(Z63) of order 126 (2080 vertices) [11.9s]
    pair ord(x)=65 ord(ax)=63: True quotient by N(Z63) of order 126 (2080 vertices) [11.8s]
    pair ord(x)=65 ord(ax)=3: True quotient by N(Z63) of order 126 (2080 vertices) [11.7s]
    pair ord(x)=65 ord(ax)=65: True quotient by N(Z63) of order 126 (2080 vertices) [11.7s]
    pair ord(x)=65 ord(ax)=13: True quotient by N(Z63) of order 126 (2080 vertices) [11.6s]
    pair ord(x)=65 ord(ax)=5: True quotient by N(Z63) of order 126 (2080 vertices) [12.0s]
    pair ord(x)=65 ord(ax)=7: True quotient by N(Z63) of order 126 (2080 vertices) [11.6s]
    pair ord(x)=65 ord(ax)=63: True quotient by N(Z63) of order 126 (2080 vertices) [11.6s]
    pair ord(x)=65 ord(ax)=65: True quotient by N(Z63) of order 126 (2080 vertices) [11.7s]
    pair ord(x)=13 ord(ax)=3: True quotient by N(Z63) of order 126 (2080 vertices) [11.6s]
    pair ord(x)=13 ord(ax)=9: True quotient by N(Z63) of order 126 (2080 vertices) [11.7s]
    pair ord(x)=13 ord(ax)=13: True quotient by N(Z63) of order 126 (2080 vertices) [11.7s]
    pair ord(x)=13 ord(ax)=65: True quotient by N(Z63) of order 126 (2080 vertices) [11.7s]
    pair ord(x)=13 ord(ax)=65: True quotient by N(Z63) of order 126 (2080 vertices) [11.6s]
    pair ord(x)=13 ord(ax)=65: True quotient by N(Z63) of order 126 (2080 vertices) [11.7s]
    pair ord(x)=13 ord(ax)=21: True quotient by N(Z63) of order 126 (2080 vertices) [11.7s]
    pair ord(x)=13 ord(ax)=65: True quotient by N(Z63) of order 126 (2080 vertices) [11.9s]
    pair ord(x)=13 ord(ax)=63: True quotient by N(Z63) of order 126 (2080 vertices) [12.1s]
    pair ord(x)=13 ord(ax)=65: True quotient by N(Z63) of order 126 (2080 vertices) [12.3s]
    pair ord(x)=13 ord(ax)=63: True quotient by N(Z63) of order 126 (2080 vertices) [12.2s]
    pair ord(x)=13 ord(ax)=63: True quotient by N(Z63) of order 126 (2080 vertices) [12.1s]
    pair ord(x)=13 ord(ax)=65: True quotient by N(Z63) of order 126 (2080 vertices) [12.3s]
    pair ord(x)=13 ord(ax)=65: True quotient by N(Z63) of order 126 (2080 vertices) [12.1s]
    pair ord(x)=13 ord(ax)=65: True quotient by N(Z63) of order 126 (2080 vertices) [12.2s]
    pair ord(x)=13 ord(ax)=13: True quotient by N(Z63) of order 126 (2080 vertices) [12.2s]
    pair ord(x)=13 ord(ax)=21: True quotient by N(Z63) of order 126 (2080 vertices) [12.1s]
    pair ord(x)=13 ord(ax)=63: True quotient by N(Z63) of order 126 (2080 vertices) [12.0s]
    pair ord(x)=13 ord(ax)=63: True quotient by N(Z63) of order 126 (2080 vertices) [11.7s]
    pair ord(x)=13 ord(ax)=65: True quotient by N(Z63) of order 126 (2080 vertices) [12.0s]
    pair ord(x)=13 ord(ax)=63: True quotient by N(Z63) of order 126 (2080 vertices) [11.8s]
    pair ord(x)=13 ord(ax)=65: True quotient by N(Z63) of order 126 (2080 vertices) [12.1s]
    pair ord(x)=13 ord(ax)=5: True quotient by N(Z63) of order 126 (2080 vertices) [12.3s]
    pair ord(x)=13 ord(ax)=63: True quotient by N(Z63) of order 126 (2080 vertices) [11.8s]
    pair ord(x)=13 ord(ax)=65: True quotient by N(Z63) of order 126 (2080 vertices) [12.0s]
    pair ord(x)=13 ord(ax)=63: True quotient by N(Z63) of order 126 (2080 vertices) [11.8s]
    pair ord(x)=13 ord(ax)=65: True quotient by N(Z63) of order 126 (2080 vertices) [12.1s]
    pair ord(x)=13 ord(ax)=9: True quotient by N(Z63) of order 126 (2080 vertices) [11.9s]
    pair ord(x)=13 ord(ax)=65: True quotient by N(Z63) of order 126 (2080 vertices) [12.2s]
    pair ord(x)=13 ord(ax)=7: True quotient by N(Z63) of order 126 (2080 vertices) [11.9s]
    pair ord(x)=13 ord(ax)=21: True quotient by N(Z63) of order 126 (2080 vertices) [11.8s]
    pair ord(x)=13 ord(ax)=63: True quotient by N(Z63) of order 126 (2080 vertices) [11.8s]
    pair ord(x)=13 ord(ax)=65: True quotient by N(Z63) of order 126 (2080 vertices) [11.9s]
    pair ord(x)=13 ord(ax)=65: True quotient by N(Z63) of order 126 (2080 vertices) [12.1s]
    pair ord(x)=13 ord(ax)=63: True quotient by N(Z63) of order 126 (2080 vertices) [11.9s]
    pair ord(x)=13 ord(ax)=63: True quotient by N(Z63) of order 126 (2080 vertices) [11.9s]
    pair ord(x)=13 ord(ax)=13: True quotient by N(Z63) of order 126 (2080 vertices) [12.2s]
    pair ord(x)=13 ord(ax)=65: True quotient by N(Z63) of order 126 (2080 vertices) [11.8s]
    pair ord(x)=13 ord(ax)=63: True quotient by N(Z63) of order 126 (2080 vertices) [12.1s]
    pair ord(x)=13 ord(ax)=21: True quotient by N(Z63) of order 126 (2080 vertices) [11.8s]
    pair ord(x)=13 ord(ax)=65: True quotient by N(Z63) of order 126 (2080 vertices) [12.1s]
    pair ord(x)=13 ord(ax)=65: True quotient by N(Z63) of order 126 (2080 vertices) [12.0s]
    pair ord(x)=13 ord(ax)=65: True quotient by N(Z63) of order 126 (2080 vertices) [11.9s]
    pair ord(x)=13 ord(ax)=21: True quotient by N(Z63) of order 126 (2080 vertices) [11.7s]
    pair ord(x)=13 ord(ax)=63: True quotient by N(Z63) of order 126 (2080 vertices) [11.9s]
    pair ord(x)=13 ord(ax)=7: True quotient by N(Z63) of order 126 (2080 vertices) [11.8s]
    pair ord(x)=13 ord(ax)=65: True quotient by N(Z63) of order 126 (2080 vertices) [11.9s]
    pair ord(x)=13 ord(ax)=9: True quotient by N(Z63) of order 126 (2080 vertices) [11.8s]
    pair ord(x)=13 ord(ax)=7: True quotient by N(Z63) of order 126 (2080 vertices) [12.0s]
    pair ord(x)=13 ord(ax)=13: True quotient by N(Z63) of order 126 (2080 vertices) [11.9s]
    pair ord(x)=13 ord(ax)=63: True quotient by N(Z63) of order 126 (2080 vertices) [11.7s]
    pair ord(x)=13 ord(ax)=5: True quotient by N(Z63) of order 126 (2080 vertices) [11.8s]
    pair ord(x)=13 ord(ax)=65: True quotient by N(Z63) of order 126 (2080 vertices) [11.8s]
    pair ord(x)=13 ord(ax)=63: True quotient by N(Z63) of order 126 (2080 vertices) [11.8s]
    pair ord(x)=13 ord(ax)=65: True quotient by N(Z63) of order 126 (2080 vertices) [12.0s]
    pair ord(x)=13 ord(ax)=65: True quotient by N(Z63) of order 126 (2080 vertices) [12.0s]
    pair ord(x)=13 ord(ax)=65: True quotient by N(Z63) of order 126 (2080 vertices) [11.9s]
    pair ord(x)=13 ord(ax)=13: True quotient by N(Z63) of order 126 (2080 vertices) [12.2s]
    pair ord(x)=13 ord(ax)=63: True quotient by N(Z63) of order 126 (2080 vertices) [11.9s]
    pair ord(x)=13 ord(ax)=63: True quotient by N(Z63) of order 126 (2080 vertices) [11.8s]
    pair ord(x)=13 ord(ax)=21: True quotient by N(Z63) of order 126 (2080 vertices) [11.8s]
    pair ord(x)=13 ord(ax)=63: True quotient by N(Z63) of order 126 (2080 vertices) [11.8s]
    pair ord(x)=13 ord(ax)=9: True quotient by N(Z63) of order 126 (2080 vertices) [12.0s]
    pair ord(x)=13 ord(ax)=63: True quotient by N(Z63) of order 126 (2080 vertices) [11.8s]
    pair ord(x)=13 ord(ax)=21: True quotient by N(Z63) of order 126 (2080 vertices) [11.8s]
    pair ord(x)=13 ord(ax)=63: True quotient by N(Z63) of order 126 (2080 vertices) [11.9s]
    pair ord(x)=13 ord(ax)=65: True quotient by N(Z63) of order 126 (2080 vertices) [12.0s]
    pair ord(x)=13 ord(ax)=63: True quotient by N(Z63) of order 126 (2080 vertices) [12.0s]
    pair ord(x)=13 ord(ax)=65: True quotient by N(Z63) of order 126 (2080 vertices) [12.0s]
    pair ord(x)=13 ord(ax)=7: True quotient by N(Z63) of order 126 (2080 vertices) [12.0s]
    pair ord(x)=13 ord(ax)=63: True quotient by N(Z63) of order 126 (2080 vertices) [11.9s]
    pair ord(x)=13 ord(ax)=21: True quotient by N(Z63) of order 126 (2080 vertices) [11.8s]
    pair ord(x)=13 ord(ax)=63: True quotient by N(Z63) of order 126 (2080 vertices) [12.0s]
    pair ord(x)=13 ord(ax)=65: True quotient by N(Z63) of order 126 (2080 vertices) [12.2s]
    pair ord(x)=13 ord(ax)=65: True quotient by N(Z63) of order 126 (2080 vertices) [11.9s]
    pair ord(x)=13 ord(ax)=13: True quotient by N(Z63) of order 126 (2080 vertices) [11.8s]
    pair ord(x)=13 ord(ax)=13: True quotient by N(Z63) of order 126 (2080 vertices) [11.6s]
    pair ord(x)=13 ord(ax)=65: True quotient by N(Z63) of order 126 (2080 vertices) [11.7s]
    pair ord(x)=13 ord(ax)=63: True quotient by N(Z63) of order 126 (2080 vertices) [11.8s]
    pair ord(x)=13 ord(ax)=13: True quotient by N(Z63) of order 126 (2080 vertices) [11.8s]
    pair ord(x)=13 ord(ax)=63: True quotient by N(Z63) of order 126 (2080 vertices) [11.7s]
    pair ord(x)=13 ord(ax)=63: True quotient by N(Z63) of order 126 (2080 vertices) [11.6s]
    pair ord(x)=13 ord(ax)=65: True quotient by N(Z63) of order 126 (2080 vertices) [11.7s]
    pair ord(x)=13 ord(ax)=65: True quotient by N(Z63) of order 126 (2080 vertices) [11.7s]
    pair ord(x)=13 ord(ax)=65: True quotient by N(Z63) of order 126 (2080 vertices) [11.6s]
    pair ord(x)=13 ord(ax)=63: True quotient by N(Z63) of order 126 (2080 vertices) [11.5s]
    pair ord(x)=13 ord(ax)=65: True quotient by N(Z63) of order 126 (2080 vertices) [12.2s]
    pair ord(x)=13 ord(ax)=65: True quotient by N(Z63) of order 126 (2080 vertices) [11.8s]
    pair ord(x)=13 ord(ax)=21: True quotient by N(Z63) of order 126 (2080 vertices) [11.6s]
    pair ord(x)=13 ord(ax)=9: True quotient by N(Z63) of order 126 (2080 vertices) [11.9s]
    pair ord(x)=13 ord(ax)=21: True quotient by N(Z63) of order 126 (2080 vertices) [11.7s]
    pair ord(x)=13 ord(ax)=21: True quotient by N(Z63) of order 126 (2080 vertices) [11.6s]
    pair ord(x)=13 ord(ax)=5: True quotient by N(Z63) of order 126 (2080 vertices) [11.6s]
    pair ord(x)=13 ord(ax)=65: True quotient by N(Z63) of order 126 (2080 vertices) [11.8s]
    pair ord(x)=13 ord(ax)=65: True quotient by N(Z63) of order 126 (2080 vertices) [11.8s]
    pair ord(x)=13 ord(ax)=63: True quotient by N(Z63) of order 126 (2080 vertices) [11.6s]
    pair ord(x)=13 ord(ax)=63: True quotient by N(Z63) of order 126 (2080 vertices) [11.6s]
    pair ord(x)=13 ord(ax)=63: True quotient by N(Z63) of order 126 (2080 vertices) [11.7s]
    pair ord(x)=13 ord(ax)=65: True quotient by N(Z63) of order 126 (2080 vertices) [11.7s]
    pair ord(x)=13 ord(ax)=5: True quotient by N(Z63) of order 126 (2080 vertices) [12.0s]
    pair ord(x)=13 ord(ax)=63: True quotient by N(Z63) of order 126 (2080 vertices) [11.7s]
    pair ord(x)=13 ord(ax)=65: True quotient by N(Z63) of order 126 (2080 vertices) [11.7s]
    pair ord(x)=13 ord(ax)=13: True quotient by N(Z63) of order 126 (2080 vertices) [12.1s]
    pair ord(x)=13 ord(ax)=9: True quotient by N(Z63) of order 126 (2080 vertices) [11.6s]
    pair ord(x)=13 ord(ax)=65: True quotient by N(Z63) of order 126 (2080 vertices) [11.7s]
    pair ord(x)=13 ord(ax)=65: True quotient by N(Z63) of order 126 (2080 vertices) [11.9s]
    pair ord(x)=13 ord(ax)=63: True quotient by N(Z63) of order 126 (2080 vertices) [11.7s]
    pair ord(x)=13 ord(ax)=65: True quotient by N(Z63) of order 126 (2080 vertices) [11.8s]
    pair ord(x)=13 ord(ax)=3: True quotient by N(Z63) of order 126 (2080 vertices) [11.7s]
    pair ord(x)=13 ord(ax)=13: True quotient by N(Z63) of order 126 (2080 vertices) [11.9s]
    pair ord(x)=13 ord(ax)=65: True quotient by N(Z63) of order 126 (2080 vertices) [11.8s]
    pair ord(x)=13 ord(ax)=65: True quotient by N(Z63) of order 126 (2080 vertices) [11.8s]
    pair ord(x)=13 ord(ax)=7: True quotient by N(Z63) of order 126 (2080 vertices) [11.7s]
    pair ord(x)=13 ord(ax)=65: True quotient by N(Z63) of order 126 (2080 vertices) [11.8s]
    pair ord(x)=13 ord(ax)=63: True quotient by N(Z63) of order 126 (2080 vertices) [11.8s]
    pair ord(x)=13 ord(ax)=21: True quotient by N(Z63) of order 126 (2080 vertices) [11.7s]
    pair ord(x)=13 ord(ax)=65: True quotient by N(Z63) of order 126 (2080 vertices) [11.8s]
    pair ord(x)=13 ord(ax)=63: True quotient by N(Z63) of order 126 (2080 vertices) [11.6s]
    pair ord(x)=13 ord(ax)=63: True quotient by N(Z63) of order 126 (2080 vertices) [11.8s]
    pair ord(x)=63 ord(ax)=21: True quotient by N(Z65) of order 130 (2016 vertices) [6.9s]
    pair ord(x)=63 ord(ax)=9: True quotient by N(Z65) of order 130 (2016 vertices) [6.9s]
    pair ord(x)=63 ord(ax)=65: True quotient by N(Z65) of order 130 (2016 vertices) [6.9s]
    pair ord(x)=63 ord(ax)=65: True quotient by N(Z65) of order 130 (2016 vertices) [6.9s]
    pair ord(x)=13 ord(ax)=7: True quotient by N(Z63) of order 126 (2080 vertices) [11.7s]
    pair ord(x)=13 ord(ax)=65: True quotient by N(Z63) of order 126 (2080 vertices) [11.7s]
    pair ord(x)=13 ord(ax)=63: True quotient by N(Z63) of order 126 (2080 vertices) [11.8s]
    pair ord(x)=13 ord(ax)=65: True quotient by N(Z63) of order 126 (2080 vertices) [11.8s]
    pair ord(x)=13 ord(ax)=65: True quotient by N(Z63) of order 126 (2080 vertices) [11.9s]
    pair ord(x)=63 ord(ax)=65: True quotient by N(Z65) of order 130 (2016 vertices) [6.9s]
    pair ord(x)=63 ord(ax)=21: True quotient by N(Z65) of order 130 (2016 vertices) [6.9s]
    pair ord(x)=63 ord(ax)=65: True quotient by N(Z65) of order 130 (2016 vertices) [6.9s]
    pair ord(x)=63 ord(ax)=63: True quotient by N(Z65) of order 130 (2016 vertices) [6.9s]
    pair ord(x)=63 ord(ax)=63: True quotient by N(Z65) of order 130 (2016 vertices) [6.9s]
    pair ord(x)=63 ord(ax)=13: True quotient by N(Z65) of order 130 (2016 vertices) [6.9s]
    pair ord(x)=63 ord(ax)=63: True quotient by N(Z65) of order 130 (2016 vertices) [6.9s]
    pair ord(x)=63 ord(ax)=63: True quotient by N(Z65) of order 130 (2016 vertices) [6.9s]
    pair ord(x)=63 ord(ax)=5: True quotient by N(Z65) of order 130 (2016 vertices) [6.9s]
    pair ord(x)=63 ord(ax)=65: True quotient by N(Z65) of order 130 (2016 vertices) [6.9s]
    pair ord(x)=63 ord(ax)=65: True quotient by N(Z65) of order 130 (2016 vertices) [6.9s]
    pair ord(x)=63 ord(ax)=13: True quotient by N(Z65) of order 130 (2016 vertices) [6.9s]
    pair ord(x)=63 ord(ax)=63: True quotient by N(Z65) of order 130 (2016 vertices) [6.9s]
    pair ord(x)=63 ord(ax)=63: True quotient by N(Z65) of order 130 (2016 vertices) [6.9s]
    pair ord(x)=63 ord(ax)=65: True quotient by N(Z65) of order 130 (2016 vertices) [6.8s]
    pair ord(x)=63 ord(ax)=13: True quotient by N(Z65) of order 130 (2016 vertices) [6.9s]
    pair ord(x)=63 ord(ax)=9: True quotient by N(Z65) of order 130 (2016 vertices) [6.9s]
    pair ord(x)=63 ord(ax)=65: True quotient by N(Z65) of order 130 (2016 vertices) [6.9s]
    pair ord(x)=63 ord(ax)=7: True quotient by N(Z65) of order 130 (2016 vertices) [6.9s]
    pair ord(x)=63 ord(ax)=65: True quotient by N(Z65) of order 130 (2016 vertices) [7.0s]
    pair ord(x)=63 ord(ax)=63: True quotient by N(Z65) of order 130 (2016 vertices) [7.0s]
    pair ord(x)=63 ord(ax)=63: True quotient by N(Z65) of order 130 (2016 vertices) [6.9s]
    pair ord(x)=63 ord(ax)=63: True quotient by N(Z65) of order 130 (2016 vertices) [6.9s]
    pair ord(x)=63 ord(ax)=65: True quotient by N(Z65) of order 130 (2016 vertices) [6.9s]
    pair ord(x)=63 ord(ax)=21: True quotient by N(Z65) of order 130 (2016 vertices) [7.0s]
    pair ord(x)=63 ord(ax)=3: True quotient by N(Z65) of order 130 (2016 vertices) [7.0s]
    pair ord(x)=63 ord(ax)=65: True quotient by N(Z65) of order 130 (2016 vertices) [6.9s]
    pair ord(x)=63 ord(ax)=65: True quotient by N(Z65) of order 130 (2016 vertices) [6.9s]
    pair ord(x)=63 ord(ax)=63: True quotient by N(Z65) of order 130 (2016 vertices) [6.9s]
    pair ord(x)=63 ord(ax)=65: True quotient by N(Z65) of order 130 (2016 vertices) [6.8s]
    pair ord(x)=63 ord(ax)=63: True quotient by N(Z65) of order 130 (2016 vertices) [6.8s]
    pair ord(x)=63 ord(ax)=65: True quotient by N(Z65) of order 130 (2016 vertices) [6.8s]
    pair ord(x)=63 ord(ax)=65: True quotient by N(Z65) of order 130 (2016 vertices) [6.9s]
    pair ord(x)=63 ord(ax)=63: True quotient by N(Z65) of order 130 (2016 vertices) [6.8s]
    pair ord(x)=63 ord(ax)=21: True quotient by N(Z65) of order 130 (2016 vertices) [7.0s]
    pair ord(x)=63 ord(ax)=63: True quotient by N(Z65) of order 130 (2016 vertices) [7.0s]
    pair ord(x)=63 ord(ax)=7: True quotient by N(Z65) of order 130 (2016 vertices) [7.1s]
    pair ord(x)=63 ord(ax)=63: True quotient by N(Z65) of order 130 (2016 vertices) [7.0s]
    pair ord(x)=63 ord(ax)=13: True quotient by N(Z65) of order 130 (2016 vertices) [7.1s]
    pair ord(x)=63 ord(ax)=7: True quotient by N(Z65) of order 130 (2016 vertices) [7.1s]
    pair ord(x)=63 ord(ax)=65: True quotient by N(Z65) of order 130 (2016 vertices) [7.0s]
    pair ord(x)=63 ord(ax)=63: True quotient by N(Z65) of order 130 (2016 vertices) [7.1s]
    pair ord(x)=63 ord(ax)=21: True quotient by N(Z65) of order 130 (2016 vertices) [7.1s]
    pair ord(x)=63 ord(ax)=21: True quotient by N(Z65) of order 130 (2016 vertices) [7.1s]
    pair ord(x)=63 ord(ax)=63: True quotient by N(Z65) of order 130 (2016 vertices) [7.1s]
    pair ord(x)=63 ord(ax)=13: True quotient by N(Z65) of order 130 (2016 vertices) [6.9s]
    pair ord(x)=63 ord(ax)=65: True quotient by N(Z65) of order 130 (2016 vertices) [7.0s]
    pair ord(x)=63 ord(ax)=65: True quotient by N(Z65) of order 130 (2016 vertices) [6.9s]
    pair ord(x)=63 ord(ax)=65: True quotient by N(Z65) of order 130 (2016 vertices) [6.9s]
    pair ord(x)=63 ord(ax)=65: True quotient by N(Z65) of order 130 (2016 vertices) [6.8s]
    pair ord(x)=63 ord(ax)=65: True quotient by N(Z65) of order 130 (2016 vertices) [6.7s]
    pair ord(x)=63 ord(ax)=9: True quotient by N(Z65) of order 130 (2016 vertices) [6.6s]
    pair ord(x)=63 ord(ax)=65: True quotient by N(Z65) of order 130 (2016 vertices) [6.4s]
    pair ord(x)=63 ord(ax)=63: True quotient by N(Z65) of order 130 (2016 vertices) [6.3s]
    pair ord(x)=63 ord(ax)=13: True quotient by N(Z65) of order 130 (2016 vertices) [6.3s]
    pair ord(x)=63 ord(ax)=65: True quotient by N(Z65) of order 130 (2016 vertices) [6.2s]
    pair ord(x)=63 ord(ax)=5: True quotient by N(Z65) of order 130 (2016 vertices) [4.9s]
    pair ord(x)=63 ord(ax)=65: True quotient by N(Z65) of order 130 (2016 vertices) [4.6s]
PSL(2,64)      |G|= 262080  inv.classes=1  pairs= 3858  non-colourable=0  undecided=0  largest quotient solved=4095  [4357.7s]

SUMMARY
PSL(2,64)        262080 classes=1 pairs= 3858 bad=0 undecided=0 maxq=4095
