== PSL(2,83): order 285852 built in 4.9s
  [PSL(2,83)] |G|=285852 degree=84 odd classes=32 involution classes=1 subgroup candidates=20 (largest 3403)  setup 485.3s
  [PSL(2,83)] generating pairs (a,x) up to conjugacy and inversion: 1880  (528.1s)
    pair ord(x)=41 ord(ax)=21: True quotient by N(Z7) of order 84 (3403 vertices) [11.1s]
    pair ord(x)=41 ord(ax)=41: True quotient by N(Z7) of order 84 (3403 vertices) [11.1s]
    pair ord(x)=41 ord(ax)=41: True quotient by N(Z7) of order 84 (3403 vertices) [11.1s]
    pair ord(x)=41 ord(ax)=7: True quotient by N(Z7) of order 84 (3403 vertices) [11.2s]
    pair ord(x)=41 ord(ax)=41: True quotient by N(Z7) of order 84 (3403 vertices) [11.2s]
    pair ord(x)=41 ord(ax)=14: True quotient by N(Z7) of order 84 (3403 vertices) [11.2s]
    pair ord(x)=41 ord(ax)=42: True quotient by N(Z7) of order 84 (3403 vertices) [11.2s]
    pair ord(x)=41 ord(ax)=41: True quotient by N(Z7) of order 84 (3403 vertices) [11.2s]
    pair ord(x)=41 ord(ax)=41: True quotient by N(Z7) of order 84 (3403 vertices) [11.2s]
    pair ord(x)=41 ord(ax)=41: True quotient by N(Z7) of order 84 (3403 vertices) [11.2s]
    pair ord(x)=41 ord(ax)=6: True quotient by N(Z7) of order 84 (3403 vertices) [11.3s]
    pair ord(x)=41 ord(ax)=42: True quotient by N(Z7) of order 84 (3403 vertices) [10.1s]
    pair ord(x)=41 ord(ax)=42: True quotient by N(Z7) of order 84 (3403 vertices) [10.2s]
    pair ord(x)=41 ord(ax)=41: True quotient by N(Z7) of order 84 (3403 vertices) [10.2s]
    pair ord(x)=41 ord(ax)=41: True quotient by N(Z7) of order 84 (3403 vertices) [10.1s]
    pair ord(x)=41 ord(ax)=41: True quotient by N(Z7) of order 84 (3403 vertices) [10.2s]
    pair ord(x)=41 ord(ax)=41: True quotient by N(Z7) of order 84 (3403 vertices) [10.2s]
    pair ord(x)=41 ord(ax)=42: True quotient by N(Z7) of order 84 (3403 vertices) [10.2s]
    pair ord(x)=41 ord(ax)=21: True quotient by N(Z7) of order 84 (3403 vertices) [10.2s]
    pair ord(x)=41 ord(ax)=41: True quotient by N(Z7) of order 84 (3403 vertices) [10.3s]
    pair ord(x)=41 ord(ax)=83: True quotient by N(Z7) of order 84 (3403 vertices) [10.3s]
    pair ord(x)=41 ord(ax)=3: True quotient by N(Z7) of order 84 (3403 vertices) [10.5s]
    pair ord(x)=41 ord(ax)=14: True quotient by N(Z7) of order 84 (3403 vertices) [10.5s]
    pair ord(x)=41 ord(ax)=41: True quotient by N(Z7) of order 84 (3403 vertices) [10.5s]
    pair ord(x)=41 ord(ax)=6: True quotient by N(Z7) of order 84 (3403 vertices) [10.5s]
    pair ord(x)=41 ord(ax)=21: True quotient by N(Z7) of order 84 (3403 vertices) [10.5s]
    pair ord(x)=41 ord(ax)=41: True quotient by N(Z7) of order 84 (3403 vertices) [10.6s]
    pair ord(x)=41 ord(ax)=41: True quotient by N(Z7) of order 84 (3403 vertices) [10.6s]
    pair ord(x)=41 ord(ax)=21: True quotient by N(Z7) of order 84 (3403 vertices) [10.6s]
    pair ord(x)=41 ord(ax)=21: True quotient by N(Z7) of order 84 (3403 vertices) [10.5s]
    pair ord(x)=41 ord(ax)=42: True quotient by N(Z7) of order 84 (3403 vertices) [10.6s]
    pair ord(x)=41 ord(ax)=7: True quotient by N(Z7) of order 84 (3403 vertices) [10.7s]
    pair ord(x)=41 ord(ax)=41: True quotient by N(Z7) of order 84 (3403 vertices) [10.5s]
    pair ord(x)=41 ord(ax)=14: True quotient by N(Z7) of order 84 (3403 vertices) [10.4s]
    pair ord(x)=41 ord(ax)=41: True quotient by N(Z7) of order 84 (3403 vertices) [10.5s]
    pair ord(x)=41 ord(ax)=14: True quotient by N(Z7) of order 84 (3403 vertices) [10.5s]
    pair ord(x)=41 ord(ax)=42: True quotient by N(Z7) of order 84 (3403 vertices) [10.4s]
    pair ord(x)=41 ord(ax)=41: True quotient by N(Z7) of order 84 (3403 vertices) [10.5s]
    pair ord(x)=41 ord(ax)=41: True quotient by N(Z7) of order 84 (3403 vertices) [10.5s]
    pair ord(x)=41 ord(ax)=42: True quotient by N(Z7) of order 84 (3403 vertices) [10.5s]
    pair ord(x)=41 ord(ax)=21: True quotient by N(Z7) of order 84 (3403 vertices) [10.4s]
    pair ord(x)=41 ord(ax)=41: True quotient by N(Z7) of order 84 (3403 vertices) [10.5s]
    pair ord(x)=41 ord(ax)=41: True quotient by N(Z7) of order 84 (3403 vertices) [10.5s]
    pair ord(x)=41 ord(ax)=41: True quotient by N(Z7) of order 84 (3403 vertices) [10.4s]
    pair ord(x)=41 ord(ax)=41: True quotient by N(Z7) of order 84 (3403 vertices) [10.5s]
    pair ord(x)=41 ord(ax)=41: True quotient by N(Z7) of order 84 (3403 vertices) [10.5s]
    pair ord(x)=41 ord(ax)=41: True quotient by N(Z7) of order 84 (3403 vertices) [10.6s]
    pair ord(x)=41 ord(ax)=42: True quotient by N(Z7) of order 84 (3403 vertices) [10.5s]
    pair ord(x)=41 ord(ax)=21: True quotient by N(Z7) of order 84 (3403 vertices) [10.6s]
    pair ord(x)=41 ord(ax)=42: True quotient by N(Z7) of order 84 (3403 vertices) [10.6s]
    pair ord(x)=41 ord(ax)=41: True quotient by N(Z7) of order 84 (3403 vertices) [10.6s]
    pair ord(x)=41 ord(ax)=7: True quotient by N(Z7) of order 84 (3403 vertices) [10.5s]
    pair ord(x)=41 ord(ax)=41: True quotient by N(Z7) of order 84 (3403 vertices) [10.5s]
    pair ord(x)=41 ord(ax)=7: True quotient by N(Z7) of order 84 (3403 vertices) [10.5s]
    pair ord(x)=41 ord(ax)=41: True quotient by N(Z7) of order 84 (3403 vertices) [10.6s]
    pair ord(x)=41 ord(ax)=41: True quotient by N(Z7) of order 84 (3403 vertices) [10.7s]
    pair ord(x)=41 ord(ax)=21: True quotient by N(Z7) of order 84 (3403 vertices) [10.7s]
    pair ord(x)=41 ord(ax)=7: True quotient by N(Z7) of order 84 (3403 vertices) [10.7s]
    pair ord(x)=41 ord(ax)=41: True quotient by N(Z7) of order 84 (3403 vertices) [10.7s]
    pair ord(x)=41 ord(ax)=41: True quotient by N(Z7) of order 84 (3403 vertices) [10.8s]
    pair ord(x)=41 ord(ax)=41: True quotient by N(Z7) of order 84 (3403 vertices) [10.8s]
    pair ord(x)=41 ord(ax)=21: True quotient by N(Z7) of order 84 (3403 vertices) [10.8s]
    pair ord(x)=41 ord(ax)=7: True quotient by N(Z7) of order 84 (3403 vertices) [10.8s]
    pair ord(x)=41 ord(ax)=42: True quotient by N(Z7) of order 84 (3403 vertices) [10.8s]
    pair ord(x)=41 ord(ax)=41: True quotient by N(Z7) of order 84 (3403 vertices) [10.8s]
    pair ord(x)=41 ord(ax)=21: True quotient by N(Z7) of order 84 (3403 vertices) [10.8s]
    pair ord(x)=41 ord(ax)=42: True quotient by N(Z7) of order 84 (3403 vertices) [10.3s]
    pair ord(x)=41 ord(ax)=42: True quotient by N(Z7) of order 84 (3403 vertices) [10.3s]
    pair ord(x)=41 ord(ax)=41: True quotient by N(Z7) of order 84 (3403 vertices) [10.2s]
    pair ord(x)=41 ord(ax)=7: True quotient by N(Z7) of order 84 (3403 vertices) [10.4s]
    pair ord(x)=41 ord(ax)=41: True quotient by N(Z7) of order 84 (3403 vertices) [10.3s]
    pair ord(x)=41 ord(ax)=41: True quotient by N(Z7) of order 84 (3403 vertices) [10.3s]
    pair ord(x)=41 ord(ax)=14: True quotient by N(Z7) of order 84 (3403 vertices) [10.3s]
    pair ord(x)=41 ord(ax)=41: True quotient by N(Z7) of order 84 (3403 vertices) [10.3s]
    pair ord(x)=41 ord(ax)=21: True quotient by N(Z7) of order 84 (3403 vertices) [10.3s]
    pair ord(x)=41 ord(ax)=41: True quotient by N(Z7) of order 84 (3403 vertices) [10.3s]
    pair ord(x)=41 ord(ax)=6: True quotient by N(Z7) of order 84 (3403 vertices) [10.3s]
    pair ord(x)=41 ord(ax)=42: True quotient by N(Z7) of order 84 (3403 vertices) [9.9s]
    pair ord(x)=41 ord(ax)=41: True quotient by N(Z7) of order 84 (3403 vertices) [9.9s]
    pair ord(x)=41 ord(ax)=7: True quotient by N(Z7) of order 84 (3403 vertices) [9.9s]
    pair ord(x)=41 ord(ax)=42: True quotient by N(Z7) of order 84 (3403 vertices) [10.0s]
    pair ord(x)=41 ord(ax)=41: True quotient by N(Z7) of order 84 (3403 vertices) [10.0s]
    pair ord(x)=41 ord(ax)=41: True quotient by N(Z7) of order 84 (3403 vertices) [9.9s]
    pair ord(x)=41 ord(ax)=14: True quotient by N(Z7) of order 84 (3403 vertices) [9.9s]
    pair ord(x)=41 ord(ax)=21: True quotient by N(Z7) of order 84 (3403 vertices) [10.0s]
    pair ord(x)=41 ord(ax)=41: True quotient by N(Z7) of order 84 (3403 vertices) [9.9s]
    pair ord(x)=41 ord(ax)=41: True quotient by N(Z7) of order 84 (3403 vertices) [10.0s]
    pair ord(x)=41 ord(ax)=6: True quotient by N(Z7) of order 84 (3403 vertices) [10.0s]
    pair ord(x)=41 ord(ax)=41: True quotient by N(Z7) of order 84 (3403 vertices) [9.7s]
    pair ord(x)=41 ord(ax)=42: True quotient by N(Z7) of order 84 (3403 vertices) [9.7s]
    pair ord(x)=41 ord(ax)=41: True quotient by N(Z7) of order 84 (3403 vertices) [9.7s]
    pair ord(x)=41 ord(ax)=41: True quotient by N(Z7) of order 84 (3403 vertices) [9.7s]
    pair ord(x)=41 ord(ax)=41: True quotient by N(Z7) of order 84 (3403 vertices) [9.7s]
    pair ord(x)=41 ord(ax)=14: True quotient by N(Z7) of order 84 (3403 vertices) [9.7s]
    pair ord(x)=41 ord(ax)=41: True quotient by N(Z7) of order 84 (3403 vertices) [9.7s]
    pair ord(x)=41 ord(ax)=41: True quotient by N(Z7) of order 84 (3403 vertices) [9.7s]
    pair ord(x)=41 ord(ax)=41: True quotient by N(Z7) of order 84 (3403 vertices) [9.7s]
    pair ord(x)=41 ord(ax)=3: True quotient by N(Z7) of order 84 (3403 vertices) [9.9s]
    pair ord(x)=41 ord(ax)=3: True quotient by N(Z7) of order 84 (3403 vertices) [9.7s]
    pair ord(x)=41 ord(ax)=41: True quotient by N(Z7) of order 84 (3403 vertices) [9.9s]
    pair ord(x)=41 ord(ax)=41: True quotient by N(Z7) of order 84 (3403 vertices) [10.0s]
    pair ord(x)=41 ord(ax)=41: True quotient by N(Z7) of order 84 (3403 vertices) [10.0s]
    pair ord(x)=41 ord(ax)=7: True quotient by N(Z7) of order 84 (3403 vertices) [9.9s]
    pair ord(x)=41 ord(ax)=41: True quotient by N(Z7) of order 84 (3403 vertices) [9.9s]
    pair ord(x)=41 ord(ax)=41: True quotient by N(Z7) of order 84 (3403 vertices) [9.9s]
    pair ord(x)=41 ord(ax)=41: True quotient by N(Z7) of order 84 (3403 vertices) [10.0s]
    pair ord(x)=41 ord(ax)=42: True quotient by N(Z7) of order 84 (3403 vertices) [9.9s]
    pair ord(x)=41 ord(ax)=42: True quotient by N(Z7) of order 84 (3403 vertices) [10.0s]
    pair ord(x)=41 ord(ax)=41: True quotient by N(Z7) of order 84 (3403 vertices) [10.0s]
    pair ord(x)=41 ord(ax)=14: True quotient by N(Z7) of order 84 (3403 vertices) [9.9s]
    pair ord(x)=41 ord(ax)=41: True quotient by N(Z7) of order 84 (3403 vertices) [9.8s]
    pair ord(x)=41 ord(ax)=83: True quotient by N(Z7) of order 84 (3403 vertices) [9.8s]
    pair ord(x)=41 ord(ax)=21: True quotient by N(Z7) of order 84 (3403 vertices) [9.9s]
    pair ord(x)=41 ord(ax)=21: True quotient by N(Z7) of order 84 (3403 vertices) [9.8s]
    pair ord(x)=41 ord(ax)=41: True quotient by N(Z7) of order 84 (3403 vertices) [9.8s]
    pair ord(x)=41 ord(ax)=41: True quotient by N(Z7) of order 84 (3403 vertices) [9.9s]
    pair ord(x)=41 ord(ax)=21: True quotient by N(Z7) of order 84 (3403 vertices) [9.8s]
    pair ord(x)=41 ord(ax)=41: True quotient by N(Z7) of order 84 (3403 vertices) [9.8s]
    pair ord(x)=41 ord(ax)=41: True quotient by N(Z7) of order 84 (3403 vertices) [9.9s]
    pair ord(x)=41 ord(ax)=41: True quotient by N(Z7) of order 84 (3403 vertices) [9.9s]
    pair ord(x)=41 ord(ax)=21: True quotient by N(Z7) of order 84 (3403 vertices) [9.9s]
    pair ord(x)=41 ord(ax)=21: True quotient by N(Z7) of order 84 (3403 vertices) [9.6s]
    pair ord(x)=41 ord(ax)=41: True quotient by N(Z7) of order 84 (3403 vertices) [9.7s]
    pair ord(x)=41 ord(ax)=7: True quotient by N(Z7) of order 84 (3403 vertices) [9.8s]
    pair ord(x)=41 ord(ax)=7: True quotient by N(Z7) of order 84 (3403 vertices) [9.8s]
    pair ord(x)=41 ord(ax)=41: True quotient by N(Z7) of order 84 (3403 vertices) [9.7s]
    pair ord(x)=41 ord(ax)=41: True quotient by N(Z7) of order 84 (3403 vertices) [9.7s]
    pair ord(x)=41 ord(ax)=14: True quotient by N(Z7) of order 84 (3403 vertices) [9.7s]
    pair ord(x)=41 ord(ax)=42: True quotient by N(Z7) of order 84 (3403 vertices) [9.8s]
    pair ord(x)=41 ord(ax)=42: True quotient by N(Z7) of order 84 (3403 vertices) [9.8s]
    pair ord(x)=41 ord(ax)=21: True quotient by N(Z7) of order 84 (3403 vertices) [9.8s]
    pair ord(x)=41 ord(ax)=42: True quotient by N(Z7) of order 84 (3403 vertices) [9.8s]
    pair ord(x)=41 ord(ax)=41: True quotient by N(Z7) of order 84 (3403 vertices) [9.7s]
    pair ord(x)=41 ord(ax)=41: True quotient by N(Z7) of order 84 (3403 vertices) [9.7s]
    pair ord(x)=41 ord(ax)=7: True quotient by N(Z7) of order 84 (3403 vertices) [9.7s]
    pair ord(x)=41 ord(ax)=42: True quotient by N(Z7) of order 84 (3403 vertices) [9.7s]
    pair ord(x)=41 ord(ax)=41: True quotient by N(Z7) of order 84 (3403 vertices) [9.8s]
    pair ord(x)=41 ord(ax)=7: True quotient by N(Z7) of order 84 (3403 vertices) [9.7s]
    pair ord(x)=41 ord(ax)=7: True quotient by N(Z7) of order 84 (3403 vertices) [9.8s]
    pair ord(x)=41 ord(ax)=41: True quotient by N(Z7) of order 84 (3403 vertices) [9.8s]
    pair ord(x)=41 ord(ax)=41: True quotient by N(Z7) of order 84 (3403 vertices) [9.7s]
    pair ord(x)=41 ord(ax)=41: True quotient by N(Z7) of order 84 (3403 vertices) [9.7s]
    pair ord(x)=41 ord(ax)=41: True quotient by N(Z7) of order 84 (3403 vertices) [9.7s]
    pair ord(x)=41 ord(ax)=21: True quotient by N(Z7) of order 84 (3403 vertices) [9.8s]
    pair ord(x)=41 ord(ax)=42: True quotient by N(Z7) of order 84 (3403 vertices) [9.9s]
    pair ord(x)=41 ord(ax)=41: True quotient by N(Z7) of order 84 (3403 vertices) [9.9s]
    pair ord(x)=41 ord(ax)=41: True quotient by N(Z7) of order 84 (3403 vertices) [9.9s]
    pair ord(x)=41 ord(ax)=6: True quotient by N(Z7) of order 84 (3403 vertices) [9.8s]
    pair ord(x)=41 ord(ax)=21: True quotient by N(Z7) of order 84 (3403 vertices) [9.9s]
    pair ord(x)=41 ord(ax)=41: True quotient by N(Z7) of order 84 (3403 vertices) [9.8s]
    pair ord(x)=41 ord(ax)=41: True quotient by N(Z7) of order 84 (3403 vertices) [9.9s]
    pair ord(x)=41 ord(ax)=41: True quotient by N(Z7) of order 84 (3403 vertices) [9.9s]
    pair ord(x)=41 ord(ax)=41: True quotient by N(Z7) of order 84 (3403 vertices) [9.9s]
    pair ord(x)=41 ord(ax)=41: True quotient by N(Z7) of order 84 (3403 vertices) [10.0s]
    pair ord(x)=41 ord(ax)=41: True quotient by N(Z7) of order 84 (3403 vertices) [10.0s]
    pair ord(x)=41 ord(ax)=42: True quotient by N(Z7) of order 84 (3403 vertices) [10.0s]
    pair ord(x)=41 ord(ax)=6: True quotient by N(Z7) of order 84 (3403 vertices) [10.0s]
    pair ord(x)=41 ord(ax)=42: True quotient by N(Z7) of order 84 (3403 vertices) [10.0s]
    pair ord(x)=41 ord(ax)=21: True quotient by N(Z7) of order 84 (3403 vertices) [10.0s]
    pair ord(x)=41 ord(ax)=21: True quotient by N(Z7) of order 84 (3403 vertices) [10.0s]
    pair ord(x)=41 ord(ax)=41: True quotient by N(Z7) of order 84 (3403 vertices) [10.0s]
    pair ord(x)=41 ord(ax)=41: True quotient by N(Z7) of order 84 (3403 vertices) [10.0s]
    pair ord(x)=41 ord(ax)=83: True quotient by N(Z7) of order 84 (3403 vertices) [10.1s]
    pair ord(x)=41 ord(ax)=42: True quotient by N(Z7) of order 84 (3403 vertices) [10.1s]
    pair ord(x)=41 ord(ax)=41: True quotient by N(Z7) of order 84 (3403 vertices) [10.0s]
    pair ord(x)=41 ord(ax)=41: True quotient by N(Z7) of order 84 (3403 vertices) [9.7s]
    pair ord(x)=41 ord(ax)=41: True quotient by N(Z7) of order 84 (3403 vertices) [9.7s]
    pair ord(x)=41 ord(ax)=41: True quotient by N(Z7) of order 84 (3403 vertices) [9.7s]
    pair ord(x)=41 ord(ax)=41: True quotient by N(Z7) of order 84 (3403 vertices) [9.6s]
    pair ord(x)=41 ord(ax)=42: True quotient by N(Z7) of order 84 (3403 vertices) [9.7s]
    pair ord(x)=41 ord(ax)=41: True quotient by N(Z7) of order 84 (3403 vertices) [9.7s]
    pair ord(x)=41 ord(ax)=42: True quotient by N(Z7) of order 84 (3403 vertices) [9.8s]
    pair ord(x)=41 ord(ax)=41: True quotient by N(Z7) of order 84 (3403 vertices) [9.7s]
    pair ord(x)=41 ord(ax)=41: True quotient by N(Z7) of order 84 (3403 vertices) [9.8s]
    pair ord(x)=41 ord(ax)=41: True quotient by N(Z7) of order 84 (3403 vertices) [9.8s]
    pair ord(x)=41 ord(ax)=14: True quotient by N(Z7) of order 84 (3403 vertices) [9.8s]
    pair ord(x)=41 ord(ax)=21: True quotient by N(Z7) of order 84 (3403 vertices) [9.6s]
    pair ord(x)=41 ord(ax)=21: True quotient by N(Z7) of order 84 (3403 vertices) [9.7s]
    pair ord(x)=41 ord(ax)=3: True quotient by N(Z7) of order 84 (3403 vertices) [9.8s]
    pair ord(x)=41 ord(ax)=14: True quotient by N(Z7) of order 84 (3403 vertices) [9.7s]
    pair ord(x)=41 ord(ax)=42: True quotient by N(Z7) of order 84 (3403 vertices) [9.7s]
    pair ord(x)=41 ord(ax)=41: True quotient by N(Z7) of order 84 (3403 vertices) [9.7s]
    pair ord(x)=41 ord(ax)=41: True quotient by N(Z7) of order 84 (3403 vertices) [9.7s]
    pair ord(x)=41 ord(ax)=21: True quotient by N(Z7) of order 84 (3403 vertices) [9.7s]
    pair ord(x)=41 ord(ax)=41: True quotient by N(Z7) of order 84 (3403 vertices) [9.8s]
    pair ord(x)=41 ord(ax)=41: True quotient by N(Z7) of order 84 (3403 vertices) [9.8s]
    pair ord(x)=41 ord(ax)=41: True quotient by N(Z7) of order 84 (3403 vertices) [9.8s]
    pair ord(x)=41 ord(ax)=41: True quotient by N(Z7) of order 84 (3403 vertices) [9.7s]
    pair ord(x)=41 ord(ax)=42: True quotient by N(Z7) of order 84 (3403 vertices) [9.7s]
    pair ord(x)=41 ord(ax)=41: True quotient by N(Z7) of order 84 (3403 vertices) [9.7s]
    pair ord(x)=41 ord(ax)=7: True quotient by N(Z7) of order 84 (3403 vertices) [9.8s]
    pair ord(x)=41 ord(ax)=21: True quotient by N(Z7) of order 84 (3403 vertices) [9.8s]
    pair ord(x)=41 ord(ax)=41: True quotient by N(Z7) of order 84 (3403 vertices) [9.7s]
    pair ord(x)=41 ord(ax)=41: True quotient by N(Z7) of order 84 (3403 vertices) [9.7s]
    pair ord(x)=41 ord(ax)=14: True quotient by N(Z7) of order 84 (3403 vertices) [9.7s]
    pair ord(x)=41 ord(ax)=41: True quotient by N(Z7) of order 84 (3403 vertices) [9.7s]
    pair ord(x)=41 ord(ax)=41: True quotient by N(Z7) of order 84 (3403 vertices) [9.7s]
    pair ord(x)=41 ord(ax)=3: True quotient by N(Z7) of order 84 (3403 vertices) [9.8s]
    pair ord(x)=41 ord(ax)=7: True quotient by N(Z7) of order 84 (3403 vertices) [9.8s]
    pair ord(x)=41 ord(ax)=21: True quotient by N(Z7) of order 84 (3403 vertices) [9.9s]
    pair ord(x)=41 ord(ax)=42: True quotient by N(Z7) of order 84 (3403 vertices) [9.8s]
    pair ord(x)=41 ord(ax)=42: True quotient by N(Z7) of order 84 (3403 vertices) [9.9s]
    pair ord(x)=41 ord(ax)=6: True quotient by N(Z7) of order 84 (3403 vertices) [9.9s]
    pair ord(x)=41 ord(ax)=21: True quotient by N(Z7) of order 84 (3403 vertices) [9.9s]
    pair ord(x)=41 ord(ax)=42: True quotient by N(Z7) of order 84 (3403 vertices) [9.9s]
    pair ord(x)=41 ord(ax)=21: True quotient by N(Z7) of order 84 (3403 vertices) [9.9s]
    pair ord(x)=41 ord(ax)=41: True quotient by N(Z7) of order 84 (3403 vertices) [9.9s]
    pair ord(x)=41 ord(ax)=7: True quotient by N(Z7) of order 84 (3403 vertices) [9.8s]
    pair ord(x)=41 ord(ax)=21: True quotient by N(Z7) of order 84 (3403 vertices) [9.9s]
    pair ord(x)=41 ord(ax)=41: True quotient by N(Z7) of order 84 (3403 vertices) [9.6s]
    pair ord(x)=41 ord(ax)=42: True quotient by N(Z7) of order 84 (3403 vertices) [9.6s]
    pair ord(x)=41 ord(ax)=41: True quotient by N(Z7) of order 84 (3403 vertices) [9.6s]
    pair ord(x)=41 ord(ax)=41: True quotient by N(Z7) of order 84 (3403 vertices) [9.6s]
    pair ord(x)=41 ord(ax)=42: True quotient by N(Z7) of order 84 (3403 vertices) [9.7s]
    pair ord(x)=41 ord(ax)=41: True quotient by N(Z7) of order 84 (3403 vertices) [9.7s]
    pair ord(x)=41 ord(ax)=41: True quotient by N(Z7) of order 84 (3403 vertices) [9.7s]
    pair ord(x)=41 ord(ax)=42: True quotient by N(Z7) of order 84 (3403 vertices) [9.7s]
    pair ord(x)=41 ord(ax)=14: True quotient by N(Z7) of order 84 (3403 vertices) [9.7s]
    pair ord(x)=41 ord(ax)=41: True quotient by N(Z7) of order 84 (3403 vertices) [9.7s]
    pair ord(x)=41 ord(ax)=41: True quotient by N(Z7) of order 84 (3403 vertices) [9.8s]
    pair ord(x)=41 ord(ax)=41: True quotient by N(Z7) of order 84 (3403 vertices) [9.6s]
    pair ord(x)=41 ord(ax)=42: True quotient by N(Z7) of order 84 (3403 vertices) [9.6s]
    pair ord(x)=41 ord(ax)=14: True quotient by N(Z7) of order 84 (3403 vertices) [9.6s]
    pair ord(x)=41 ord(ax)=83: True quotient by N(Z7) of order 84 (3403 vertices) [9.7s]
    pair ord(x)=41 ord(ax)=41: True quotient by N(Z7) of order 84 (3403 vertices) [9.6s]
    pair ord(x)=41 ord(ax)=41: True quotient by N(Z7) of order 84 (3403 vertices) [9.6s]
    pair ord(x)=41 ord(ax)=21: True quotient by N(Z7) of order 84 (3403 vertices) [9.6s]
    pair ord(x)=41 ord(ax)=41: True quotient by N(Z7) of order 84 (3403 vertices) [9.7s]
    pair ord(x)=41 ord(ax)=42: True quotient by N(Z7) of order 84 (3403 vertices) [9.6s]
    pair ord(x)=41 ord(ax)=6: True quotient by N(Z7) of order 84 (3403 vertices) [9.7s]
    pair ord(x)=41 ord(ax)=41: True quotient by N(Z7) of order 84 (3403 vertices) [9.7s]
    pair ord(x)=41 ord(ax)=14: True quotient by N(Z7) of order 84 (3403 vertices) [9.9s]
    pair ord(x)=41 ord(ax)=41: True quotient by N(Z7) of order 84 (3403 vertices) [9.9s]
    pair ord(x)=41 ord(ax)=41: True quotient by N(Z7) of order 84 (3403 vertices) [9.9s]
    pair ord(x)=41 ord(ax)=41: True quotient by N(Z7) of order 84 (3403 vertices) [9.9s]
    pair ord(x)=41 ord(ax)=41: True quotient by N(Z7) of order 84 (3403 vertices) [9.9s]
    pair ord(x)=41 ord(ax)=41: True quotient by N(Z7) of order 84 (3403 vertices) [9.9s]
    pair ord(x)=41 ord(ax)=41: True quotient by N(Z7) of order 84 (3403 vertices) [9.9s]
    pair ord(x)=41 ord(ax)=41: True quotient by N(Z7) of order 84 (3403 vertices) [10.0s]
    pair ord(x)=41 ord(ax)=21: True quotient by N(Z7) of order 84 (3403 vertices) [9.9s]
    pair ord(x)=41 ord(ax)=41: True quotient by N(Z7) of order 84 (3403 vertices) [10.0s]
    pair ord(x)=41 ord(ax)=41: True quotient by N(Z7) of order 84 (3403 vertices) [10.0s]
    pair ord(x)=41 ord(ax)=7: True quotient by N(Z7) of order 84 (3403 vertices) [9.6s]
    pair ord(x)=41 ord(ax)=21: True quotient by N(Z7) of order 84 (3403 vertices) [9.7s]
    pair ord(x)=41 ord(ax)=41: True quotient by N(Z7) of order 84 (3403 vertices) [9.7s]
    pair ord(x)=7 ord(ax)=83: True quotient by N(Z83) of order 3403 (84 vertices) [9.3s]
    pair ord(x)=41 ord(ax)=41: True quotient by N(Z7) of order 84 (3403 vertices) [9.7s]
    pair ord(x)=7 ord(ax)=14: True quotient by N(Z83) of order 3403 (84 vertices) [9.2s]
    pair ord(x)=7 ord(ax)=41: True quotient by N(Z83) of order 3403 (84 vertices) [9.3s]
    pair ord(x)=41 ord(ax)=21: True quotient by N(Z7) of order 84 (3403 vertices) [9.7s]
    pair ord(x)=7 ord(ax)=41: True quotient by N(Z83) of order 3403 (84 vertices) [9.3s]
    pair ord(x)=7 ord(ax)=42: True quotient by N(Z83) of order 3403 (84 vertices) [9.3s]
    pair ord(x)=41 ord(ax)=42: True quotient by N(Z7) of order 84 (3403 vertices) [9.8s]
    pair ord(x)=7 ord(ax)=41: True quotient by N(Z83) of order 3403 (84 vertices) [9.1s]
    pair ord(x)=7 ord(ax)=21: True quotient by N(Z83) of order 3403 (84 vertices) [9.1s]
    pair ord(x)=7 ord(ax)=41: True quotient by N(Z83) of order 3403 (84 vertices) [9.2s]
    pair ord(x)=7 ord(ax)=41: True quotient by N(Z83) of order 3403 (84 vertices) [9.2s]
    pair ord(x)=7 ord(ax)=3: True quotient by N(Z83) of order 3403 (84 vertices) [9.2s]
    pair ord(x)=7 ord(ax)=21: True quotient by N(Z83) of order 3403 (84 vertices) [9.2s]
    pair ord(x)=7 ord(ax)=7: True quotient by N(Z83) of order 3403 (84 vertices) [9.2s]
    pair ord(x)=7 ord(ax)=41: True quotient by N(Z83) of order 3403 (84 vertices) [9.2s]
    pair ord(x)=7 ord(ax)=41: True quotient by N(Z83) of order 3403 (84 vertices) [9.2s]
    pair ord(x)=7 ord(ax)=41: True quotient by N(Z83) of order 3403 (84 vertices) [9.1s]
    pair ord(x)=7 ord(ax)=41: True quotient by N(Z83) of order 3403 (84 vertices) [9.2s]
    pair ord(x)=7 ord(ax)=21: True quotient by N(Z83) of order 3403 (84 vertices) [9.2s]
    pair ord(x)=7 ord(ax)=41: True quotient by N(Z83) of order 3403 (84 vertices) [9.2s]
    pair ord(x)=7 ord(ax)=41: True quotient by N(Z83) of order 3403 (84 vertices) [9.2s]
    pair ord(x)=7 ord(ax)=42: True quotient by N(Z83) of order 3403 (84 vertices) [9.2s]
    pair ord(x)=7 ord(ax)=41: True quotient by N(Z83) of order 3403 (84 vertices) [9.2s]
    pair ord(x)=7 ord(ax)=14: True quotient by N(Z83) of order 3403 (84 vertices) [9.2s]
    pair ord(x)=7 ord(ax)=41: True quotient by N(Z83) of order 3403 (84 vertices) [9.2s]
    pair ord(x)=7 ord(ax)=41: True quotient by N(Z83) of order 3403 (84 vertices) [9.2s]
    pair ord(x)=7 ord(ax)=41: True quotient by N(Z83) of order 3403 (84 vertices) [9.2s]
    pair ord(x)=7 ord(ax)=41: True quotient by N(Z83) of order 3403 (84 vertices) [9.2s]
    pair ord(x)=7 ord(ax)=21: True quotient by N(Z83) of order 3403 (84 vertices) [9.2s]
    pair ord(x)=7 ord(ax)=7: True quotient by N(Z83) of order 3403 (84 vertices) [9.2s]
    pair ord(x)=7 ord(ax)=41: True quotient by N(Z83) of order 3403 (84 vertices) [9.2s]
    pair ord(x)=7 ord(ax)=41: True quotient by N(Z83) of order 3403 (84 vertices) [9.3s]
    pair ord(x)=7 ord(ax)=41: True quotient by N(Z83) of order 3403 (84 vertices) [9.3s]
    pair ord(x)=7 ord(ax)=41: True quotient by N(Z83) of order 3403 (84 vertices) [9.3s]
    pair ord(x)=7 ord(ax)=21: True quotient by N(Z83) of order 3403 (84 vertices) [9.3s]
    pair ord(x)=7 ord(ax)=41: True quotient by N(Z83) of order 3403 (84 vertices) [9.3s]
    pair ord(x)=7 ord(ax)=41: True quotient by N(Z83) of order 3403 (84 vertices) [9.3s]
    pair ord(x)=7 ord(ax)=41: True quotient by N(Z83) of order 3403 (84 vertices) [9.3s]
    pair ord(x)=7 ord(ax)=41: True quotient by N(Z83) of order 3403 (84 vertices) [9.3s]
    pair ord(x)=7 ord(ax)=41: True quotient by N(Z83) of order 3403 (84 vertices) [9.3s]
    pair ord(x)=7 ord(ax)=21: True quotient by N(Z83) of order 3403 (84 vertices) [9.2s]
    pair ord(x)=7 ord(ax)=42: True quotient by N(Z83) of order 3403 (84 vertices) [9.2s]
    pair ord(x)=7 ord(ax)=41: True quotient by N(Z83) of order 3403 (84 vertices) [9.2s]
    pair ord(x)=7 ord(ax)=42: True quotient by N(Z83) of order 3403 (84 vertices) [9.2s]
    pair ord(x)=7 ord(ax)=41: True quotient by N(Z83) of order 3403 (84 vertices) [9.2s]
    pair ord(x)=7 ord(ax)=42: True quotient by N(Z83) of order 3403 (84 vertices) [9.3s]
    pair ord(x)=7 ord(ax)=7: True quotient by N(Z83) of order 3403 (84 vertices) [9.2s]
    pair ord(x)=7 ord(ax)=6: True quotient by N(Z83) of order 3403 (84 vertices) [9.2s]
    pair ord(x)=7 ord(ax)=41: True quotient by N(Z83) of order 3403 (84 vertices) [9.2s]
    pair ord(x)=7 ord(ax)=21: True quotient by N(Z83) of order 3403 (84 vertices) [9.3s]
    pair ord(x)=7 ord(ax)=42: True quotient by N(Z83) of order 3403 (84 vertices) [9.3s]
    pair ord(x)=7 ord(ax)=21: True quotient by N(Z83) of order 3403 (84 vertices) [9.1s]
    pair ord(x)=7 ord(ax)=21: True quotient by N(Z83) of order 3403 (84 vertices) [9.2s]
    pair ord(x)=7 ord(ax)=42: True quotient by N(Z83) of order 3403 (84 vertices) [9.2s]
    pair ord(x)=7 ord(ax)=41: True quotient by N(Z83) of order 3403 (84 vertices) [9.2s]
    pair ord(x)=7 ord(ax)=14: True quotient by N(Z83) of order 3403 (84 vertices) [9.2s]
    pair ord(x)=7 ord(ax)=41: True quotient by N(Z83) of order 3403 (84 vertices) [9.2s]
    pair ord(x)=7 ord(ax)=41: True quotient by N(Z83) of order 3403 (84 vertices) [9.2s]
    pair ord(x)=7 ord(ax)=3: True quotient by N(Z83) of order 3403 (84 vertices) [9.2s]
    pair ord(x)=7 ord(ax)=41: True quotient by N(Z83) of order 3403 (84 vertices) [9.1s]
    pair ord(x)=7 ord(ax)=42: True quotient by N(Z83) of order 3403 (84 vertices) [9.2s]
    pair ord(x)=7 ord(ax)=7: True quotient by N(Z83) of order 3403 (84 vertices) [9.1s]
    pair ord(x)=41 ord(ax)=42: True quotient by N(Z7) of order 84 (3403 vertices) [9.7s]
    pair ord(x)=41 ord(ax)=21: True quotient by N(Z7) of order 84 (3403 vertices) [9.7s]
    pair ord(x)=41 ord(ax)=41: True quotient by N(Z7) of order 84 (3403 vertices) [9.7s]
    pair ord(x)=41 ord(ax)=41: True quotient by N(Z7) of order 84 (3403 vertices) [9.7s]
    pair ord(x)=41 ord(ax)=21: True quotient by N(Z7) of order 84 (3403 vertices) [9.7s]
    pair ord(x)=41 ord(ax)=42: True quotient by N(Z7) of order 84 (3403 vertices) [9.7s]
    pair ord(x)=41 ord(ax)=3: True quotient by N(Z7) of order 84 (3403 vertices) [9.7s]
    pair ord(x)=41 ord(ax)=41: True quotient by N(Z7) of order 84 (3403 vertices) [9.6s]
    pair ord(x)=41 ord(ax)=41: True quotient by N(Z7) of order 84 (3403 vertices) [9.7s]
    pair ord(x)=41 ord(ax)=41: True quotient by N(Z7) of order 84 (3403 vertices) [9.7s]
    pair ord(x)=41 ord(ax)=42: True quotient by N(Z7) of order 84 (3403 vertices) [9.7s]
    pair ord(x)=41 ord(ax)=7: True quotient by N(Z7) of order 84 (3403 vertices) [9.7s]
    pair ord(x)=41 ord(ax)=14: True quotient by N(Z7) of order 84 (3403 vertices) [9.8s]
    pair ord(x)=41 ord(ax)=41: True quotient by N(Z7) of order 84 (3403 vertices) [9.8s]
    pair ord(x)=41 ord(ax)=21: True quotient by N(Z7) of order 84 (3403 vertices) [9.8s]
    pair ord(x)=41 ord(ax)=41: True quotient by N(Z7) of order 84 (3403 vertices) [9.8s]
    pair ord(x)=41 ord(ax)=21: True quotient by N(Z7) of order 84 (3403 vertices) [9.9s]
    pair ord(x)=41 ord(ax)=42: True quotient by N(Z7) of order 84 (3403 vertices) [9.8s]
    pair ord(x)=41 ord(ax)=7: True quotient by N(Z7) of order 84 (3403 vertices) [9.9s]
    pair ord(x)=41 ord(ax)=41: True quotient by N(Z7) of order 84 (3403 vertices) [9.9s]
    pair ord(x)=41 ord(ax)=21: True quotient by N(Z7) of order 84 (3403 vertices) [9.8s]
    pair ord(x)=41 ord(ax)=21: True quotient by N(Z7) of order 84 (3403 vertices) [9.8s]
    pair ord(x)=41 ord(ax)=6: True quotient by N(Z7) of order 84 (3403 vertices) [9.6s]
    pair ord(x)=41 ord(ax)=41: True quotient by N(Z7) of order 84 (3403 vertices) [9.7s]
    pair ord(x)=41 ord(ax)=14: True quotient by N(Z7) of order 84 (3403 vertices) [9.7s]
    pair ord(x)=41 ord(ax)=41: True quotient by N(Z7) of order 84 (3403 vertices) [9.7s]
    pair ord(x)=41 ord(ax)=21: True quotient by N(Z7) of order 84 (3403 vertices) [9.8s]
    pair ord(x)=41 ord(ax)=41: True quotient by N(Z7) of order 84 (3403 vertices) [9.7s]
    pair ord(x)=41 ord(ax)=7: True quotient by N(Z7) of order 84 (3403 vertices) [9.7s]
    pair ord(x)=41 ord(ax)=21: True quotient by N(Z7) of order 84 (3403 vertices) [9.7s]
    pair ord(x)=41 ord(ax)=83: True quotient by N(Z7) of order 84 (3403 vertices) [9.6s]
    pair ord(x)=41 ord(ax)=41: True quotient by N(Z7) of order 84 (3403 vertices) [9.7s]
    pair ord(x)=41 ord(ax)=41: True quotient by N(Z7) of order 84 (3403 vertices) [9.7s]
    pair ord(x)=41 ord(ax)=14: True quotient by N(Z7) of order 84 (3403 vertices) [9.7s]
    pair ord(x)=41 ord(ax)=41: True quotient by N(Z7) of order 84 (3403 vertices) [9.6s]
    pair ord(x)=41 ord(ax)=41: True quotient by N(Z7) of order 84 (3403 vertices) [9.6s]
    pair ord(x)=41 ord(ax)=41: True quotient by N(Z7) of order 84 (3403 vertices) [9.6s]
    pair ord(x)=41 ord(ax)=41: True quotient by N(Z7) of order 84 (3403 vertices) [9.6s]
    pair ord(x)=41 ord(ax)=41: True quotient by N(Z7) of order 84 (3403 vertices) [9.6s]
    pair ord(x)=41 ord(ax)=42: True quotient by N(Z7) of order 84 (3403 vertices) [9.7s]
    pair ord(x)=41 ord(ax)=41: True quotient by N(Z7) of order 84 (3403 vertices) [9.8s]
    pair ord(x)=41 ord(ax)=41: True quotient by N(Z7) of order 84 (3403 vertices) [9.7s]
    pair ord(x)=41 ord(ax)=41: True quotient by N(Z7) of order 84 (3403 vertices) [9.7s]
    pair ord(x)=41 ord(ax)=7: True quotient by N(Z7) of order 84 (3403 vertices) [9.6s]
    pair ord(x)=41 ord(ax)=41: True quotient by N(Z7) of order 84 (3403 vertices) [9.8s]
    pair ord(x)=41 ord(ax)=7: True quotient by N(Z7) of order 84 (3403 vertices) [9.7s]
    pair ord(x)=41 ord(ax)=41: True quotient by N(Z7) of order 84 (3403 vertices) [9.7s]
    pair ord(x)=41 ord(ax)=41: True quotient by N(Z7) of order 84 (3403 vertices) [9.8s]
    pair ord(x)=41 ord(ax)=21: True quotient by N(Z7) of order 84 (3403 vertices) [9.8s]
    pair ord(x)=41 ord(ax)=41: True quotient by N(Z7) of order 84 (3403 vertices) [9.7s]
    pair ord(x)=41 ord(ax)=14: True quotient by N(Z7) of order 84 (3403 vertices) [9.8s]
    pair ord(x)=41 ord(ax)=3: True quotient by N(Z7) of order 84 (3403 vertices) [9.8s]
    pair ord(x)=41 ord(ax)=42: True quotient by N(Z7) of order 84 (3403 vertices) [9.8s]
    pair ord(x)=41 ord(ax)=21: True quotient by N(Z7) of order 84 (3403 vertices) [9.8s]
    pair ord(x)=41 ord(ax)=42: True quotient by N(Z7) of order 84 (3403 vertices) [9.8s]
    pair ord(x)=41 ord(ax)=41: True quotient by N(Z7) of order 84 (3403 vertices) [9.7s]
    pair ord(x)=41 ord(ax)=41: True quotient by N(Z7) of order 84 (3403 vertices) [9.6s]
    pair ord(x)=41 ord(ax)=41: True quotient by N(Z7) of order 84 (3403 vertices) [9.7s]
    pair ord(x)=3 ord(ax)=7: True quotient by N(Z83) of order 3403 (84 vertices) [9.2s]
    pair ord(x)=3 ord(ax)=14: True quotient by N(Z83) of order 3403 (84 vertices) [9.2s]
    pair ord(x)=41 ord(ax)=14: True quotient by N(Z7) of order 84 (3403 vertices) [9.7s]
    pair ord(x)=41 ord(ax)=41: True quotient by N(Z7) of order 84 (3403 vertices) [9.6s]
    pair ord(x)=3 ord(ax)=21: True quotient by N(Z83) of order 3403 (84 vertices) [9.2s]
    pair ord(x)=41 ord(ax)=7: True quotient by N(Z7) of order 84 (3403 vertices) [9.6s]
    pair ord(x)=41 ord(ax)=42: True quotient by N(Z7) of order 84 (3403 vertices) [9.6s]
    pair ord(x)=3 ord(ax)=42: True quotient by N(Z83) of order 3403 (84 vertices) [9.3s]
    pair ord(x)=3 ord(ax)=21: True quotient by N(Z83) of order 3403 (84 vertices) [9.2s]
    pair ord(x)=3 ord(ax)=7: True quotient by N(Z83) of order 3403 (84 vertices) [9.3s]
    pair ord(x)=3 ord(ax)=21: True quotient by N(Z83) of order 3403 (84 vertices) [9.3s]
    pair ord(x)=3 ord(ax)=41: True quotient by C(x83) of order 83 (3444 vertices) [21.5s]
    pair ord(x)=3 ord(ax)=21: True quotient by N(Z83) of order 3403 (84 vertices) [9.3s]
    pair ord(x)=3 ord(ax)=14: True quotient by N(Z83) of order 3403 (84 vertices) [9.4s]
    pair ord(x)=3 ord(ax)=42: True quotient by N(Z83) of order 3403 (84 vertices) [9.3s]
    pair ord(x)=3 ord(ax)=14: True quotient by N(Z83) of order 3403 (84 vertices) [9.4s]
    pair ord(x)=3 ord(ax)=41: True quotient by C(x83) of order 83 (3444 vertices) [22.5s]
    pair ord(x)=3 ord(ax)=41: True quotient by C(x83) of order 83 (3444 vertices) [22.5s]
    pair ord(x)=3 ord(ax)=41: True quotient by C(x83) of order 83 (3444 vertices) [22.5s]
    pair ord(x)=3 ord(ax)=41: True quotient by C(x83) of order 83 (3444 vertices) [24.0s]
    pair ord(x)=3 ord(ax)=41: True quotient by C(x83) of order 83 (3444 vertices) [22.8s]
    pair ord(x)=3 ord(ax)=41: True quotient by C(x83) of order 83 (3444 vertices) [24.7s]
    pair ord(x)=3 ord(ax)=42: True quotient by N(Z83) of order 3403 (84 vertices) [9.3s]
    pair ord(x)=3 ord(ax)=83: True quotient by N(Z41) of order 82 (3486 vertices) [24.5s]
    pair ord(x)=3 ord(ax)=14: True quotient by N(Z83) of order 3403 (84 vertices) [9.4s]
    pair ord(x)=3 ord(ax)=41: True quotient by C(x83) of order 83 (3444 vertices) [22.3s]
    pair ord(x)=3 ord(ax)=21: True quotient by N(Z83) of order 3403 (84 vertices) [9.4s]
    pair ord(x)=3 ord(ax)=41: True quotient by C(x83) of order 83 (3444 vertices) [23.5s]
    pair ord(x)=3 ord(ax)=41: True quotient by C(x83) of order 83 (3444 vertices) [24.1s]
    pair ord(x)=3 ord(ax)=41: True quotient by C(x83) of order 83 (3444 vertices) [23.0s]
    pair ord(x)=3 ord(ax)=41: True quotient by C(x83) of order 83 (3444 vertices) [23.7s]
    pair ord(x)=3 ord(ax)=41: True quotient by C(x83) of order 83 (3444 vertices) [23.8s]
    pair ord(x)=3 ord(ax)=41: True quotient by C(x83) of order 83 (3444 vertices) [24.1s]
    pair ord(x)=3 ord(ax)=41: True quotient by C(x83) of order 83 (3444 vertices) [24.2s]
    pair ord(x)=3 ord(ax)=14: True quotient by N(Z83) of order 3403 (84 vertices) [9.4s]
    pair ord(x)=3 ord(ax)=42: True quotient by N(Z83) of order 3403 (84 vertices) [9.3s]
    pair ord(x)=3 ord(ax)=41: True quotient by C(x83) of order 83 (3444 vertices) [21.9s]
    pair ord(x)=3 ord(ax)=42: True quotient by N(Z83) of order 3403 (84 vertices) [9.4s]
    pair ord(x)=3 ord(ax)=41: True quotient by C(x83) of order 83 (3444 vertices) [22.8s]
    pair ord(x)=3 ord(ax)=21: True quotient by N(Z83) of order 3403 (84 vertices) [9.4s]
    pair ord(x)=3 ord(ax)=41: True quotient by C(x83) of order 83 (3444 vertices) [22.4s]
    pair ord(x)=3 ord(ax)=41: True quotient by C(x83) of order 83 (3444 vertices) [21.5s]
    pair ord(x)=3 ord(ax)=41: True quotient by C(x83) of order 83 (3444 vertices) [23.0s]
    pair ord(x)=3 ord(ax)=21: True quotient by N(Z83) of order 3403 (84 vertices) [9.4s]
    pair ord(x)=3 ord(ax)=7: True quotient by N(Z83) of order 3403 (84 vertices) [9.2s]
    pair ord(x)=3 ord(ax)=41: True quotient by C(x83) of order 83 (3444 vertices) [22.6s]
    pair ord(x)=3 ord(ax)=41: True quotient by C(x83) of order 83 (3444 vertices) [21.7s]
    pair ord(x)=3 ord(ax)=42: True quotient by N(Z83) of order 3403 (84 vertices) [9.1s]
    pair ord(x)=3 ord(ax)=41: True quotient by C(x83) of order 83 (3444 vertices) [22.1s]
    pair ord(x)=3 ord(ax)=7: True quotient by N(Z83) of order 3403 (84 vertices) [9.2s]
    pair ord(x)=3 ord(ax)=42: True quotient by N(Z83) of order 3403 (84 vertices) [9.2s]
    pair ord(x)=3 ord(ax)=42: True quotient by N(Z83) of order 3403 (84 vertices) [9.3s]
    pair ord(x)=3 ord(ax)=41: True quotient by C(x83) of order 83 (3444 vertices) [21.7s]
    pair ord(x)=3 ord(ax)=21: True quotient by N(Z83) of order 3403 (84 vertices) [9.2s]
    pair ord(x)=3 ord(ax)=7: True quotient by N(Z83) of order 3403 (84 vertices) [9.2s]
    pair ord(x)=3 ord(ax)=42: True quotient by N(Z83) of order 3403 (84 vertices) [9.2s]
    pair ord(x)=3 ord(ax)=41: True quotient by C(x83) of order 83 (3444 vertices) [22.7s]
    pair ord(x)=3 ord(ax)=42: True quotient by N(Z83) of order 3403 (84 vertices) [9.2s]
    pair ord(x)=41 ord(ax)=41: True quotient by N(Z7) of order 84 (3403 vertices) [9.8s]
    pair ord(x)=41 ord(ax)=42: True quotient by N(Z7) of order 84 (3403 vertices) [9.8s]
    pair ord(x)=3 ord(ax)=41: True quotient by C(x83) of order 83 (3444 vertices) [22.6s]
    pair ord(x)=3 ord(ax)=41: True quotient by C(x83) of order 83 (3444 vertices) [22.6s]
    pair ord(x)=41 ord(ax)=41: True quotient by N(Z7) of order 84 (3403 vertices) [9.8s]
    pair ord(x)=41 ord(ax)=21: True quotient by N(Z7) of order 84 (3403 vertices) [9.9s]
    pair ord(x)=41 ord(ax)=21: True quotient by N(Z7) of order 84 (3403 vertices) [9.9s]
    pair ord(x)=3 ord(ax)=41: True quotient by C(x83) of order 83 (3444 vertices) [21.2s]
    pair ord(x)=41 ord(ax)=21: True quotient by N(Z7) of order 84 (3403 vertices) [9.7s]
    pair ord(x)=3 ord(ax)=41: True quotient by C(x83) of order 83 (3444 vertices) [21.5s]
    pair ord(x)=41 ord(ax)=42: True quotient by N(Z7) of order 84 (3403 vertices) [9.9s]
    pair ord(x)=41 ord(ax)=83: True quotient by N(Z7) of order 84 (3403 vertices) [9.9s]
    pair ord(x)=41 ord(ax)=7: True quotient by N(Z7) of order 84 (3403 vertices) [10.0s]
    pair ord(x)=41 ord(ax)=42: True quotient by N(Z7) of order 84 (3403 vertices) [10.0s]
    pair ord(x)=41 ord(ax)=41: True quotient by N(Z7) of order 84 (3403 vertices) [9.9s]
    pair ord(x)=41 ord(ax)=14: True quotient by N(Z7) of order 84 (3403 vertices) [9.9s]
    pair ord(x)=3 ord(ax)=41: True quotient by C(x83) of order 83 (3444 vertices) [22.8s]
    pair ord(x)=41 ord(ax)=41: True quotient by N(Z7) of order 84 (3403 vertices) [10.0s]
    pair ord(x)=41 ord(ax)=42: True quotient by N(Z7) of order 84 (3403 vertices) [10.0s]
    pair ord(x)=41 ord(ax)=41: True quotient by N(Z7) of order 84 (3403 vertices) [9.9s]
    pair ord(x)=41 ord(ax)=42: True quotient by N(Z7) of order 84 (3403 vertices) [9.9s]
    pair ord(x)=41 ord(ax)=14: True quotient by N(Z7) of order 84 (3403 vertices) [9.9s]
    pair ord(x)=41 ord(ax)=3: True quotient by N(Z7) of order 84 (3403 vertices) [9.8s]
    pair ord(x)=41 ord(ax)=21: True quotient by N(Z7) of order 84 (3403 vertices) [9.9s]
    pair ord(x)=41 ord(ax)=41: True quotient by N(Z7) of order 84 (3403 vertices) [10.0s]
    pair ord(x)=41 ord(ax)=41: True quotient by N(Z7) of order 84 (3403 vertices) [9.9s]
    pair ord(x)=41 ord(ax)=41: True quotient by N(Z7) of order 84 (3403 vertices) [9.9s]
    pair ord(x)=41 ord(ax)=7: True quotient by N(Z7) of order 84 (3403 vertices) [9.9s]
    pair ord(x)=41 ord(ax)=21: True quotient by N(Z7) of order 84 (3403 vertices) [9.9s]
    pair ord(x)=41 ord(ax)=41: True quotient by N(Z7) of order 84 (3403 vertices) [9.9s]
    pair ord(x)=41 ord(ax)=6: True quotient by N(Z7) of order 84 (3403 vertices) [9.8s]
    pair ord(x)=41 ord(ax)=41: True quotient by N(Z7) of order 84 (3403 vertices) [9.9s]
    pair ord(x)=41 ord(ax)=21: True quotient by N(Z7) of order 84 (3403 vertices) [9.8s]
    pair ord(x)=41 ord(ax)=41: True quotient by N(Z7) of order 84 (3403 vertices) [9.8s]
    pair ord(x)=41 ord(ax)=14: True quotient by N(Z7) of order 84 (3403 vertices) [9.8s]
    pair ord(x)=41 ord(ax)=41: True quotient by N(Z7) of order 84 (3403 vertices) [9.8s]
    pair ord(x)=41 ord(ax)=14: True quotient by N(Z7) of order 84 (3403 vertices) [9.8s]
    pair ord(x)=41 ord(ax)=41: True quotient by N(Z7) of order 84 (3403 vertices) [9.8s]
    pair ord(x)=41 ord(ax)=41: True quotient by N(Z7) of order 84 (3403 vertices) [9.8s]
    pair ord(x)=41 ord(ax)=41: True quotient by N(Z7) of order 84 (3403 vertices) [9.8s]
    pair ord(x)=41 ord(ax)=41: True quotient by N(Z7) of order 84 (3403 vertices) [9.8s]
    pair ord(x)=41 ord(ax)=41: True quotient by N(Z7) of order 84 (3403 vertices) [9.7s]
    pair ord(x)=41 ord(ax)=41: True quotient by N(Z7) of order 84 (3403 vertices) [9.8s]
    pair ord(x)=41 ord(ax)=41: True quotient by N(Z7) of order 84 (3403 vertices) [9.7s]
    pair ord(x)=41 ord(ax)=42: True quotient by N(Z7) of order 84 (3403 vertices) [9.7s]
    pair ord(x)=41 ord(ax)=7: True quotient by N(Z7) of order 84 (3403 vertices) [9.7s]
    pair ord(x)=41 ord(ax)=41: True quotient by N(Z7) of order 84 (3403 vertices) [9.8s]
    pair ord(x)=41 ord(ax)=7: True quotient by N(Z7) of order 84 (3403 vertices) [9.7s]
    pair ord(x)=41 ord(ax)=42: True quotient by N(Z7) of order 84 (3403 vertices) [9.7s]
    pair ord(x)=41 ord(ax)=41: True quotient by N(Z7) of order 84 (3403 vertices) [9.7s]
    pair ord(x)=41 ord(ax)=21: True quotient by N(Z7) of order 84 (3403 vertices) [9.8s]
    pair ord(x)=41 ord(ax)=41: True quotient by N(Z7) of order 84 (3403 vertices) [9.8s]
    pair ord(x)=41 ord(ax)=41: True quotient by N(Z7) of order 84 (3403 vertices) [9.7s]
    pair ord(x)=41 ord(ax)=41: True quotient by N(Z7) of order 84 (3403 vertices) [9.9s]
    pair ord(x)=41 ord(ax)=41: True quotient by N(Z7) of order 84 (3403 vertices) [9.9s]
    pair ord(x)=41 ord(ax)=42: True quotient by N(Z7) of order 84 (3403 vertices) [9.8s]
    pair ord(x)=41 ord(ax)=42: True quotient by N(Z7) of order 84 (3403 vertices) [9.8s]
    pair ord(x)=41 ord(ax)=42: True quotient by N(Z7) of order 84 (3403 vertices) [9.8s]
    pair ord(x)=41 ord(ax)=21: True quotient by N(Z7) of order 84 (3403 vertices) [9.9s]
    pair ord(x)=41 ord(ax)=7: True quotient by N(Z7) of order 84 (3403 vertices) [9.9s]
    pair ord(x)=41 ord(ax)=21: True quotient by N(Z7) of order 84 (3403 vertices) [9.8s]
    pair ord(x)=41 ord(ax)=42: True quotient by N(Z7) of order 84 (3403 vertices) [9.9s]
    pair ord(x)=41 ord(ax)=41: True quotient by N(Z7) of order 84 (3403 vertices) [9.9s]
    pair ord(x)=41 ord(ax)=41: True quotient by N(Z7) of order 84 (3403 vertices) [10.0s]
    pair ord(x)=41 ord(ax)=41: True quotient by N(Z7) of order 84 (3403 vertices) [9.8s]
    pair ord(x)=41 ord(ax)=41: True quotient by N(Z7) of order 84 (3403 vertices) [9.9s]
    pair ord(x)=41 ord(ax)=41: True quotient by N(Z7) of order 84 (3403 vertices) [9.9s]
    pair ord(x)=41 ord(ax)=21: True quotient by N(Z7) of order 84 (3403 vertices) [9.9s]
    pair ord(x)=41 ord(ax)=41: True quotient by N(Z7) of order 84 (3403 vertices) [9.8s]
    pair ord(x)=41 ord(ax)=14: True quotient by N(Z7) of order 84 (3403 vertices) [9.8s]
    pair ord(x)=41 ord(ax)=21: True quotient by N(Z7) of order 84 (3403 vertices) [9.9s]
    pair ord(x)=41 ord(ax)=3: True quotient by N(Z7) of order 84 (3403 vertices) [9.8s]
    pair ord(x)=41 ord(ax)=41: True quotient by N(Z7) of order 84 (3403 vertices) [9.9s]
    pair ord(x)=41 ord(ax)=41: True quotient by N(Z7) of order 84 (3403 vertices) [9.9s]
    pair ord(x)=41 ord(ax)=41: True quotient by N(Z7) of order 84 (3403 vertices) [9.8s]
    pair ord(x)=41 ord(ax)=41: True quotient by N(Z7) of order 84 (3403 vertices) [9.9s]
    pair ord(x)=41 ord(ax)=41: True quotient by N(Z7) of order 84 (3403 vertices) [9.8s]
    pair ord(x)=41 ord(ax)=41: True quotient by N(Z7) of order 84 (3403 vertices) [9.7s]
    pair ord(x)=41 ord(ax)=41: True quotient by N(Z7) of order 84 (3403 vertices) [9.7s]
    pair ord(x)=41 ord(ax)=41: True quotient by N(Z7) of order 84 (3403 vertices) [9.8s]
    pair ord(x)=41 ord(ax)=7: True quotient by N(Z7) of order 84 (3403 vertices) [9.7s]
    pair ord(x)=41 ord(ax)=41: True quotient by N(Z7) of order 84 (3403 vertices) [9.7s]
    pair ord(x)=41 ord(ax)=41: True quotient by N(Z7) of order 84 (3403 vertices) [9.7s]
    pair ord(x)=41 ord(ax)=41: True quotient by N(Z7) of order 84 (3403 vertices) [9.8s]
    pair ord(x)=41 ord(ax)=41: True quotient by N(Z7) of order 84 (3403 vertices) [9.7s]
    pair ord(x)=41 ord(ax)=7: True quotient by N(Z7) of order 84 (3403 vertices) [9.7s]
    pair ord(x)=41 ord(ax)=21: True quotient by N(Z7) of order 84 (3403 vertices) [9.7s]
    pair ord(x)=41 ord(ax)=42: True quotient by N(Z7) of order 84 (3403 vertices) [9.8s]
    pair ord(x)=41 ord(ax)=83: True quotient by N(Z7) of order 84 (3403 vertices) [9.7s]
    pair ord(x)=41 ord(ax)=41: True quotient by N(Z7) of order 84 (3403 vertices) [9.8s]
    pair ord(x)=41 ord(ax)=41: True quotient by N(Z7) of order 84 (3403 vertices) [9.7s]
    pair ord(x)=41 ord(ax)=41: True quotient by N(Z7) of order 84 (3403 vertices) [9.8s]
    pair ord(x)=41 ord(ax)=14: True quotient by N(Z7) of order 84 (3403 vertices) [9.7s]
    pair ord(x)=41 ord(ax)=42: True quotient by N(Z7) of order 84 (3403 vertices) [9.7s]
    pair ord(x)=41 ord(ax)=41: True quotient by N(Z7) of order 84 (3403 vertices) [9.7s]
    pair ord(x)=41 ord(ax)=42: True quotient by N(Z7) of order 84 (3403 vertices) [9.7s]
    pair ord(x)=41 ord(ax)=42: True quotient by N(Z7) of order 84 (3403 vertices) [9.7s]
    pair ord(x)=41 ord(ax)=41: True quotient by N(Z7) of order 84 (3403 vertices) [9.8s]
    pair ord(x)=41 ord(ax)=42: True quotient by N(Z7) of order 84 (3403 vertices) [9.9s]
    pair ord(x)=41 ord(ax)=41: True quotient by N(Z7) of order 84 (3403 vertices) [9.9s]
    pair ord(x)=41 ord(ax)=42: True quotient by N(Z7) of order 84 (3403 vertices) [9.9s]
    pair ord(x)=41 ord(ax)=41: True quotient by N(Z7) of order 84 (3403 vertices) [9.9s]
    pair ord(x)=41 ord(ax)=41: True quotient by N(Z7) of order 84 (3403 vertices) [9.8s]
    pair ord(x)=41 ord(ax)=21: True quotient by N(Z7) of order 84 (3403 vertices) [9.9s]
    pair ord(x)=41 ord(ax)=14: True quotient by N(Z7) of order 84 (3403 vertices) [9.9s]
    pair ord(x)=41 ord(ax)=21: True quotient by N(Z7) of order 84 (3403 vertices) [10.0s]
    pair ord(x)=41 ord(ax)=7: True quotient by N(Z7) of order 84 (3403 vertices) [10.0s]
    pair ord(x)=41 ord(ax)=41: True quotient by N(Z7) of order 84 (3403 vertices) [9.8s]
    pair ord(x)=41 ord(ax)=42: True quotient by N(Z7) of order 84 (3403 vertices) [9.8s]
    pair ord(x)=41 ord(ax)=7: True quotient by N(Z7) of order 84 (3403 vertices) [9.9s]
    pair ord(x)=41 ord(ax)=21: True quotient by N(Z7) of order 84 (3403 vertices) [9.8s]
    pair ord(x)=41 ord(ax)=14: True quotient by N(Z7) of order 84 (3403 vertices) [9.8s]
    pair ord(x)=41 ord(ax)=42: True quotient by N(Z7) of order 84 (3403 vertices) [9.8s]
    pair ord(x)=41 ord(ax)=41: True quotient by N(Z7) of order 84 (3403 vertices) [9.8s]
    pair ord(x)=41 ord(ax)=6: True quotient by N(Z7) of order 84 (3403 vertices) [9.9s]
    pair ord(x)=41 ord(ax)=21: True quotient by N(Z7) of order 84 (3403 vertices) [9.8s]
    pair ord(x)=41 ord(ax)=41: True quotient by N(Z7) of order 84 (3403 vertices) [9.8s]
    pair ord(x)=41 ord(ax)=21: True quotient by N(Z7) of order 84 (3403 vertices) [9.9s]
    pair ord(x)=41 ord(ax)=41: True quotient by N(Z7) of order 84 (3403 vertices) [9.8s]
    pair ord(x)=41 ord(ax)=41: True quotient by N(Z7) of order 84 (3403 vertices) [9.7s]
    pair ord(x)=41 ord(ax)=14: True quotient by N(Z7) of order 84 (3403 vertices) [9.6s]
    pair ord(x)=41 ord(ax)=21: True quotient by N(Z7) of order 84 (3403 vertices) [9.6s]
    pair ord(x)=41 ord(ax)=41: True quotient by N(Z7) of order 84 (3403 vertices) [9.6s]
    pair ord(x)=41 ord(ax)=21: True quotient by N(Z7) of order 84 (3403 vertices) [9.5s]
    pair ord(x)=41 ord(ax)=41: True quotient by N(Z7) of order 84 (3403 vertices) [9.6s]
    pair ord(x)=41 ord(ax)=41: True quotient by N(Z7) of order 84 (3403 vertices) [9.6s]
    pair ord(x)=41 ord(ax)=41: True quotient by N(Z7) of order 84 (3403 vertices) [9.5s]
    pair ord(x)=41 ord(ax)=14: True quotient by N(Z7) of order 84 (3403 vertices) [9.6s]
    pair ord(x)=41 ord(ax)=41: True quotient by N(Z7) of order 84 (3403 vertices) [9.6s]
    pair ord(x)=21 ord(ax)=41: True quotient by N(Z83) of order 3403 (84 vertices) [9.1s]
    pair ord(x)=21 ord(ax)=21: True quotient by N(Z83) of order 3403 (84 vertices) [9.2s]
    pair ord(x)=21 ord(ax)=14: True quotient by N(Z83) of order 3403 (84 vertices) [9.3s]
    pair ord(x)=21 ord(ax)=41: True quotient by N(Z83) of order 3403 (84 vertices) [9.2s]
    pair ord(x)=21 ord(ax)=42: True quotient by N(Z83) of order 3403 (84 vertices) [9.3s]
    pair ord(x)=21 ord(ax)=41: True quotient by N(Z83) of order 3403 (84 vertices) [9.3s]
    pair ord(x)=21 ord(ax)=41: True quotient by N(Z83) of order 3403 (84 vertices) [9.3s]
    pair ord(x)=21 ord(ax)=42: True quotient by N(Z83) of order 3403 (84 vertices) [9.3s]
    pair ord(x)=21 ord(ax)=7: True quotient by N(Z83) of order 3403 (84 vertices) [9.3s]
    pair ord(x)=21 ord(ax)=41: True quotient by N(Z83) of order 3403 (84 vertices) [9.3s]
    pair ord(x)=21 ord(ax)=7: True quotient by N(Z83) of order 3403 (84 vertices) [9.3s]
    pair ord(x)=21 ord(ax)=14: True quotient by N(Z83) of order 3403 (84 vertices) [9.2s]
    pair ord(x)=21 ord(ax)=41: True quotient by N(Z83) of order 3403 (84 vertices) [9.2s]
    pair ord(x)=21 ord(ax)=41: True quotient by N(Z83) of order 3403 (84 vertices) [9.2s]
    pair ord(x)=21 ord(ax)=41: True quotient by N(Z83) of order 3403 (84 vertices) [9.1s]
    pair ord(x)=21 ord(ax)=83: True quotient by N(Z83) of order 3403 (84 vertices) [9.2s]
    pair ord(x)=21 ord(ax)=41: True quotient by N(Z83) of order 3403 (84 vertices) [9.2s]
    pair ord(x)=21 ord(ax)=41: True quotient by N(Z83) of order 3403 (84 vertices) [9.2s]
    pair ord(x)=21 ord(ax)=41: True quotient by N(Z83) of order 3403 (84 vertices) [9.2s]
    pair ord(x)=21 ord(ax)=42: True quotient by N(Z83) of order 3403 (84 vertices) [9.2s]
    pair ord(x)=21 ord(ax)=41: True quotient by N(Z83) of order 3403 (84 vertices) [9.2s]
    pair ord(x)=21 ord(ax)=21: True quotient by N(Z83) of order 3403 (84 vertices) [9.3s]
    pair ord(x)=21 ord(ax)=41: True quotient by N(Z83) of order 3403 (84 vertices) [9.2s]
    pair ord(x)=21 ord(ax)=41: True quotient by N(Z83) of order 3403 (84 vertices) [9.2s]
    pair ord(x)=21 ord(ax)=7: True quotient by N(Z83) of order 3403 (84 vertices) [9.2s]
    pair ord(x)=21 ord(ax)=41: True quotient by N(Z83) of order 3403 (84 vertices) [9.2s]
    pair ord(x)=21 ord(ax)=6: True quotient by N(Z83) of order 3403 (84 vertices) [9.2s]
    pair ord(x)=21 ord(ax)=21: True quotient by N(Z83) of order 3403 (84 vertices) [9.2s]
    pair ord(x)=21 ord(ax)=21: True quotient by N(Z83) of order 3403 (84 vertices) [9.2s]
    pair ord(x)=21 ord(ax)=42: True quotient by N(Z83) of order 3403 (84 vertices) [9.2s]
    pair ord(x)=21 ord(ax)=3: True quotient by N(Z83) of order 3403 (84 vertices) [9.2s]
    pair ord(x)=21 ord(ax)=21: True quotient by N(Z83) of order 3403 (84 vertices) [9.2s]
    pair ord(x)=21 ord(ax)=21: True quotient by N(Z83) of order 3403 (84 vertices) [9.2s]
    pair ord(x)=21 ord(ax)=41: True quotient by N(Z83) of order 3403 (84 vertices) [9.2s]
    pair ord(x)=21 ord(ax)=41: True quotient by N(Z83) of order 3403 (84 vertices) [9.2s]
    pair ord(x)=21 ord(ax)=41: True quotient by N(Z83) of order 3403 (84 vertices) [9.1s]
    pair ord(x)=21 ord(ax)=42: True quotient by N(Z83) of order 3403 (84 vertices) [9.2s]
    pair ord(x)=21 ord(ax)=42: True quotient by N(Z83) of order 3403 (84 vertices) [9.1s]
    pair ord(x)=21 ord(ax)=41: True quotient by N(Z83) of order 3403 (84 vertices) [9.2s]
    pair ord(x)=21 ord(ax)=21: True quotient by N(Z83) of order 3403 (84 vertices) [9.2s]
    pair ord(x)=21 ord(ax)=21: True quotient by N(Z83) of order 3403 (84 vertices) [9.2s]
    pair ord(x)=21 ord(ax)=7: True quotient by N(Z83) of order 3403 (84 vertices) [9.2s]
    pair ord(x)=21 ord(ax)=41: True quotient by N(Z83) of order 3403 (84 vertices) [9.2s]
    pair ord(x)=21 ord(ax)=41: True quotient by N(Z83) of order 3403 (84 vertices) [9.2s]
    pair ord(x)=21 ord(ax)=41: True quotient by N(Z83) of order 3403 (84 vertices) [9.1s]
    pair ord(x)=21 ord(ax)=14: True quotient by N(Z83) of order 3403 (84 vertices) [9.2s]
    pair ord(x)=21 ord(ax)=41: True quotient by N(Z83) of order 3403 (84 vertices) [9.2s]
    pair ord(x)=21 ord(ax)=42: True quotient by N(Z83) of order 3403 (84 vertices) [9.2s]
    pair ord(x)=21 ord(ax)=41: True quotient by N(Z83) of order 3403 (84 vertices) [9.2s]
    pair ord(x)=21 ord(ax)=14: True quotient by N(Z83) of order 3403 (84 vertices) [9.2s]
    pair ord(x)=21 ord(ax)=41: True quotient by N(Z83) of order 3403 (84 vertices) [9.3s]
    pair ord(x)=21 ord(ax)=41: True quotient by N(Z83) of order 3403 (84 vertices) [9.3s]
    pair ord(x)=21 ord(ax)=41: True quotient by N(Z83) of order 3403 (84 vertices) [9.3s]
    pair ord(x)=21 ord(ax)=41: True quotient by N(Z83) of order 3403 (84 vertices) [9.3s]
    pair ord(x)=21 ord(ax)=14: True quotient by N(Z83) of order 3403 (84 vertices) [9.3s]
    pair ord(x)=21 ord(ax)=41: True quotient by N(Z83) of order 3403 (84 vertices) [9.3s]
    pair ord(x)=21 ord(ax)=41: True quotient by N(Z83) of order 3403 (84 vertices) [9.4s]
    pair ord(x)=21 ord(ax)=14: True quotient by N(Z83) of order 3403 (84 vertices) [9.3s]
    pair ord(x)=21 ord(ax)=41: True quotient by N(Z83) of order 3403 (84 vertices) [9.3s]
    pair ord(x)=21 ord(ax)=41: True quotient by N(Z83) of order 3403 (84 vertices) [9.3s]
    pair ord(x)=41 ord(ax)=6: True quotient by N(Z7) of order 84 (3403 vertices) [9.7s]
    pair ord(x)=41 ord(ax)=41: True quotient by N(Z7) of order 84 (3403 vertices) [9.8s]
    pair ord(x)=41 ord(ax)=41: True quotient by N(Z7) of order 84 (3403 vertices) [9.9s]
    pair ord(x)=41 ord(ax)=41: True quotient by N(Z7) of order 84 (3403 vertices) [9.8s]
    pair ord(x)=41 ord(ax)=42: True quotient by N(Z7) of order 84 (3403 vertices) [9.7s]
    pair ord(x)=41 ord(ax)=21: True quotient by N(Z7) of order 84 (3403 vertices) [9.8s]
    pair ord(x)=41 ord(ax)=21: True quotient by N(Z7) of order 84 (3403 vertices) [9.7s]
    pair ord(x)=41 ord(ax)=21: True quotient by N(Z7) of order 84 (3403 vertices) [9.8s]
    pair ord(x)=41 ord(ax)=41: True quotient by N(Z7) of order 84 (3403 vertices) [9.9s]
    pair ord(x)=41 ord(ax)=7: True quotient by N(Z7) of order 84 (3403 vertices) [9.9s]
    pair ord(x)=41 ord(ax)=41: True quotient by N(Z7) of order 84 (3403 vertices) [9.9s]
    pair ord(x)=41 ord(ax)=7: True quotient by N(Z7) of order 84 (3403 vertices) [9.8s]
    pair ord(x)=41 ord(ax)=21: True quotient by N(Z7) of order 84 (3403 vertices) [9.8s]
    pair ord(x)=41 ord(ax)=41: True quotient by N(Z7) of order 84 (3403 vertices) [9.9s]
    pair ord(x)=41 ord(ax)=3: True quotient by N(Z7) of order 84 (3403 vertices) [10.9s]
    pair ord(x)=41 ord(ax)=41: True quotient by N(Z7) of order 84 (3403 vertices) [9.8s]
    pair ord(x)=41 ord(ax)=41: True quotient by N(Z7) of order 84 (3403 vertices) [9.8s]
    pair ord(x)=41 ord(ax)=14: True quotient by N(Z7) of order 84 (3403 vertices) [9.7s]
    pair ord(x)=41 ord(ax)=42: True quotient by N(Z7) of order 84 (3403 vertices) [9.8s]
    pair ord(x)=41 ord(ax)=41: True quotient by N(Z7) of order 84 (3403 vertices) [9.8s]
    pair ord(x)=41 ord(ax)=41: True quotient by N(Z7) of order 84 (3403 vertices) [10.0s]
    pair ord(x)=41 ord(ax)=41: True quotient by N(Z7) of order 84 (3403 vertices) [10.1s]
    pair ord(x)=41 ord(ax)=41: True quotient by N(Z7) of order 84 (3403 vertices) [10.4s]
    pair ord(x)=41 ord(ax)=41: True quotient by N(Z7) of order 84 (3403 vertices) [10.5s]
    pair ord(x)=41 ord(ax)=41: True quotient by N(Z7) of order 84 (3403 vertices) [10.5s]
    pair ord(x)=41 ord(ax)=41: True quotient by N(Z7) of order 84 (3403 vertices) [10.6s]
    pair ord(x)=41 ord(ax)=21: True quotient by N(Z7) of order 84 (3403 vertices) [10.5s]
    pair ord(x)=41 ord(ax)=21: True quotient by N(Z7) of order 84 (3403 vertices) [10.5s]
    pair ord(x)=41 ord(ax)=42: True quotient by N(Z7) of order 84 (3403 vertices) [10.6s]
    pair ord(x)=41 ord(ax)=42: True quotient by N(Z7) of order 84 (3403 vertices) [10.7s]
    pair ord(x)=41 ord(ax)=42: True quotient by N(Z7) of order 84 (3403 vertices) [10.4s]
    pair ord(x)=41 ord(ax)=41: True quotient by N(Z7) of order 84 (3403 vertices) [10.4s]
    pair ord(x)=41 ord(ax)=41: True quotient by N(Z7) of order 84 (3403 vertices) [10.2s]
    pair ord(x)=41 ord(ax)=14: True quotient by N(Z7) of order 84 (3403 vertices) [9.9s]
    pair ord(x)=41 ord(ax)=41: True quotient by N(Z7) of order 84 (3403 vertices) [9.8s]
    pair ord(x)=41 ord(ax)=41: True quotient by N(Z7) of order 84 (3403 vertices) [9.9s]
    pair ord(x)=41 ord(ax)=7: True quotient by N(Z7) of order 84 (3403 vertices) [10.0s]
    pair ord(x)=41 ord(ax)=41: True quotient by N(Z7) of order 84 (3403 vertices) [9.9s]
    pair ord(x)=41 ord(ax)=42: True quotient by N(Z7) of order 84 (3403 vertices) [9.9s]
    pair ord(x)=41 ord(ax)=41: True quotient by N(Z7) of order 84 (3403 vertices) [9.9s]
    pair ord(x)=41 ord(ax)=14: True quotient by N(Z7) of order 84 (3403 vertices) [9.8s]
    pair ord(x)=41 ord(ax)=21: True quotient by N(Z7) of order 84 (3403 vertices) [9.9s]
    pair ord(x)=41 ord(ax)=42: True quotient by N(Z7) of order 84 (3403 vertices) [9.8s]
    pair ord(x)=41 ord(ax)=41: True quotient by N(Z7) of order 84 (3403 vertices) [9.8s]
    pair ord(x)=41 ord(ax)=41: True quotient by N(Z7) of order 84 (3403 vertices) [9.8s]
    pair ord(x)=41 ord(ax)=14: True quotient by N(Z7) of order 84 (3403 vertices) [9.8s]
    pair ord(x)=41 ord(ax)=7: True quotient by N(Z7) of order 84 (3403 vertices) [9.9s]
    pair ord(x)=41 ord(ax)=41: True quotient by N(Z7) of order 84 (3403 vertices) [9.8s]
    pair ord(x)=41 ord(ax)=41: True quotient by N(Z7) of order 84 (3403 vertices) [9.9s]
    pair ord(x)=41 ord(ax)=41: True quotient by N(Z7) of order 84 (3403 vertices) [9.9s]
    pair ord(x)=41 ord(ax)=41: True quotient by N(Z7) of order 84 (3403 vertices) [9.8s]
    pair ord(x)=41 ord(ax)=21: True quotient by N(Z7) of order 84 (3403 vertices) [9.8s]
    pair ord(x)=41 ord(ax)=41: True quotient by N(Z7) of order 84 (3403 vertices) [9.7s]
    pair ord(x)=41 ord(ax)=21: True quotient by N(Z7) of order 84 (3403 vertices) [9.8s]
    pair ord(x)=41 ord(ax)=21: True quotient by N(Z7) of order 84 (3403 vertices) [9.7s]
    pair ord(x)=41 ord(ax)=83: True quotient by N(Z7) of order 84 (3403 vertices) [9.7s]
    pair ord(x)=41 ord(ax)=21: True quotient by N(Z7) of order 84 (3403 vertices) [9.7s]
    pair ord(x)=41 ord(ax)=42: True quotient by N(Z7) of order 84 (3403 vertices) [9.8s]
    pair ord(x)=41 ord(ax)=41: True quotient by N(Z7) of order 84 (3403 vertices) [9.8s]
    pair ord(x)=41 ord(ax)=41: True quotient by N(Z7) of order 84 (3403 vertices) [9.9s]
    pair ord(x)=41 ord(ax)=41: True quotient by N(Z7) of order 84 (3403 vertices) [9.8s]
    pair ord(x)=41 ord(ax)=41: True quotient by N(Z7) of order 84 (3403 vertices) [9.8s]
    pair ord(x)=21 ord(ax)=41: True quotient by N(Z83) of order 3403 (84 vertices) [9.4s]
    pair ord(x)=21 ord(ax)=41: True quotient by N(Z83) of order 3403 (84 vertices) [9.2s]
    pair ord(x)=21 ord(ax)=41: True quotient by N(Z83) of order 3403 (84 vertices) [9.3s]
    pair ord(x)=21 ord(ax)=42: True quotient by N(Z83) of order 3403 (84 vertices) [9.3s]
    pair ord(x)=21 ord(ax)=41: True quotient by N(Z83) of order 3403 (84 vertices) [9.2s]
    pair ord(x)=21 ord(ax)=42: True quotient by N(Z83) of order 3403 (84 vertices) [9.2s]
    pair ord(x)=21 ord(ax)=41: True quotient by N(Z83) of order 3403 (84 vertices) [9.3s]
    pair ord(x)=21 ord(ax)=21: True quotient by N(Z83) of order 3403 (84 vertices) [9.1s]
    pair ord(x)=21 ord(ax)=3: True quotient by N(Z83) of order 3403 (84 vertices) [9.4s]
    pair ord(x)=21 ord(ax)=41: True quotient by N(Z83) of order 3403 (84 vertices) [9.3s]
    pair ord(x)=21 ord(ax)=41: True quotient by N(Z83) of order 3403 (84 vertices) [9.3s]
    pair ord(x)=21 ord(ax)=41: True quotient by N(Z83) of order 3403 (84 vertices) [9.3s]
    pair ord(x)=21 ord(ax)=21: True quotient by N(Z83) of order 3403 (84 vertices) [9.3s]
    pair ord(x)=21 ord(ax)=41: True quotient by N(Z83) of order 3403 (84 vertices) [9.4s]
    pair ord(x)=21 ord(ax)=6: True quotient by N(Z83) of order 3403 (84 vertices) [9.3s]
    pair ord(x)=21 ord(ax)=41: True quotient by N(Z83) of order 3403 (84 vertices) [9.3s]
    pair ord(x)=21 ord(ax)=41: True quotient by N(Z83) of order 3403 (84 vertices) [9.4s]
    pair ord(x)=21 ord(ax)=41: True quotient by N(Z83) of order 3403 (84 vertices) [9.4s]
    pair ord(x)=21 ord(ax)=41: True quotient by N(Z83) of order 3403 (84 vertices) [9.3s]
    pair ord(x)=21 ord(ax)=41: True quotient by N(Z83) of order 3403 (84 vertices) [9.3s]
    pair ord(x)=21 ord(ax)=3: True quotient by N(Z83) of order 3403 (84 vertices) [9.3s]
    pair ord(x)=21 ord(ax)=14: True quotient by N(Z83) of order 3403 (84 vertices) [9.2s]
    pair ord(x)=21 ord(ax)=41: True quotient by N(Z83) of order 3403 (84 vertices) [10.2s]
    pair ord(x)=21 ord(ax)=21: True quotient by N(Z83) of order 3403 (84 vertices) [10.2s]
    pair ord(x)=21 ord(ax)=41: True quotient by N(Z83) of order 3403 (84 vertices) [10.2s]
    pair ord(x)=21 ord(ax)=7: True quotient by N(Z83) of order 3403 (84 vertices) [10.1s]
    pair ord(x)=21 ord(ax)=21: True quotient by N(Z83) of order 3403 (84 vertices) [10.1s]
    pair ord(x)=21 ord(ax)=7: True quotient by N(Z83) of order 3403 (84 vertices) [10.0s]
    pair ord(x)=21 ord(ax)=41: True quotient by N(Z83) of order 3403 (84 vertices) [10.1s]
    pair ord(x)=21 ord(ax)=42: True quotient by N(Z83) of order 3403 (84 vertices) [10.1s]
    pair ord(x)=21 ord(ax)=42: True quotient by N(Z83) of order 3403 (84 vertices) [10.0s]
    pair ord(x)=21 ord(ax)=41: True quotient by N(Z83) of order 3403 (84 vertices) [10.1s]
    pair ord(x)=21 ord(ax)=83: True quotient by N(Z83) of order 3403 (84 vertices) [10.0s]
    pair ord(x)=21 ord(ax)=7: True quotient by N(Z83) of order 3403 (84 vertices) [9.2s]
    pair ord(x)=21 ord(ax)=41: True quotient by N(Z83) of order 3403 (84 vertices) [9.1s]
    pair ord(x)=21 ord(ax)=41: True quotient by N(Z83) of order 3403 (84 vertices) [9.1s]
    pair ord(x)=21 ord(ax)=7: True quotient by N(Z83) of order 3403 (84 vertices) [9.1s]
    pair ord(x)=21 ord(ax)=41: True quotient by N(Z83) of order 3403 (84 vertices) [9.1s]
    pair ord(x)=21 ord(ax)=41: True quotient by N(Z83) of order 3403 (84 vertices) [9.2s]
    pair ord(x)=21 ord(ax)=21: True quotient by N(Z83) of order 3403 (84 vertices) [9.1s]
    pair ord(x)=21 ord(ax)=21: True quotient by N(Z83) of order 3403 (84 vertices) [9.2s]
    pair ord(x)=21 ord(ax)=21: True quotient by N(Z83) of order 3403 (84 vertices) [9.2s]
    pair ord(x)=21 ord(ax)=41: True quotient by N(Z83) of order 3403 (84 vertices) [9.2s]
    pair ord(x)=21 ord(ax)=41: True quotient by N(Z83) of order 3403 (84 vertices) [9.1s]
    pair ord(x)=21 ord(ax)=41: True quotient by N(Z83) of order 3403 (84 vertices) [9.0s]
    pair ord(x)=21 ord(ax)=42: True quotient by N(Z83) of order 3403 (84 vertices) [9.1s]
    pair ord(x)=21 ord(ax)=14: True quotient by N(Z83) of order 3403 (84 vertices) [9.1s]
    pair ord(x)=21 ord(ax)=21: True quotient by N(Z83) of order 3403 (84 vertices) [9.0s]
    pair ord(x)=21 ord(ax)=42: True quotient by N(Z83) of order 3403 (84 vertices) [9.1s]
    pair ord(x)=21 ord(ax)=21: True quotient by N(Z83) of order 3403 (84 vertices) [9.1s]
    pair ord(x)=21 ord(ax)=41: True quotient by N(Z83) of order 3403 (84 vertices) [9.1s]
    pair ord(x)=21 ord(ax)=6: True quotient by N(Z83) of order 3403 (84 vertices) [9.2s]
    pair ord(x)=21 ord(ax)=41: True quotient by N(Z83) of order 3403 (84 vertices) [9.2s]
    pair ord(x)=21 ord(ax)=41: True quotient by N(Z83) of order 3403 (84 vertices) [9.1s]
    pair ord(x)=21 ord(ax)=14: True quotient by N(Z83) of order 3403 (84 vertices) [9.1s]
    pair ord(x)=21 ord(ax)=41: True quotient by N(Z83) of order 3403 (84 vertices) [9.1s]
    pair ord(x)=21 ord(ax)=14: True quotient by N(Z83) of order 3403 (84 vertices) [9.0s]
    pair ord(x)=21 ord(ax)=14: True quotient by N(Z83) of order 3403 (84 vertices) [9.0s]
    pair ord(x)=21 ord(ax)=42: True quotient by N(Z83) of order 3403 (84 vertices) [8.9s]
    pair ord(x)=21 ord(ax)=41: True quotient by N(Z83) of order 3403 (84 vertices) [9.0s]
    pair ord(x)=41 ord(ax)=21: True quotient by N(Z7) of order 84 (3403 vertices) [9.5s]
    pair ord(x)=41 ord(ax)=41: True quotient by N(Z7) of order 84 (3403 vertices) [9.5s]
    pair ord(x)=41 ord(ax)=41: True quotient by N(Z7) of order 84 (3403 vertices) [16.1s]
    pair ord(x)=41 ord(ax)=41: True quotient by N(Z7) of order 84 (3403 vertices) [16.2s]
    pair ord(x)=41 ord(ax)=41: True quotient by N(Z7) of order 84 (3403 vertices) [16.1s]
    pair ord(x)=41 ord(ax)=7: True quotient by N(Z7) of order 84 (3403 vertices) [16.1s]
    pair ord(x)=41 ord(ax)=41: True quotient by N(Z7) of order 84 (3403 vertices) [17.6s]
    pair ord(x)=41 ord(ax)=83: True quotient by N(Z7) of order 84 (3403 vertices) [17.8s]
    pair ord(x)=41 ord(ax)=21: True quotient by N(Z7) of order 84 (3403 vertices) [17.8s]
    pair ord(x)=41 ord(ax)=21: True quotient by N(Z7) of order 84 (3403 vertices) [17.7s]
    pair ord(x)=41 ord(ax)=42: True quotient by N(Z7) of order 84 (3403 vertices) [17.9s]
    pair ord(x)=41 ord(ax)=6: True quotient by N(Z7) of order 84 (3403 vertices) [17.9s]
    pair ord(x)=41 ord(ax)=41: True quotient by N(Z7) of order 84 (3403 vertices) [17.8s]
    pair ord(x)=41 ord(ax)=41: True quotient by N(Z7) of order 84 (3403 vertices) [11.3s]
    pair ord(x)=41 ord(ax)=41: True quotient by N(Z7) of order 84 (3403 vertices) [11.3s]
    pair ord(x)=41 ord(ax)=41: True quotient by N(Z7) of order 84 (3403 vertices) [11.4s]
    pair ord(x)=41 ord(ax)=41: True quotient by N(Z7) of order 84 (3403 vertices) [11.3s]
    pair ord(x)=41 ord(ax)=7: True quotient by N(Z7) of order 84 (3403 vertices) [10.2s]
    pair ord(x)=41 ord(ax)=41: True quotient by N(Z7) of order 84 (3403 vertices) [10.1s]
    pair ord(x)=41 ord(ax)=41: True quotient by N(Z7) of order 84 (3403 vertices) [10.1s]
    pair ord(x)=41 ord(ax)=41: True quotient by N(Z7) of order 84 (3403 vertices) [10.0s]
    pair ord(x)=41 ord(ax)=21: True quotient by N(Z7) of order 84 (3403 vertices) [10.1s]
    pair ord(x)=41 ord(ax)=42: True quotient by N(Z7) of order 84 (3403 vertices) [10.1s]
    pair ord(x)=41 ord(ax)=41: True quotient by N(Z7) of order 84 (3403 vertices) [10.2s]
    pair ord(x)=41 ord(ax)=41: True quotient by N(Z7) of order 84 (3403 vertices) [10.1s]
    pair ord(x)=41 ord(ax)=41: True quotient by N(Z7) of order 84 (3403 vertices) [10.2s]
    pair ord(x)=41 ord(ax)=3: True quotient by N(Z7) of order 84 (3403 vertices) [10.3s]
    pair ord(x)=41 ord(ax)=21: True quotient by N(Z7) of order 84 (3403 vertices) [10.1s]
    pair ord(x)=41 ord(ax)=41: True quotient by N(Z7) of order 84 (3403 vertices) [10.3s]
    pair ord(x)=41 ord(ax)=42: True quotient by N(Z7) of order 84 (3403 vertices) [10.2s]
    pair ord(x)=41 ord(ax)=7: True quotient by N(Z7) of order 84 (3403 vertices) [10.3s]
    pair ord(x)=41 ord(ax)=14: True quotient by N(Z7) of order 84 (3403 vertices) [10.3s]
    pair ord(x)=41 ord(ax)=41: True quotient by N(Z7) of order 84 (3403 vertices) [10.2s]
    pair ord(x)=41 ord(ax)=21: True quotient by N(Z7) of order 84 (3403 vertices) [10.3s]
    pair ord(x)=41 ord(ax)=14: True quotient by N(Z7) of order 84 (3403 vertices) [10.2s]
    pair ord(x)=41 ord(ax)=21: True quotient by N(Z7) of order 84 (3403 vertices) [10.2s]
    pair ord(x)=41 ord(ax)=42: True quotient by N(Z7) of order 84 (3403 vertices) [10.3s]
    pair ord(x)=41 ord(ax)=21: True quotient by N(Z7) of order 84 (3403 vertices) [10.2s]
    pair ord(x)=41 ord(ax)=7: True quotient by N(Z7) of order 84 (3403 vertices) [10.2s]
    pair ord(x)=41 ord(ax)=21: True quotient by N(Z7) of order 84 (3403 vertices) [10.3s]
    pair ord(x)=41 ord(ax)=41: True quotient by N(Z7) of order 84 (3403 vertices) [10.3s]
    pair ord(x)=41 ord(ax)=41: True quotient by N(Z7) of order 84 (3403 vertices) [10.2s]
    pair ord(x)=41 ord(ax)=42: True quotient by N(Z7) of order 84 (3403 vertices) [10.3s]
    pair ord(x)=41 ord(ax)=41: True quotient by N(Z7) of order 84 (3403 vertices) [10.2s]
    pair ord(x)=41 ord(ax)=41: True quotient by N(Z7) of order 84 (3403 vertices) [10.2s]
    pair ord(x)=41 ord(ax)=42: True quotient by N(Z7) of order 84 (3403 vertices) [10.2s]
    pair ord(x)=41 ord(ax)=41: True quotient by N(Z7) of order 84 (3403 vertices) [10.2s]
    pair ord(x)=41 ord(ax)=14: True quotient by N(Z7) of order 84 (3403 vertices) [10.2s]
    pair ord(x)=41 ord(ax)=41: True quotient by N(Z7) of order 84 (3403 vertices) [10.2s]
    pair ord(x)=41 ord(ax)=41: True quotient by N(Z7) of order 84 (3403 vertices) [10.2s]
    pair ord(x)=41 ord(ax)=41: True quotient by N(Z7) of order 84 (3403 vertices) [10.1s]
    pair ord(x)=41 ord(ax)=41: True quotient by N(Z7) of order 84 (3403 vertices) [10.2s]
    pair ord(x)=41 ord(ax)=41: True quotient by N(Z7) of order 84 (3403 vertices) [10.1s]
    pair ord(x)=41 ord(ax)=41: True quotient by N(Z7) of order 84 (3403 vertices) [10.1s]
    pair ord(x)=41 ord(ax)=14: True quotient by N(Z7) of order 84 (3403 vertices) [10.1s]
    pair ord(x)=41 ord(ax)=42: True quotient by N(Z7) of order 84 (3403 vertices) [10.0s]
    pair ord(x)=41 ord(ax)=3: True quotient by N(Z7) of order 84 (3403 vertices) [10.2s]
    pair ord(x)=41 ord(ax)=41: True quotient by N(Z7) of order 84 (3403 vertices) [10.0s]
    pair ord(x)=41 ord(ax)=41: True quotient by N(Z7) of order 84 (3403 vertices) [10.0s]
    pair ord(x)=41 ord(ax)=7: True quotient by N(Z7) of order 84 (3403 vertices) [10.0s]
    pair ord(x)=41 ord(ax)=41: True quotient by N(Z7) of order 84 (3403 vertices) [10.0s]
    pair ord(x)=41 ord(ax)=42: True quotient by N(Z7) of order 84 (3403 vertices) [10.0s]
    pair ord(x)=41 ord(ax)=14: True quotient by N(Z7) of order 84 (3403 vertices) [10.0s]
    pair ord(x)=41 ord(ax)=42: True quotient by N(Z7) of order 84 (3403 vertices) [10.0s]
    pair ord(x)=41 ord(ax)=14: True quotient by N(Z7) of order 84 (3403 vertices) [10.0s]
    pair ord(x)=41 ord(ax)=41: True quotient by N(Z7) of order 84 (3403 vertices) [10.0s]
    pair ord(x)=41 ord(ax)=21: True quotient by N(Z7) of order 84 (3403 vertices) [10.0s]
    pair ord(x)=41 ord(ax)=6: True quotient by N(Z7) of order 84 (3403 vertices) [10.0s]
    pair ord(x)=41 ord(ax)=42: True quotient by N(Z7) of order 84 (3403 vertices) [10.0s]
    pair ord(x)=41 ord(ax)=42: True quotient by N(Z7) of order 84 (3403 vertices) [10.0s]
    pair ord(x)=41 ord(ax)=41: True quotient by N(Z7) of order 84 (3403 vertices) [10.0s]
    pair ord(x)=41 ord(ax)=41: True quotient by N(Z7) of order 84 (3403 vertices) [10.0s]
    pair ord(x)=41 ord(ax)=42: True quotient by N(Z7) of order 84 (3403 vertices) [9.9s]
    pair ord(x)=41 ord(ax)=42: True quotient by N(Z7) of order 84 (3403 vertices) [9.9s]
    pair ord(x)=41 ord(ax)=21: True quotient by N(Z7) of order 84 (3403 vertices) [10.0s]
    pair ord(x)=41 ord(ax)=41: True quotient by N(Z7) of order 84 (3403 vertices) [9.9s]
    pair ord(x)=41 ord(ax)=41: True quotient by N(Z7) of order 84 (3403 vertices) [9.9s]
    pair ord(x)=41 ord(ax)=42: True quotient by N(Z7) of order 84 (3403 vertices) [9.9s]
    pair ord(x)=41 ord(ax)=21: True quotient by N(Z7) of order 84 (3403 vertices) [9.9s]
    pair ord(x)=41 ord(ax)=41: True quotient by N(Z7) of order 84 (3403 vertices) [9.9s]
    pair ord(x)=41 ord(ax)=41: True quotient by N(Z7) of order 84 (3403 vertices) [9.8s]
    pair ord(x)=41 ord(ax)=14: True quotient by N(Z7) of order 84 (3403 vertices) [9.9s]
    pair ord(x)=41 ord(ax)=83: True quotient by N(Z7) of order 84 (3403 vertices) [9.9s]
    pair ord(x)=41 ord(ax)=21: True quotient by N(Z7) of order 84 (3403 vertices) [9.8s]
    pair ord(x)=41 ord(ax)=41: True quotient by N(Z7) of order 84 (3403 vertices) [9.7s]
    pair ord(x)=41 ord(ax)=41: True quotient by N(Z7) of order 84 (3403 vertices) [9.8s]
    pair ord(x)=41 ord(ax)=41: True quotient by N(Z7) of order 84 (3403 vertices) [9.8s]
    pair ord(x)=41 ord(ax)=21: True quotient by N(Z7) of order 84 (3403 vertices) [9.8s]
    pair ord(x)=41 ord(ax)=41: True quotient by N(Z7) of order 84 (3403 vertices) [9.8s]
    pair ord(x)=41 ord(ax)=41: True quotient by N(Z7) of order 84 (3403 vertices) [9.8s]
    pair ord(x)=41 ord(ax)=41: True quotient by N(Z7) of order 84 (3403 vertices) [9.8s]
    pair ord(x)=41 ord(ax)=41: True quotient by N(Z7) of order 84 (3403 vertices) [9.7s]
    pair ord(x)=41 ord(ax)=41: True quotient by N(Z7) of order 84 (3403 vertices) [9.8s]
    pair ord(x)=41 ord(ax)=21: True quotient by N(Z7) of order 84 (3403 vertices) [9.8s]
    pair ord(x)=41 ord(ax)=21: True quotient by N(Z7) of order 84 (3403 vertices) [10.2s]
    pair ord(x)=41 ord(ax)=41: True quotient by N(Z7) of order 84 (3403 vertices) [10.2s]
    pair ord(x)=41 ord(ax)=41: True quotient by N(Z7) of order 84 (3403 vertices) [10.3s]
    pair ord(x)=41 ord(ax)=41: True quotient by N(Z7) of order 84 (3403 vertices) [10.3s]
    pair ord(x)=41 ord(ax)=41: True quotient by N(Z7) of order 84 (3403 vertices) [10.4s]
    pair ord(x)=41 ord(ax)=14: True quotient by N(Z7) of order 84 (3403 vertices) [10.5s]
    pair ord(x)=41 ord(ax)=7: True quotient by N(Z7) of order 84 (3403 vertices) [10.5s]
    pair ord(x)=41 ord(ax)=41: True quotient by N(Z7) of order 84 (3403 vertices) [10.5s]
    pair ord(x)=41 ord(ax)=42: True quotient by N(Z7) of order 84 (3403 vertices) [10.4s]
    pair ord(x)=41 ord(ax)=41: True quotient by N(Z7) of order 84 (3403 vertices) [10.5s]
    pair ord(x)=41 ord(ax)=21: True quotient by N(Z7) of order 84 (3403 vertices) [10.4s]
    pair ord(x)=41 ord(ax)=41: True quotient by N(Z7) of order 84 (3403 vertices) [10.1s]
    pair ord(x)=41 ord(ax)=14: True quotient by N(Z7) of order 84 (3403 vertices) [10.0s]
    pair ord(x)=41 ord(ax)=41: True quotient by N(Z7) of order 84 (3403 vertices) [9.9s]
    pair ord(x)=41 ord(ax)=42: True quotient by N(Z7) of order 84 (3403 vertices) [10.1s]
    pair ord(x)=41 ord(ax)=7: True quotient by N(Z7) of order 84 (3403 vertices) [9.9s]
    pair ord(x)=41 ord(ax)=7: True quotient by N(Z7) of order 84 (3403 vertices) [9.9s]
    pair ord(x)=41 ord(ax)=7: True quotient by N(Z7) of order 84 (3403 vertices) [9.9s]
    pair ord(x)=41 ord(ax)=41: True quotient by N(Z7) of order 84 (3403 vertices) [9.9s]
    pair ord(x)=41 ord(ax)=42: True quotient by N(Z7) of order 84 (3403 vertices) [9.9s]
    pair ord(x)=41 ord(ax)=41: True quotient by N(Z7) of order 84 (3403 vertices) [10.1s]
    pair ord(x)=41 ord(ax)=3: True quotient by N(Z7) of order 84 (3403 vertices) [10.8s]
    pair ord(x)=41 ord(ax)=41: True quotient by N(Z7) of order 84 (3403 vertices) [9.8s]
    pair ord(x)=41 ord(ax)=41: True quotient by N(Z7) of order 84 (3403 vertices) [9.8s]
    pair ord(x)=41 ord(ax)=21: True quotient by N(Z7) of order 84 (3403 vertices) [9.8s]
    pair ord(x)=41 ord(ax)=3: True quotient by N(Z7) of order 84 (3403 vertices) [9.9s]
    pair ord(x)=41 ord(ax)=42: True quotient by N(Z7) of order 84 (3403 vertices) [9.7s]
    pair ord(x)=41 ord(ax)=41: True quotient by N(Z7) of order 84 (3403 vertices) [9.7s]
    pair ord(x)=41 ord(ax)=42: True quotient by N(Z7) of order 84 (3403 vertices) [9.7s]
    pair ord(x)=21 ord(ax)=41: True quotient by N(Z83) of order 3403 (84 vertices) [9.2s]
    pair ord(x)=41 ord(ax)=41: True quotient by N(Z7) of order 84 (3403 vertices) [9.7s]
    pair ord(x)=21 ord(ax)=83: True quotient by N(Z83) of order 3403 (84 vertices) [9.3s]
    pair ord(x)=21 ord(ax)=41: True quotient by N(Z83) of order 3403 (84 vertices) [9.2s]
    pair ord(x)=21 ord(ax)=21: True quotient by N(Z83) of order 3403 (84 vertices) [9.3s]
    pair ord(x)=21 ord(ax)=3: True quotient by N(Z83) of order 3403 (84 vertices) [9.2s]
    pair ord(x)=21 ord(ax)=41: True quotient by N(Z83) of order 3403 (84 vertices) [9.2s]
    pair ord(x)=21 ord(ax)=42: True quotient by N(Z83) of order 3403 (84 vertices) [9.2s]
    pair ord(x)=21 ord(ax)=42: True quotient by N(Z83) of order 3403 (84 vertices) [9.2s]
    pair ord(x)=21 ord(ax)=42: True quotient by N(Z83) of order 3403 (84 vertices) [9.2s]
    pair ord(x)=21 ord(ax)=7: True quotient by N(Z83) of order 3403 (84 vertices) [9.3s]
    pair ord(x)=21 ord(ax)=41: True quotient by N(Z83) of order 3403 (84 vertices) [9.2s]
    pair ord(x)=21 ord(ax)=14: True quotient by N(Z83) of order 3403 (84 vertices) [9.2s]
    pair ord(x)=21 ord(ax)=7: True quotient by N(Z83) of order 3403 (84 vertices) [9.2s]
    pair ord(x)=21 ord(ax)=42: True quotient by N(Z83) of order 3403 (84 vertices) [9.2s]
    pair ord(x)=21 ord(ax)=41: True quotient by N(Z83) of order 3403 (84 vertices) [9.2s]
    pair ord(x)=21 ord(ax)=41: True quotient by N(Z83) of order 3403 (84 vertices) [9.2s]
    pair ord(x)=21 ord(ax)=21: True quotient by N(Z83) of order 3403 (84 vertices) [9.2s]
    pair ord(x)=21 ord(ax)=14: True quotient by N(Z83) of order 3403 (84 vertices) [9.3s]
    pair ord(x)=21 ord(ax)=42: True quotient by N(Z83) of order 3403 (84 vertices) [9.2s]
    pair ord(x)=21 ord(ax)=42: True quotient by N(Z83) of order 3403 (84 vertices) [9.3s]
    pair ord(x)=21 ord(ax)=41: True quotient by N(Z83) of order 3403 (84 vertices) [9.3s]
    pair ord(x)=21 ord(ax)=41: True quotient by N(Z83) of order 3403 (84 vertices) [9.2s]
    pair ord(x)=21 ord(ax)=41: True quotient by N(Z83) of order 3403 (84 vertices) [9.2s]
    pair ord(x)=21 ord(ax)=41: True quotient by N(Z83) of order 3403 (84 vertices) [9.3s]
    pair ord(x)=21 ord(ax)=41: True quotient by N(Z83) of order 3403 (84 vertices) [9.3s]
    pair ord(x)=21 ord(ax)=41: True quotient by N(Z83) of order 3403 (84 vertices) [9.2s]
    pair ord(x)=21 ord(ax)=14: True quotient by N(Z83) of order 3403 (84 vertices) [9.1s]
    pair ord(x)=21 ord(ax)=21: True quotient by N(Z83) of order 3403 (84 vertices) [9.1s]
    pair ord(x)=21 ord(ax)=21: True quotient by N(Z83) of order 3403 (84 vertices) [9.2s]
    pair ord(x)=21 ord(ax)=42: True quotient by N(Z83) of order 3403 (84 vertices) [9.1s]
    pair ord(x)=21 ord(ax)=21: True quotient by N(Z83) of order 3403 (84 vertices) [9.1s]
    pair ord(x)=21 ord(ax)=41: True quotient by N(Z83) of order 3403 (84 vertices) [9.2s]
    pair ord(x)=21 ord(ax)=14: True quotient by N(Z83) of order 3403 (84 vertices) [9.1s]
    pair ord(x)=21 ord(ax)=41: True quotient by N(Z83) of order 3403 (84 vertices) [9.2s]
    pair ord(x)=21 ord(ax)=41: True quotient by N(Z83) of order 3403 (84 vertices) [9.2s]
    pair ord(x)=21 ord(ax)=7: True quotient by N(Z83) of order 3403 (84 vertices) [9.2s]
    pair ord(x)=21 ord(ax)=21: True quotient by N(Z83) of order 3403 (84 vertices) [9.3s]
    pair ord(x)=21 ord(ax)=41: True quotient by N(Z83) of order 3403 (84 vertices) [9.2s]
    pair ord(x)=21 ord(ax)=42: True quotient by N(Z83) of order 3403 (84 vertices) [9.2s]
    pair ord(x)=21 ord(ax)=21: True quotient by N(Z83) of order 3403 (84 vertices) [9.3s]
    pair ord(x)=21 ord(ax)=41: True quotient by N(Z83) of order 3403 (84 vertices) [9.2s]
    pair ord(x)=21 ord(ax)=41: True quotient by N(Z83) of order 3403 (84 vertices) [9.2s]
    pair ord(x)=21 ord(ax)=42: True quotient by N(Z83) of order 3403 (84 vertices) [9.2s]
    pair ord(x)=21 ord(ax)=41: True quotient by N(Z83) of order 3403 (84 vertices) [9.1s]
    pair ord(x)=21 ord(ax)=41: True quotient by N(Z83) of order 3403 (84 vertices) [9.1s]
    pair ord(x)=21 ord(ax)=41: True quotient by N(Z83) of order 3403 (84 vertices) [9.2s]
    pair ord(x)=21 ord(ax)=41: True quotient by N(Z83) of order 3403 (84 vertices) [9.2s]
    pair ord(x)=21 ord(ax)=41: True quotient by N(Z83) of order 3403 (84 vertices) [9.2s]
    pair ord(x)=21 ord(ax)=41: True quotient by N(Z83) of order 3403 (84 vertices) [9.2s]
    pair ord(x)=21 ord(ax)=14: True quotient by N(Z83) of order 3403 (84 vertices) [9.2s]
    pair ord(x)=21 ord(ax)=41: True quotient by N(Z83) of order 3403 (84 vertices) [9.2s]
    pair ord(x)=21 ord(ax)=21: True quotient by N(Z83) of order 3403 (84 vertices) [9.2s]
    pair ord(x)=21 ord(ax)=41: True quotient by N(Z83) of order 3403 (84 vertices) [9.4s]
    pair ord(x)=21 ord(ax)=41: True quotient by N(Z83) of order 3403 (84 vertices) [9.4s]
    pair ord(x)=21 ord(ax)=41: True quotient by N(Z83) of order 3403 (84 vertices) [9.3s]
    pair ord(x)=21 ord(ax)=7: True quotient by N(Z83) of order 3403 (84 vertices) [9.4s]
    pair ord(x)=21 ord(ax)=7: True quotient by N(Z83) of order 3403 (84 vertices) [9.3s]
    pair ord(x)=21 ord(ax)=6: True quotient by N(Z83) of order 3403 (84 vertices) [9.3s]
    pair ord(x)=21 ord(ax)=41: True quotient by N(Z83) of order 3403 (84 vertices) [9.3s]
    pair ord(x)=21 ord(ax)=41: True quotient by N(Z83) of order 3403 (84 vertices) [9.3s]
    pair ord(x)=41 ord(ax)=42: True quotient by N(Z7) of order 84 (3403 vertices) [9.9s]
    pair ord(x)=41 ord(ax)=14: True quotient by N(Z7) of order 84 (3403 vertices) [10.0s]
    pair ord(x)=41 ord(ax)=21: True quotient by N(Z7) of order 84 (3403 vertices) [9.8s]
    pair ord(x)=41 ord(ax)=41: True quotient by N(Z7) of order 84 (3403 vertices) [9.9s]
    pair ord(x)=41 ord(ax)=41: True quotient by N(Z7) of order 84 (3403 vertices) [9.9s]
    pair ord(x)=41 ord(ax)=7: True quotient by N(Z7) of order 84 (3403 vertices) [9.8s]
    pair ord(x)=41 ord(ax)=41: True quotient by N(Z7) of order 84 (3403 vertices) [9.9s]
    pair ord(x)=41 ord(ax)=41: True quotient by N(Z7) of order 84 (3403 vertices) [9.9s]
    pair ord(x)=41 ord(ax)=41: True quotient by N(Z7) of order 84 (3403 vertices) [9.9s]
    pair ord(x)=41 ord(ax)=41: True quotient by N(Z7) of order 84 (3403 vertices) [9.8s]
    pair ord(x)=41 ord(ax)=41: True quotient by N(Z7) of order 84 (3403 vertices) [9.7s]
    pair ord(x)=41 ord(ax)=14: True quotient by N(Z7) of order 84 (3403 vertices) [9.7s]
    pair ord(x)=41 ord(ax)=41: True quotient by N(Z7) of order 84 (3403 vertices) [9.8s]
    pair ord(x)=41 ord(ax)=42: True quotient by N(Z7) of order 84 (3403 vertices) [9.6s]
    pair ord(x)=41 ord(ax)=41: True quotient by N(Z7) of order 84 (3403 vertices) [9.8s]
    pair ord(x)=41 ord(ax)=41: True quotient by N(Z7) of order 84 (3403 vertices) [9.8s]
    pair ord(x)=41 ord(ax)=7: True quotient by N(Z7) of order 84 (3403 vertices) [9.8s]
    pair ord(x)=41 ord(ax)=42: True quotient by N(Z7) of order 84 (3403 vertices) [9.9s]
    pair ord(x)=41 ord(ax)=3: True quotient by N(Z7) of order 84 (3403 vertices) [10.9s]
    pair ord(x)=41 ord(ax)=6: True quotient by N(Z7) of order 84 (3403 vertices) [9.9s]
    pair ord(x)=41 ord(ax)=14: True quotient by N(Z7) of order 84 (3403 vertices) [9.9s]
    pair ord(x)=41 ord(ax)=83: True quotient by N(Z7) of order 84 (3403 vertices) [9.8s]
    pair ord(x)=41 ord(ax)=41: True quotient by N(Z7) of order 84 (3403 vertices) [9.8s]
    pair ord(x)=41 ord(ax)=42: True quotient by N(Z7) of order 84 (3403 vertices) [9.9s]
    pair ord(x)=41 ord(ax)=41: True quotient by N(Z7) of order 84 (3403 vertices) [9.9s]
    pair ord(x)=41 ord(ax)=41: True quotient by N(Z7) of order 84 (3403 vertices) [9.8s]
    pair ord(x)=41 ord(ax)=41: True quotient by N(Z7) of order 84 (3403 vertices) [9.8s]
    pair ord(x)=41 ord(ax)=41: True quotient by N(Z7) of order 84 (3403 vertices) [9.8s]
    pair ord(x)=41 ord(ax)=41: True quotient by N(Z7) of order 84 (3403 vertices) [9.8s]
    pair ord(x)=41 ord(ax)=42: True quotient by N(Z7) of order 84 (3403 vertices) [9.7s]
    pair ord(x)=41 ord(ax)=21: True quotient by N(Z7) of order 84 (3403 vertices) [9.7s]
    pair ord(x)=41 ord(ax)=21: True quotient by N(Z7) of order 84 (3403 vertices) [9.7s]
    pair ord(x)=41 ord(ax)=41: True quotient by N(Z7) of order 84 (3403 vertices) [9.8s]
    pair ord(x)=41 ord(ax)=21: True quotient by N(Z7) of order 84 (3403 vertices) [9.8s]
    pair ord(x)=41 ord(ax)=21: True quotient by N(Z7) of order 84 (3403 vertices) [9.8s]
    pair ord(x)=41 ord(ax)=21: True quotient by N(Z7) of order 84 (3403 vertices) [9.7s]
    pair ord(x)=41 ord(ax)=41: True quotient by N(Z7) of order 84 (3403 vertices) [9.6s]
    pair ord(x)=41 ord(ax)=41: True quotient by N(Z7) of order 84 (3403 vertices) [9.7s]
    pair ord(x)=41 ord(ax)=42: True quotient by N(Z7) of order 84 (3403 vertices) [9.6s]
    pair ord(x)=41 ord(ax)=41: True quotient by N(Z7) of order 84 (3403 vertices) [9.7s]
    pair ord(x)=41 ord(ax)=41: True quotient by N(Z7) of order 84 (3403 vertices) [9.8s]
    pair ord(x)=41 ord(ax)=14: True quotient by N(Z7) of order 84 (3403 vertices) [9.8s]
    pair ord(x)=41 ord(ax)=41: True quotient by N(Z7) of order 84 (3403 vertices) [9.9s]
    pair ord(x)=41 ord(ax)=42: True quotient by N(Z7) of order 84 (3403 vertices) [9.7s]
    pair ord(x)=41 ord(ax)=21: True quotient by N(Z7) of order 84 (3403 vertices) [9.8s]
    pair ord(x)=41 ord(ax)=14: True quotient by N(Z7) of order 84 (3403 vertices) [9.8s]
    pair ord(x)=41 ord(ax)=41: True quotient by N(Z7) of order 84 (3403 vertices) [9.8s]
    pair ord(x)=41 ord(ax)=42: True quotient by N(Z7) of order 84 (3403 vertices) [9.8s]
    pair ord(x)=41 ord(ax)=41: True quotient by N(Z7) of order 84 (3403 vertices) [9.7s]
    pair ord(x)=41 ord(ax)=7: True quotient by N(Z7) of order 84 (3403 vertices) [9.8s]
    pair ord(x)=41 ord(ax)=41: True quotient by N(Z7) of order 84 (3403 vertices) [9.8s]
    pair ord(x)=41 ord(ax)=41: True quotient by N(Z7) of order 84 (3403 vertices) [9.8s]
    pair ord(x)=41 ord(ax)=3: True quotient by N(Z7) of order 84 (3403 vertices) [9.7s]
    pair ord(x)=41 ord(ax)=41: True quotient by N(Z7) of order 84 (3403 vertices) [9.8s]
    pair ord(x)=41 ord(ax)=21: True quotient by N(Z7) of order 84 (3403 vertices) [9.7s]
    pair ord(x)=41 ord(ax)=41: True quotient by N(Z7) of order 84 (3403 vertices) [9.8s]
    pair ord(x)=41 ord(ax)=41: True quotient by N(Z7) of order 84 (3403 vertices) [9.8s]
    pair ord(x)=41 ord(ax)=41: True quotient by N(Z7) of order 84 (3403 vertices) [9.8s]
    pair ord(x)=41 ord(ax)=21: True quotient by N(Z7) of order 84 (3403 vertices) [9.9s]
    pair ord(x)=41 ord(ax)=7: True quotient by N(Z7) of order 84 (3403 vertices) [9.9s]
    pair ord(x)=41 ord(ax)=42: True quotient by N(Z7) of order 84 (3403 vertices) [9.9s]
    pair ord(x)=21 ord(ax)=7: True quotient by N(Z83) of order 3403 (84 vertices) [9.4s]
    pair ord(x)=21 ord(ax)=21: True quotient by N(Z83) of order 3403 (84 vertices) [9.4s]
    pair ord(x)=41 ord(ax)=41: True quotient by N(Z7) of order 84 (3403 vertices) [9.9s]
    pair ord(x)=21 ord(ax)=41: True quotient by N(Z83) of order 3403 (84 vertices) [9.3s]
    pair ord(x)=21 ord(ax)=83: True quotient by N(Z83) of order 3403 (84 vertices) [9.3s]
    pair ord(x)=21 ord(ax)=3: True quotient by N(Z83) of order 3403 (84 vertices) [9.3s]
    pair ord(x)=21 ord(ax)=6: True quotient by N(Z83) of order 3403 (84 vertices) [9.3s]
    pair ord(x)=21 ord(ax)=7: True quotient by N(Z83) of order 3403 (84 vertices) [9.3s]
    pair ord(x)=21 ord(ax)=41: True quotient by N(Z83) of order 3403 (84 vertices) [9.3s]
    pair ord(x)=21 ord(ax)=41: True quotient by N(Z83) of order 3403 (84 vertices) [9.3s]
    pair ord(x)=21 ord(ax)=7: True quotient by N(Z83) of order 3403 (84 vertices) [9.3s]
    pair ord(x)=21 ord(ax)=41: True quotient by N(Z83) of order 3403 (84 vertices) [9.4s]
    pair ord(x)=21 ord(ax)=41: True quotient by N(Z83) of order 3403 (84 vertices) [9.4s]
    pair ord(x)=21 ord(ax)=42: True quotient by N(Z83) of order 3403 (84 vertices) [9.4s]
    pair ord(x)=21 ord(ax)=14: True quotient by N(Z83) of order 3403 (84 vertices) [9.3s]
    pair ord(x)=21 ord(ax)=3: True quotient by N(Z83) of order 3403 (84 vertices) [9.3s]
    pair ord(x)=21 ord(ax)=41: True quotient by N(Z83) of order 3403 (84 vertices) [9.2s]
    pair ord(x)=21 ord(ax)=42: True quotient by N(Z83) of order 3403 (84 vertices) [9.3s]
    pair ord(x)=21 ord(ax)=21: True quotient by N(Z83) of order 3403 (84 vertices) [9.2s]
    pair ord(x)=21 ord(ax)=41: True quotient by N(Z83) of order 3403 (84 vertices) [9.2s]
    pair ord(x)=21 ord(ax)=41: True quotient by N(Z83) of order 3403 (84 vertices) [9.2s]
    pair ord(x)=21 ord(ax)=42: True quotient by N(Z83) of order 3403 (84 vertices) [9.2s]
    pair ord(x)=21 ord(ax)=7: True quotient by N(Z83) of order 3403 (84 vertices) [9.2s]
    pair ord(x)=21 ord(ax)=41: True quotient by N(Z83) of order 3403 (84 vertices) [9.2s]
    pair ord(x)=21 ord(ax)=41: True quotient by N(Z83) of order 3403 (84 vertices) [9.2s]
    pair ord(x)=21 ord(ax)=42: True quotient by N(Z83) of order 3403 (84 vertices) [9.2s]
    pair ord(x)=21 ord(ax)=41: True quotient by N(Z83) of order 3403 (84 vertices) [9.1s]
    pair ord(x)=21 ord(ax)=42: True quotient by N(Z83) of order 3403 (84 vertices) [9.1s]
    pair ord(x)=21 ord(ax)=41: True quotient by N(Z83) of order 3403 (84 vertices) [9.1s]
    pair ord(x)=21 ord(ax)=41: True quotient by N(Z83) of order 3403 (84 vertices) [9.1s]
    pair ord(x)=21 ord(ax)=41: True quotient by N(Z83) of order 3403 (84 vertices) [9.1s]
    pair ord(x)=21 ord(ax)=21: True quotient by N(Z83) of order 3403 (84 vertices) [9.1s]
    pair ord(x)=21 ord(ax)=42: True quotient by N(Z83) of order 3403 (84 vertices) [9.1s]
    pair ord(x)=21 ord(ax)=41: True quotient by N(Z83) of order 3403 (84 vertices) [9.2s]
    pair ord(x)=21 ord(ax)=41: True quotient by N(Z83) of order 3403 (84 vertices) [9.2s]
    pair ord(x)=21 ord(ax)=21: True quotient by N(Z83) of order 3403 (84 vertices) [9.2s]
    pair ord(x)=21 ord(ax)=7: True quotient by N(Z83) of order 3403 (84 vertices) [9.2s]
    pair ord(x)=21 ord(ax)=21: True quotient by N(Z83) of order 3403 (84 vertices) [9.2s]
    pair ord(x)=21 ord(ax)=41: True quotient by N(Z83) of order 3403 (84 vertices) [9.3s]
    pair ord(x)=21 ord(ax)=41: True quotient by N(Z83) of order 3403 (84 vertices) [9.3s]
    pair ord(x)=21 ord(ax)=21: True quotient by N(Z83) of order 3403 (84 vertices) [9.3s]
    pair ord(x)=21 ord(ax)=41: True quotient by N(Z83) of order 3403 (84 vertices) [9.3s]
    pair ord(x)=21 ord(ax)=41: True quotient by N(Z83) of order 3403 (84 vertices) [9.3s]
    pair ord(x)=21 ord(ax)=14: True quotient by N(Z83) of order 3403 (84 vertices) [9.4s]
    pair ord(x)=21 ord(ax)=21: True quotient by N(Z83) of order 3403 (84 vertices) [9.3s]
    pair ord(x)=21 ord(ax)=41: True quotient by N(Z83) of order 3403 (84 vertices) [9.3s]
    pair ord(x)=21 ord(ax)=42: True quotient by N(Z83) of order 3403 (84 vertices) [9.3s]
    pair ord(x)=21 ord(ax)=14: True quotient by N(Z83) of order 3403 (84 vertices) [9.2s]
    pair ord(x)=21 ord(ax)=41: True quotient by N(Z83) of order 3403 (84 vertices) [9.3s]
    pair ord(x)=21 ord(ax)=41: True quotient by N(Z83) of order 3403 (84 vertices) [9.2s]
    pair ord(x)=21 ord(ax)=41: True quotient by N(Z83) of order 3403 (84 vertices) [9.2s]
    pair ord(x)=21 ord(ax)=41: True quotient by N(Z83) of order 3403 (84 vertices) [9.2s]
    pair ord(x)=21 ord(ax)=41: True quotient by N(Z83) of order 3403 (84 vertices) [9.1s]
    pair ord(x)=21 ord(ax)=14: True quotient by N(Z83) of order 3403 (84 vertices) [9.1s]
    pair ord(x)=21 ord(ax)=21: True quotient by N(Z83) of order 3403 (84 vertices) [9.2s]
    pair ord(x)=21 ord(ax)=14: True quotient by N(Z83) of order 3403 (84 vertices) [9.2s]
    pair ord(x)=21 ord(ax)=41: True quotient by N(Z83) of order 3403 (84 vertices) [9.2s]
    pair ord(x)=21 ord(ax)=41: True quotient by N(Z83) of order 3403 (84 vertices) [9.2s]
    pair ord(x)=21 ord(ax)=41: True quotient by N(Z83) of order 3403 (84 vertices) [9.1s]
    pair ord(x)=21 ord(ax)=41: True quotient by N(Z83) of order 3403 (84 vertices) [9.2s]
    pair ord(x)=21 ord(ax)=21: True quotient by N(Z83) of order 3403 (84 vertices) [9.1s]
    pair ord(x)=41 ord(ax)=41: True quotient by N(Z7) of order 84 (3403 vertices) [9.6s]
    pair ord(x)=41 ord(ax)=41: True quotient by N(Z7) of order 84 (3403 vertices) [9.6s]
    pair ord(x)=41 ord(ax)=41: True quotient by N(Z7) of order 84 (3403 vertices) [9.7s]
    pair ord(x)=41 ord(ax)=41: True quotient by N(Z7) of order 84 (3403 vertices) [9.7s]
    pair ord(x)=41 ord(ax)=41: True quotient by N(Z7) of order 84 (3403 vertices) [9.6s]
    pair ord(x)=41 ord(ax)=42: True quotient by N(Z7) of order 84 (3403 vertices) [9.6s]
    pair ord(x)=41 ord(ax)=41: True quotient by N(Z7) of order 84 (3403 vertices) [9.7s]
    pair ord(x)=41 ord(ax)=21: True quotient by N(Z7) of order 84 (3403 vertices) [9.7s]
    pair ord(x)=41 ord(ax)=41: True quotient by N(Z7) of order 84 (3403 vertices) [9.7s]
    pair ord(x)=41 ord(ax)=14: True quotient by N(Z7) of order 84 (3403 vertices) [9.7s]
    pair ord(x)=41 ord(ax)=41: True quotient by N(Z7) of order 84 (3403 vertices) [9.7s]
    pair ord(x)=41 ord(ax)=42: True quotient by N(Z7) of order 84 (3403 vertices) [9.7s]
    pair ord(x)=41 ord(ax)=41: True quotient by N(Z7) of order 84 (3403 vertices) [9.8s]
    pair ord(x)=41 ord(ax)=41: True quotient by N(Z7) of order 84 (3403 vertices) [9.7s]
    pair ord(x)=41 ord(ax)=41: True quotient by N(Z7) of order 84 (3403 vertices) [9.7s]
    pair ord(x)=41 ord(ax)=42: True quotient by N(Z7) of order 84 (3403 vertices) [9.8s]
    pair ord(x)=41 ord(ax)=42: True quotient by N(Z7) of order 84 (3403 vertices) [9.7s]
    pair ord(x)=41 ord(ax)=83: True quotient by N(Z7) of order 84 (3403 vertices) [9.7s]
    pair ord(x)=41 ord(ax)=21: True quotient by N(Z7) of order 84 (3403 vertices) [9.7s]
    pair ord(x)=41 ord(ax)=41: True quotient by N(Z7) of order 84 (3403 vertices) [9.5s]
    pair ord(x)=41 ord(ax)=21: True quotient by N(Z7) of order 84 (3403 vertices) [9.7s]
    pair ord(x)=41 ord(ax)=41: True quotient by N(Z7) of order 84 (3403 vertices) [9.6s]
    pair ord(x)=41 ord(ax)=21: True quotient by N(Z7) of order 84 (3403 vertices) [9.6s]
    pair ord(x)=41 ord(ax)=7: True quotient by N(Z7) of order 84 (3403 vertices) [9.7s]
    pair ord(x)=41 ord(ax)=7: True quotient by N(Z7) of order 84 (3403 vertices) [9.6s]
    pair ord(x)=41 ord(ax)=21: True quotient by N(Z7) of order 84 (3403 vertices) [9.8s]
    pair ord(x)=41 ord(ax)=14: True quotient by N(Z7) of order 84 (3403 vertices) [9.8s]
    pair ord(x)=41 ord(ax)=6: True quotient by N(Z7) of order 84 (3403 vertices) [9.9s]
    pair ord(x)=41 ord(ax)=7: True quotient by N(Z7) of order 84 (3403 vertices) [9.8s]
    pair ord(x)=41 ord(ax)=41: True quotient by N(Z7) of order 84 (3403 vertices) [9.9s]
    pair ord(x)=41 ord(ax)=21: True quotient by N(Z7) of order 84 (3403 vertices) [9.9s]
    pair ord(x)=41 ord(ax)=14: True quotient by N(Z7) of order 84 (3403 vertices) [10.0s]
    pair ord(x)=41 ord(ax)=41: True quotient by N(Z7) of order 84 (3403 vertices) [9.9s]
    pair ord(x)=41 ord(ax)=41: True quotient by N(Z7) of order 84 (3403 vertices) [9.8s]
    pair ord(x)=41 ord(ax)=41: True quotient by N(Z7) of order 84 (3403 vertices) [9.9s]
    pair ord(x)=41 ord(ax)=41: True quotient by N(Z7) of order 84 (3403 vertices) [9.9s]
    pair ord(x)=41 ord(ax)=41: True quotient by N(Z7) of order 84 (3403 vertices) [9.8s]
    pair ord(x)=41 ord(ax)=42: True quotient by N(Z7) of order 84 (3403 vertices) [9.9s]
    pair ord(x)=41 ord(ax)=41: True quotient by N(Z7) of order 84 (3403 vertices) [9.8s]
    pair ord(x)=41 ord(ax)=41: True quotient by N(Z7) of order 84 (3403 vertices) [9.8s]
    pair ord(x)=41 ord(ax)=41: True quotient by N(Z7) of order 84 (3403 vertices) [9.8s]
    pair ord(x)=41 ord(ax)=7: True quotient by N(Z7) of order 84 (3403 vertices) [9.9s]
    pair ord(x)=41 ord(ax)=41: True quotient by N(Z7) of order 84 (3403 vertices) [11.2s]
    pair ord(x)=41 ord(ax)=3: True quotient by N(Z7) of order 84 (3403 vertices) [9.9s]
    pair ord(x)=41 ord(ax)=42: True quotient by N(Z7) of order 84 (3403 vertices) [9.7s]
    pair ord(x)=41 ord(ax)=14: True quotient by N(Z7) of order 84 (3403 vertices) [9.8s]
    pair ord(x)=41 ord(ax)=21: True quotient by N(Z7) of order 84 (3403 vertices) [9.6s]
    pair ord(x)=41 ord(ax)=41: True quotient by N(Z7) of order 84 (3403 vertices) [9.7s]
    pair ord(x)=41 ord(ax)=41: True quotient by N(Z7) of order 84 (3403 vertices) [9.7s]
    pair ord(x)=41 ord(ax)=42: True quotient by N(Z7) of order 84 (3403 vertices) [9.6s]
    pair ord(x)=41 ord(ax)=21: True quotient by N(Z7) of order 84 (3403 vertices) [9.7s]
    pair ord(x)=41 ord(ax)=41: True quotient by N(Z7) of order 84 (3403 vertices) [9.7s]
    pair ord(x)=41 ord(ax)=41: True quotient by N(Z7) of order 84 (3403 vertices) [9.7s]
    pair ord(x)=41 ord(ax)=41: True quotient by N(Z7) of order 84 (3403 vertices) [9.6s]
    pair ord(x)=41 ord(ax)=41: True quotient by N(Z7) of order 84 (3403 vertices) [9.6s]
    pair ord(x)=41 ord(ax)=42: True quotient by N(Z7) of order 84 (3403 vertices) [9.6s]
    pair ord(x)=41 ord(ax)=41: True quotient by N(Z7) of order 84 (3403 vertices) [9.7s]
    pair ord(x)=41 ord(ax)=41: True quotient by N(Z7) of order 84 (3403 vertices) [9.5s]
    pair ord(x)=41 ord(ax)=14: True quotient by N(Z7) of order 84 (3403 vertices) [9.6s]
    pair ord(x)=41 ord(ax)=41: True quotient by N(Z7) of order 84 (3403 vertices) [9.6s]
    pair ord(x)=7 ord(ax)=7: True quotient by N(Z83) of order 3403 (84 vertices) [9.1s]
    pair ord(x)=41 ord(ax)=14: True quotient by N(Z7) of order 84 (3403 vertices) [9.6s]
    pair ord(x)=41 ord(ax)=7: True quotient by N(Z7) of order 84 (3403 vertices) [9.6s]
    pair ord(x)=7 ord(ax)=41: True quotient by N(Z83) of order 3403 (84 vertices) [9.1s]
    pair ord(x)=7 ord(ax)=41: True quotient by N(Z83) of order 3403 (84 vertices) [9.1s]
    pair ord(x)=7 ord(ax)=42: True quotient by N(Z83) of order 3403 (84 vertices) [9.1s]
    pair ord(x)=7 ord(ax)=21: True quotient by N(Z83) of order 3403 (84 vertices) [9.1s]
    pair ord(x)=7 ord(ax)=3: True quotient by N(Z83) of order 3403 (84 vertices) [9.2s]
    pair ord(x)=7 ord(ax)=41: True quotient by N(Z83) of order 3403 (84 vertices) [9.1s]
    pair ord(x)=7 ord(ax)=21: True quotient by N(Z83) of order 3403 (84 vertices) [9.1s]
    pair ord(x)=7 ord(ax)=41: True quotient by N(Z83) of order 3403 (84 vertices) [9.2s]
    pair ord(x)=7 ord(ax)=41: True quotient by N(Z83) of order 3403 (84 vertices) [9.2s]
    pair ord(x)=7 ord(ax)=41: True quotient by N(Z83) of order 3403 (84 vertices) [9.1s]
    pair ord(x)=7 ord(ax)=42: True quotient by N(Z83) of order 3403 (84 vertices) [9.2s]
    pair ord(x)=7 ord(ax)=7: True quotient by N(Z83) of order 3403 (84 vertices) [9.2s]
    pair ord(x)=7 ord(ax)=41: True quotient by N(Z83) of order 3403 (84 vertices) [9.1s]
    pair ord(x)=7 ord(ax)=41: True quotient by N(Z83) of order 3403 (84 vertices) [9.1s]
    pair ord(x)=7 ord(ax)=14: True quotient by N(Z83) of order 3403 (84 vertices) [9.1s]
    pair ord(x)=7 ord(ax)=21: True quotient by N(Z83) of order 3403 (84 vertices) [9.2s]
    pair ord(x)=7 ord(ax)=41: True quotient by N(Z83) of order 3403 (84 vertices) [9.1s]
    pair ord(x)=7 ord(ax)=41: True quotient by N(Z83) of order 3403 (84 vertices) [9.1s]
    pair ord(x)=7 ord(ax)=41: True quotient by N(Z83) of order 3403 (84 vertices) [9.2s]
    pair ord(x)=7 ord(ax)=21: True quotient by N(Z83) of order 3403 (84 vertices) [9.1s]
    pair ord(x)=7 ord(ax)=41: True quotient by N(Z83) of order 3403 (84 vertices) [9.2s]
    pair ord(x)=7 ord(ax)=7: True quotient by N(Z83) of order 3403 (84 vertices) [9.2s]
    pair ord(x)=7 ord(ax)=41: True quotient by N(Z83) of order 3403 (84 vertices) [9.3s]
    pair ord(x)=7 ord(ax)=6: True quotient by N(Z83) of order 3403 (84 vertices) [9.2s]
    pair ord(x)=7 ord(ax)=42: True quotient by N(Z83) of order 3403 (84 vertices) [9.2s]
    pair ord(x)=7 ord(ax)=41: True quotient by N(Z83) of order 3403 (84 vertices) [9.1s]
    pair ord(x)=7 ord(ax)=83: True quotient by N(Z83) of order 3403 (84 vertices) [9.2s]
    pair ord(x)=7 ord(ax)=41: True quotient by N(Z83) of order 3403 (84 vertices) [9.1s]
    pair ord(x)=7 ord(ax)=41: True quotient by N(Z83) of order 3403 (84 vertices) [9.2s]
    pair ord(x)=7 ord(ax)=42: True quotient by N(Z83) of order 3403 (84 vertices) [9.2s]
    pair ord(x)=7 ord(ax)=41: True quotient by N(Z83) of order 3403 (84 vertices) [9.2s]
    pair ord(x)=7 ord(ax)=14: True quotient by N(Z83) of order 3403 (84 vertices) [9.3s]
    pair ord(x)=7 ord(ax)=42: True quotient by N(Z83) of order 3403 (84 vertices) [9.2s]
    pair ord(x)=7 ord(ax)=41: True quotient by N(Z83) of order 3403 (84 vertices) [9.2s]
    pair ord(x)=7 ord(ax)=41: True quotient by N(Z83) of order 3403 (84 vertices) [9.1s]
    pair ord(x)=7 ord(ax)=41: True quotient by N(Z83) of order 3403 (84 vertices) [9.2s]
    pair ord(x)=7 ord(ax)=41: True quotient by N(Z83) of order 3403 (84 vertices) [9.2s]
    pair ord(x)=7 ord(ax)=41: True quotient by N(Z83) of order 3403 (84 vertices) [9.3s]
    pair ord(x)=7 ord(ax)=7: True quotient by N(Z83) of order 3403 (84 vertices) [9.2s]
    pair ord(x)=7 ord(ax)=41: True quotient by N(Z83) of order 3403 (84 vertices) [9.2s]
    pair ord(x)=7 ord(ax)=21: True quotient by N(Z83) of order 3403 (84 vertices) [9.3s]
    pair ord(x)=7 ord(ax)=7: True quotient by N(Z83) of order 3403 (84 vertices) [9.3s]
    pair ord(x)=7 ord(ax)=41: True quotient by N(Z83) of order 3403 (84 vertices) [9.3s]
    pair ord(x)=7 ord(ax)=41: True quotient by N(Z83) of order 3403 (84 vertices) [9.3s]
    pair ord(x)=7 ord(ax)=41: True quotient by N(Z83) of order 3403 (84 vertices) [9.2s]
    pair ord(x)=7 ord(ax)=41: True quotient by N(Z83) of order 3403 (84 vertices) [9.2s]
    pair ord(x)=7 ord(ax)=41: True quotient by N(Z83) of order 3403 (84 vertices) [9.2s]
    pair ord(x)=7 ord(ax)=41: True quotient by N(Z83) of order 3403 (84 vertices) [9.2s]
    pair ord(x)=7 ord(ax)=21: True quotient by N(Z83) of order 3403 (84 vertices) [9.3s]
    pair ord(x)=7 ord(ax)=21: True quotient by N(Z83) of order 3403 (84 vertices) [9.3s]
    pair ord(x)=7 ord(ax)=21: True quotient by N(Z83) of order 3403 (84 vertices) [9.2s]
    pair ord(x)=7 ord(ax)=21: True quotient by N(Z83) of order 3403 (84 vertices) [9.3s]
    pair ord(x)=7 ord(ax)=42: True quotient by N(Z83) of order 3403 (84 vertices) [9.3s]
    pair ord(x)=7 ord(ax)=42: True quotient by N(Z83) of order 3403 (84 vertices) [9.3s]
    pair ord(x)=7 ord(ax)=42: True quotient by N(Z83) of order 3403 (84 vertices) [9.3s]
    pair ord(x)=7 ord(ax)=41: True quotient by N(Z83) of order 3403 (84 vertices) [9.4s]
    pair ord(x)=7 ord(ax)=41: True quotient by N(Z83) of order 3403 (84 vertices) [9.4s]
    pair ord(x)=7 ord(ax)=41: True quotient by N(Z83) of order 3403 (84 vertices) [9.5s]
    pair ord(x)=7 ord(ax)=21: True quotient by N(Z83) of order 3403 (84 vertices) [9.4s]
    pair ord(x)=41 ord(ax)=7: True quotient by N(Z7) of order 84 (3403 vertices) [9.9s]
    pair ord(x)=41 ord(ax)=41: True quotient by N(Z7) of order 84 (3403 vertices) [9.7s]
    pair ord(x)=41 ord(ax)=21: True quotient by N(Z7) of order 84 (3403 vertices) [9.9s]
    pair ord(x)=41 ord(ax)=41: True quotient by N(Z7) of order 84 (3403 vertices) [9.8s]
    pair ord(x)=41 ord(ax)=41: True quotient by N(Z7) of order 84 (3403 vertices) [9.8s]
    pair ord(x)=41 ord(ax)=41: True quotient by N(Z7) of order 84 (3403 vertices) [9.9s]
    pair ord(x)=41 ord(ax)=41: True quotient by N(Z7) of order 84 (3403 vertices) [9.8s]
    pair ord(x)=41 ord(ax)=42: True quotient by N(Z7) of order 84 (3403 vertices) [9.9s]
    pair ord(x)=41 ord(ax)=21: True quotient by N(Z7) of order 84 (3403 vertices) [9.8s]
    pair ord(x)=41 ord(ax)=21: True quotient by N(Z7) of order 84 (3403 vertices) [9.8s]
    pair ord(x)=41 ord(ax)=41: True quotient by N(Z7) of order 84 (3403 vertices) [9.8s]
    pair ord(x)=41 ord(ax)=41: True quotient by N(Z7) of order 84 (3403 vertices) [9.8s]
    pair ord(x)=41 ord(ax)=6: True quotient by N(Z7) of order 84 (3403 vertices) [9.8s]
    pair ord(x)=41 ord(ax)=41: True quotient by N(Z7) of order 84 (3403 vertices) [9.8s]
    pair ord(x)=41 ord(ax)=42: True quotient by N(Z7) of order 84 (3403 vertices) [9.8s]
    pair ord(x)=41 ord(ax)=41: True quotient by N(Z7) of order 84 (3403 vertices) [9.7s]
    pair ord(x)=41 ord(ax)=41: True quotient by N(Z7) of order 84 (3403 vertices) [9.8s]
    pair ord(x)=41 ord(ax)=42: True quotient by N(Z7) of order 84 (3403 vertices) [9.8s]
    pair ord(x)=41 ord(ax)=41: True quotient by N(Z7) of order 84 (3403 vertices) [9.7s]
    pair ord(x)=41 ord(ax)=42: True quotient by N(Z7) of order 84 (3403 vertices) [9.6s]
    pair ord(x)=41 ord(ax)=41: True quotient by N(Z7) of order 84 (3403 vertices) [9.8s]
    pair ord(x)=41 ord(ax)=41: True quotient by N(Z7) of order 84 (3403 vertices) [9.7s]
    pair ord(x)=41 ord(ax)=14: True quotient by N(Z7) of order 84 (3403 vertices) [9.9s]
    pair ord(x)=41 ord(ax)=14: True quotient by N(Z7) of order 84 (3403 vertices) [9.8s]
    pair ord(x)=41 ord(ax)=14: True quotient by N(Z7) of order 84 (3403 vertices) [9.8s]
    pair ord(x)=41 ord(ax)=41: True quotient by N(Z7) of order 84 (3403 vertices) [9.9s]
    pair ord(x)=41 ord(ax)=41: True quotient by N(Z7) of order 84 (3403 vertices) [9.8s]
    pair ord(x)=41 ord(ax)=41: True quotient by N(Z7) of order 84 (3403 vertices) [9.9s]
    pair ord(x)=41 ord(ax)=41: True quotient by N(Z7) of order 84 (3403 vertices) [9.9s]
    pair ord(x)=41 ord(ax)=83: True quotient by N(Z7) of order 84 (3403 vertices) [9.7s]
    pair ord(x)=41 ord(ax)=41: True quotient by N(Z7) of order 84 (3403 vertices) [9.6s]
    pair ord(x)=41 ord(ax)=21: True quotient by N(Z7) of order 84 (3403 vertices) [9.7s]
    pair ord(x)=41 ord(ax)=7: True quotient by N(Z7) of order 84 (3403 vertices) [9.7s]
    pair ord(x)=41 ord(ax)=21: True quotient by N(Z7) of order 84 (3403 vertices) [9.7s]
    pair ord(x)=41 ord(ax)=41: True quotient by N(Z7) of order 84 (3403 vertices) [9.8s]
    pair ord(x)=41 ord(ax)=41: True quotient by N(Z7) of order 84 (3403 vertices) [9.9s]
    pair ord(x)=41 ord(ax)=42: True quotient by N(Z7) of order 84 (3403 vertices) [9.8s]
    pair ord(x)=41 ord(ax)=21: True quotient by N(Z7) of order 84 (3403 vertices) [9.8s]
    pair ord(x)=41 ord(ax)=41: True quotient by N(Z7) of order 84 (3403 vertices) [9.8s]
    pair ord(x)=41 ord(ax)=21: True quotient by N(Z7) of order 84 (3403 vertices) [9.8s]
    pair ord(x)=41 ord(ax)=41: True quotient by N(Z7) of order 84 (3403 vertices) [9.8s]
    pair ord(x)=41 ord(ax)=42: True quotient by N(Z7) of order 84 (3403 vertices) [9.7s]
    pair ord(x)=41 ord(ax)=42: True quotient by N(Z7) of order 84 (3403 vertices) [9.8s]
    pair ord(x)=41 ord(ax)=3: True quotient by N(Z7) of order 84 (3403 vertices) [9.9s]
    pair ord(x)=41 ord(ax)=41: True quotient by N(Z7) of order 84 (3403 vertices) [9.7s]
    pair ord(x)=41 ord(ax)=41: True quotient by N(Z7) of order 84 (3403 vertices) [9.7s]
    pair ord(x)=41 ord(ax)=7: True quotient by N(Z7) of order 84 (3403 vertices) [9.8s]
    pair ord(x)=41 ord(ax)=41: True quotient by N(Z7) of order 84 (3403 vertices) [9.8s]
    pair ord(x)=41 ord(ax)=41: True quotient by N(Z7) of order 84 (3403 vertices) [9.8s]
    pair ord(x)=41 ord(ax)=42: True quotient by N(Z7) of order 84 (3403 vertices) [9.8s]
    pair ord(x)=41 ord(ax)=7: True quotient by N(Z7) of order 84 (3403 vertices) [9.9s]
    pair ord(x)=41 ord(ax)=41: True quotient by N(Z7) of order 84 (3403 vertices) [9.8s]
    pair ord(x)=41 ord(ax)=21: True quotient by N(Z7) of order 84 (3403 vertices) [9.9s]
    pair ord(x)=41 ord(ax)=7: True quotient by N(Z7) of order 84 (3403 vertices) [9.7s]
    pair ord(x)=41 ord(ax)=41: True quotient by N(Z7) of order 84 (3403 vertices) [9.7s]
    pair ord(x)=41 ord(ax)=41: True quotient by N(Z7) of order 84 (3403 vertices) [9.8s]
    pair ord(x)=41 ord(ax)=21: True quotient by N(Z7) of order 84 (3403 vertices) [9.7s]
    pair ord(x)=41 ord(ax)=7: True quotient by N(Z7) of order 84 (3403 vertices) [9.8s]
    pair ord(x)=41 ord(ax)=6: True quotient by N(Z7) of order 84 (3403 vertices) [9.9s]
    pair ord(x)=41 ord(ax)=14: True quotient by N(Z7) of order 84 (3403 vertices) [9.8s]
    pair ord(x)=41 ord(ax)=41: True quotient by N(Z7) of order 84 (3403 vertices) [9.8s]
    pair ord(x)=41 ord(ax)=3: True quotient by N(Z7) of order 84 (3403 vertices) [9.8s]
    pair ord(x)=41 ord(ax)=7: True quotient by N(Z7) of order 84 (3403 vertices) [9.8s]
    pair ord(x)=41 ord(ax)=41: True quotient by N(Z7) of order 84 (3403 vertices) [9.8s]
    pair ord(x)=41 ord(ax)=7: True quotient by N(Z7) of order 84 (3403 vertices) [9.8s]
    pair ord(x)=41 ord(ax)=41: True quotient by N(Z7) of order 84 (3403 vertices) [9.8s]
    pair ord(x)=41 ord(ax)=21: True quotient by N(Z7) of order 84 (3403 vertices) [9.8s]
    pair ord(x)=41 ord(ax)=42: True quotient by N(Z7) of order 84 (3403 vertices) [9.8s]
    pair ord(x)=41 ord(ax)=41: True quotient by N(Z7) of order 84 (3403 vertices) [9.8s]
    pair ord(x)=41 ord(ax)=41: True quotient by N(Z7) of order 84 (3403 vertices) [9.7s]
    pair ord(x)=41 ord(ax)=41: True quotient by N(Z7) of order 84 (3403 vertices) [9.7s]
    pair ord(x)=41 ord(ax)=6: True quotient by N(Z7) of order 84 (3403 vertices) [9.7s]
    pair ord(x)=41 ord(ax)=41: True quotient by N(Z7) of order 84 (3403 vertices) [9.7s]
    pair ord(x)=41 ord(ax)=41: True quotient by N(Z7) of order 84 (3403 vertices) [9.7s]
    pair ord(x)=41 ord(ax)=42: True quotient by N(Z7) of order 84 (3403 vertices) [9.7s]
    pair ord(x)=41 ord(ax)=41: True quotient by N(Z7) of order 84 (3403 vertices) [9.6s]
    pair ord(x)=41 ord(ax)=41: True quotient by N(Z7) of order 84 (3403 vertices) [9.7s]
    pair ord(x)=41 ord(ax)=41: True quotient by N(Z7) of order 84 (3403 vertices) [9.7s]
    pair ord(x)=41 ord(ax)=83: True quotient by N(Z7) of order 84 (3403 vertices) [9.6s]
    pair ord(x)=41 ord(ax)=42: True quotient by N(Z7) of order 84 (3403 vertices) [9.6s]
    pair ord(x)=41 ord(ax)=41: True quotient by N(Z7) of order 84 (3403 vertices) [9.7s]
    pair ord(x)=41 ord(ax)=41: True quotient by N(Z7) of order 84 (3403 vertices) [9.7s]
    pair ord(x)=41 ord(ax)=41: True quotient by N(Z7) of order 84 (3403 vertices) [9.6s]
    pair ord(x)=41 ord(ax)=21: True quotient by N(Z7) of order 84 (3403 vertices) [9.7s]
    pair ord(x)=41 ord(ax)=42: True quotient by N(Z7) of order 84 (3403 vertices) [9.7s]
    pair ord(x)=41 ord(ax)=41: True quotient by N(Z7) of order 84 (3403 vertices) [9.7s]
    pair ord(x)=41 ord(ax)=7: True quotient by N(Z7) of order 84 (3403 vertices) [9.8s]
    pair ord(x)=41 ord(ax)=41: True quotient by N(Z7) of order 84 (3403 vertices) [9.7s]
    pair ord(x)=41 ord(ax)=14: True quotient by N(Z7) of order 84 (3403 vertices) [9.7s]
    pair ord(x)=41 ord(ax)=6: True quotient by N(Z7) of order 84 (3403 vertices) [9.7s]
    pair ord(x)=41 ord(ax)=21: True quotient by N(Z7) of order 84 (3403 vertices) [9.7s]
    pair ord(x)=41 ord(ax)=21: True quotient by N(Z7) of order 84 (3403 vertices) [9.7s]
    pair ord(x)=41 ord(ax)=41: True quotient by N(Z7) of order 84 (3403 vertices) [9.7s]
    pair ord(x)=41 ord(ax)=21: True quotient by N(Z7) of order 84 (3403 vertices) [9.7s]
    pair ord(x)=41 ord(ax)=41: True quotient by N(Z7) of order 84 (3403 vertices) [9.8s]
    pair ord(x)=41 ord(ax)=14: True quotient by N(Z7) of order 84 (3403 vertices) [9.6s]
    pair ord(x)=41 ord(ax)=21: True quotient by N(Z7) of order 84 (3403 vertices) [9.7s]
    pair ord(x)=41 ord(ax)=3: True quotient by N(Z7) of order 84 (3403 vertices) [9.7s]
    pair ord(x)=41 ord(ax)=42: True quotient by N(Z7) of order 84 (3403 vertices) [9.7s]
    pair ord(x)=41 ord(ax)=41: True quotient by N(Z7) of order 84 (3403 vertices) [9.7s]
    pair ord(x)=41 ord(ax)=42: True quotient by N(Z7) of order 84 (3403 vertices) [9.7s]
    pair ord(x)=41 ord(ax)=41: True quotient by N(Z7) of order 84 (3403 vertices) [9.6s]
    pair ord(x)=41 ord(ax)=14: True quotient by N(Z7) of order 84 (3403 vertices) [9.8s]
    pair ord(x)=41 ord(ax)=42: True quotient by N(Z7) of order 84 (3403 vertices) [9.7s]
    pair ord(x)=41 ord(ax)=41: True quotient by N(Z7) of order 84 (3403 vertices) [9.7s]
    pair ord(x)=41 ord(ax)=41: True quotient by N(Z7) of order 84 (3403 vertices) [9.7s]
    pair ord(x)=41 ord(ax)=42: True quotient by N(Z7) of order 84 (3403 vertices) [9.6s]
    pair ord(x)=41 ord(ax)=41: True quotient by N(Z7) of order 84 (3403 vertices) [9.7s]
    pair ord(x)=41 ord(ax)=7: True quotient by N(Z7) of order 84 (3403 vertices) [9.6s]
    pair ord(x)=41 ord(ax)=41: True quotient by N(Z7) of order 84 (3403 vertices) [9.6s]
    pair ord(x)=41 ord(ax)=14: True quotient by N(Z7) of order 84 (3403 vertices) [9.8s]
    pair ord(x)=41 ord(ax)=41: True quotient by N(Z7) of order 84 (3403 vertices) [9.7s]
    pair ord(x)=41 ord(ax)=7: True quotient by N(Z7) of order 84 (3403 vertices) [9.7s]
    pair ord(x)=41 ord(ax)=3: True quotient by N(Z7) of order 84 (3403 vertices) [9.8s]
    pair ord(x)=41 ord(ax)=42: True quotient by N(Z7) of order 84 (3403 vertices) [9.8s]
    pair ord(x)=41 ord(ax)=42: True quotient by N(Z7) of order 84 (3403 vertices) [9.7s]
    pair ord(x)=41 ord(ax)=41: True quotient by N(Z7) of order 84 (3403 vertices) [9.8s]
    pair ord(x)=41 ord(ax)=41: True quotient by N(Z7) of order 84 (3403 vertices) [9.7s]
    pair ord(x)=41 ord(ax)=41: True quotient by N(Z7) of order 84 (3403 vertices) [9.7s]
    pair ord(x)=41 ord(ax)=42: True quotient by N(Z7) of order 84 (3403 vertices) [9.8s]
    pair ord(x)=41 ord(ax)=41: True quotient by N(Z7) of order 84 (3403 vertices) [9.6s]
    pair ord(x)=41 ord(ax)=42: True quotient by N(Z7) of order 84 (3403 vertices) [9.7s]
    pair ord(x)=41 ord(ax)=21: True quotient by N(Z7) of order 84 (3403 vertices) [9.6s]
    pair ord(x)=41 ord(ax)=41: True quotient by N(Z7) of order 84 (3403 vertices) [9.5s]
    pair ord(x)=41 ord(ax)=42: True quotient by N(Z7) of order 84 (3403 vertices) [9.7s]
    pair ord(x)=41 ord(ax)=83: True quotient by N(Z7) of order 84 (3403 vertices) [9.6s]
    pair ord(x)=41 ord(ax)=21: True quotient by N(Z7) of order 84 (3403 vertices) [9.7s]
    pair ord(x)=41 ord(ax)=41: True quotient by N(Z7) of order 84 (3403 vertices) [9.7s]
    pair ord(x)=41 ord(ax)=42: True quotient by N(Z7) of order 84 (3403 vertices) [9.6s]
    pair ord(x)=41 ord(ax)=7: True quotient by N(Z7) of order 84 (3403 vertices) [9.6s]
    pair ord(x)=41 ord(ax)=41: True quotient by N(Z7) of order 84 (3403 vertices) [9.6s]
    pair ord(x)=41 ord(ax)=21: True quotient by N(Z7) of order 84 (3403 vertices) [9.7s]
    pair ord(x)=41 ord(ax)=21: True quotient by N(Z7) of order 84 (3403 vertices) [9.7s]
    pair ord(x)=41 ord(ax)=41: True quotient by N(Z7) of order 84 (3403 vertices) [9.6s]
    pair ord(x)=41 ord(ax)=41: True quotient by N(Z7) of order 84 (3403 vertices) [9.7s]
    pair ord(x)=41 ord(ax)=41: True quotient by N(Z7) of order 84 (3403 vertices) [9.8s]
    pair ord(x)=41 ord(ax)=3: True quotient by N(Z7) of order 84 (3403 vertices) [9.8s]
    pair ord(x)=41 ord(ax)=42: True quotient by N(Z7) of order 84 (3403 vertices) [9.7s]
    pair ord(x)=41 ord(ax)=41: True quotient by N(Z7) of order 84 (3403 vertices) [9.7s]
    pair ord(x)=41 ord(ax)=41: True quotient by N(Z7) of order 84 (3403 vertices) [9.7s]
    pair ord(x)=41 ord(ax)=41: True quotient by N(Z7) of order 84 (3403 vertices) [9.7s]
    pair ord(x)=41 ord(ax)=6: True quotient by N(Z7) of order 84 (3403 vertices) [9.7s]
    pair ord(x)=41 ord(ax)=41: True quotient by N(Z7) of order 84 (3403 vertices) [9.6s]
    pair ord(x)=41 ord(ax)=41: True quotient by N(Z7) of order 84 (3403 vertices) [9.6s]
    pair ord(x)=41 ord(ax)=14: True quotient by N(Z7) of order 84 (3403 vertices) [9.6s]
    pair ord(x)=41 ord(ax)=14: True quotient by N(Z7) of order 84 (3403 vertices) [9.6s]
    pair ord(x)=41 ord(ax)=41: True quotient by N(Z7) of order 84 (3403 vertices) [9.7s]
    pair ord(x)=41 ord(ax)=41: True quotient by N(Z7) of order 84 (3403 vertices) [9.6s]
    pair ord(x)=41 ord(ax)=41: True quotient by N(Z7) of order 84 (3403 vertices) [9.7s]
    pair ord(x)=41 ord(ax)=21: True quotient by N(Z7) of order 84 (3403 vertices) [9.7s]
    pair ord(x)=41 ord(ax)=41: True quotient by N(Z7) of order 84 (3403 vertices) [10.1s]
    pair ord(x)=41 ord(ax)=41: True quotient by N(Z7) of order 84 (3403 vertices) [10.3s]
    pair ord(x)=41 ord(ax)=41: True quotient by N(Z7) of order 84 (3403 vertices) [10.4s]
    pair ord(x)=41 ord(ax)=21: True quotient by N(Z7) of order 84 (3403 vertices) [10.5s]
    pair ord(x)=41 ord(ax)=41: True quotient by N(Z7) of order 84 (3403 vertices) [10.6s]
    pair ord(x)=41 ord(ax)=6: True quotient by N(Z7) of order 84 (3403 vertices) [10.5s]
    pair ord(x)=41 ord(ax)=41: True quotient by N(Z7) of order 84 (3403 vertices) [10.4s]
    pair ord(x)=41 ord(ax)=41: True quotient by N(Z7) of order 84 (3403 vertices) [10.4s]
    pair ord(x)=41 ord(ax)=41: True quotient by N(Z7) of order 84 (3403 vertices) [10.4s]
    pair ord(x)=41 ord(ax)=21: True quotient by N(Z7) of order 84 (3403 vertices) [10.5s]
    pair ord(x)=41 ord(ax)=41: True quotient by N(Z7) of order 84 (3403 vertices) [10.6s]
    pair ord(x)=41 ord(ax)=14: True quotient by N(Z7) of order 84 (3403 vertices) [10.2s]
    pair ord(x)=41 ord(ax)=7: True quotient by N(Z7) of order 84 (3403 vertices) [10.1s]
    pair ord(x)=41 ord(ax)=41: True quotient by N(Z7) of order 84 (3403 vertices) [9.9s]
    pair ord(x)=41 ord(ax)=41: True quotient by N(Z7) of order 84 (3403 vertices) [9.8s]
    pair ord(x)=41 ord(ax)=7: True quotient by N(Z7) of order 84 (3403 vertices) [9.9s]
    pair ord(x)=41 ord(ax)=41: True quotient by N(Z7) of order 84 (3403 vertices) [9.8s]
    pair ord(x)=41 ord(ax)=41: True quotient by N(Z7) of order 84 (3403 vertices) [9.9s]
    pair ord(x)=41 ord(ax)=42: True quotient by N(Z7) of order 84 (3403 vertices) [9.9s]
    pair ord(x)=41 ord(ax)=41: True quotient by N(Z7) of order 84 (3403 vertices) [10.0s]
    pair ord(x)=41 ord(ax)=14: True quotient by N(Z7) of order 84 (3403 vertices) [10.3s]
    pair ord(x)=41 ord(ax)=41: True quotient by N(Z7) of order 84 (3403 vertices) [10.4s]
    pair ord(x)=41 ord(ax)=42: True quotient by N(Z7) of order 84 (3403 vertices) [10.7s]
    pair ord(x)=41 ord(ax)=41: True quotient by N(Z7) of order 84 (3403 vertices) [10.8s]
    pair ord(x)=41 ord(ax)=21: True quotient by N(Z7) of order 84 (3403 vertices) [10.7s]
    pair ord(x)=41 ord(ax)=42: True quotient by N(Z7) of order 84 (3403 vertices) [10.7s]
    pair ord(x)=41 ord(ax)=42: True quotient by N(Z7) of order 84 (3403 vertices) [10.7s]
    pair ord(x)=41 ord(ax)=21: True quotient by N(Z7) of order 84 (3403 vertices) [10.8s]
    pair ord(x)=41 ord(ax)=21: True quotient by N(Z7) of order 84 (3403 vertices) [10.8s]
    pair ord(x)=41 ord(ax)=7: True quotient by N(Z7) of order 84 (3403 vertices) [10.7s]
    pair ord(x)=41 ord(ax)=7: True quotient by N(Z7) of order 84 (3403 vertices) [10.7s]
    pair ord(x)=41 ord(ax)=41: True quotient by N(Z7) of order 84 (3403 vertices) [10.4s]
    pair ord(x)=41 ord(ax)=41: True quotient by N(Z7) of order 84 (3403 vertices) [10.4s]
    pair ord(x)=41 ord(ax)=21: True quotient by N(Z7) of order 84 (3403 vertices) [10.2s]
    pair ord(x)=41 ord(ax)=42: True quotient by N(Z7) of order 84 (3403 vertices) [10.6s]
    pair ord(x)=21 ord(ax)=41: True quotient by N(Z83) of order 3403 (84 vertices) [10.3s]
    pair ord(x)=41 ord(ax)=7: True quotient by N(Z7) of order 84 (3403 vertices) [11.0s]
    pair ord(x)=21 ord(ax)=41: True quotient by N(Z83) of order 3403 (84 vertices) [11.1s]
    pair ord(x)=21 ord(ax)=3: True quotient by N(Z83) of order 3403 (84 vertices) [11.2s]
    pair ord(x)=21 ord(ax)=7: True quotient by N(Z83) of order 3403 (84 vertices) [11.2s]
    pair ord(x)=21 ord(ax)=41: True quotient by N(Z83) of order 3403 (84 vertices) [11.1s]
    pair ord(x)=21 ord(ax)=41: True quotient by N(Z83) of order 3403 (84 vertices) [11.0s]
    pair ord(x)=21 ord(ax)=41: True quotient by N(Z83) of order 3403 (84 vertices) [11.2s]
    pair ord(x)=21 ord(ax)=41: True quotient by N(Z83) of order 3403 (84 vertices) [11.1s]
    pair ord(x)=21 ord(ax)=42: True quotient by N(Z83) of order 3403 (84 vertices) [10.9s]
    pair ord(x)=21 ord(ax)=41: True quotient by N(Z83) of order 3403 (84 vertices) [10.4s]
    pair ord(x)=21 ord(ax)=42: True quotient by N(Z83) of order 3403 (84 vertices) [10.3s]
    pair ord(x)=21 ord(ax)=41: True quotient by N(Z83) of order 3403 (84 vertices) [10.2s]
    pair ord(x)=21 ord(ax)=41: True quotient by N(Z83) of order 3403 (84 vertices) [9.6s]
    pair ord(x)=21 ord(ax)=41: True quotient by N(Z83) of order 3403 (84 vertices) [9.6s]
    pair ord(x)=21 ord(ax)=21: True quotient by N(Z83) of order 3403 (84 vertices) [9.5s]
    pair ord(x)=21 ord(ax)=21: True quotient by N(Z83) of order 3403 (84 vertices) [9.4s]
    pair ord(x)=21 ord(ax)=42: True quotient by N(Z83) of order 3403 (84 vertices) [9.4s]
    pair ord(x)=21 ord(ax)=21: True quotient by N(Z83) of order 3403 (84 vertices) [9.4s]
    pair ord(x)=21 ord(ax)=21: True quotient by N(Z83) of order 3403 (84 vertices) [9.4s]
    pair ord(x)=21 ord(ax)=21: True quotient by N(Z83) of order 3403 (84 vertices) [9.3s]
    pair ord(x)=21 ord(ax)=7: True quotient by N(Z83) of order 3403 (84 vertices) [9.3s]
    pair ord(x)=21 ord(ax)=41: True quotient by N(Z83) of order 3403 (84 vertices) [9.2s]
    pair ord(x)=21 ord(ax)=41: True quotient by N(Z83) of order 3403 (84 vertices) [9.2s]
    pair ord(x)=21 ord(ax)=41: True quotient by N(Z83) of order 3403 (84 vertices) [9.3s]
    pair ord(x)=21 ord(ax)=41: True quotient by N(Z83) of order 3403 (84 vertices) [9.2s]
    pair ord(x)=21 ord(ax)=14: True quotient by N(Z83) of order 3403 (84 vertices) [9.2s]
    pair ord(x)=21 ord(ax)=41: True quotient by N(Z83) of order 3403 (84 vertices) [9.2s]
    pair ord(x)=21 ord(ax)=41: True quotient by N(Z83) of order 3403 (84 vertices) [9.2s]
    pair ord(x)=21 ord(ax)=83: True quotient by N(Z83) of order 3403 (84 vertices) [9.2s]
    pair ord(x)=21 ord(ax)=21: True quotient by N(Z83) of order 3403 (84 vertices) [9.3s]
    pair ord(x)=21 ord(ax)=41: True quotient by N(Z83) of order 3403 (84 vertices) [9.2s]
    pair ord(x)=21 ord(ax)=42: True quotient by N(Z83) of order 3403 (84 vertices) [9.3s]
    pair ord(x)=21 ord(ax)=41: True quotient by N(Z83) of order 3403 (84 vertices) [9.3s]
    pair ord(x)=21 ord(ax)=41: True quotient by N(Z83) of order 3403 (84 vertices) [9.4s]
    pair ord(x)=21 ord(ax)=41: True quotient by N(Z83) of order 3403 (84 vertices) [9.2s]
    pair ord(x)=21 ord(ax)=21: True quotient by N(Z83) of order 3403 (84 vertices) [9.2s]
    pair ord(x)=21 ord(ax)=14: True quotient by N(Z83) of order 3403 (84 vertices) [9.2s]
    pair ord(x)=21 ord(ax)=6: True quotient by N(Z83) of order 3403 (84 vertices) [9.3s]
    pair ord(x)=21 ord(ax)=14: True quotient by N(Z83) of order 3403 (84 vertices) [9.2s]
    pair ord(x)=21 ord(ax)=42: True quotient by N(Z83) of order 3403 (84 vertices) [9.2s]
    pair ord(x)=21 ord(ax)=41: True quotient by N(Z83) of order 3403 (84 vertices) [9.3s]
    pair ord(x)=21 ord(ax)=41: True quotient by N(Z83) of order 3403 (84 vertices) [9.3s]
    pair ord(x)=21 ord(ax)=41: True quotient by N(Z83) of order 3403 (84 vertices) [9.3s]
    pair ord(x)=21 ord(ax)=41: True quotient by N(Z83) of order 3403 (84 vertices) [9.3s]
    pair ord(x)=21 ord(ax)=14: True quotient by N(Z83) of order 3403 (84 vertices) [9.3s]
    pair ord(x)=21 ord(ax)=41: True quotient by N(Z83) of order 3403 (84 vertices) [9.3s]
    pair ord(x)=21 ord(ax)=41: True quotient by N(Z83) of order 3403 (84 vertices) [9.3s]
    pair ord(x)=21 ord(ax)=14: True quotient by N(Z83) of order 3403 (84 vertices) [9.3s]
    pair ord(x)=21 ord(ax)=41: True quotient by N(Z83) of order 3403 (84 vertices) [9.5s]
    pair ord(x)=21 ord(ax)=42: True quotient by N(Z83) of order 3403 (84 vertices) [9.5s]
    pair ord(x)=21 ord(ax)=42: True quotient by N(Z83) of order 3403 (84 vertices) [9.5s]
    pair ord(x)=21 ord(ax)=41: True quotient by N(Z83) of order 3403 (84 vertices) [9.6s]
    pair ord(x)=21 ord(ax)=21: True quotient by N(Z83) of order 3403 (84 vertices) [9.6s]
    pair ord(x)=21 ord(ax)=7: True quotient by N(Z83) of order 3403 (84 vertices) [9.7s]
    pair ord(x)=21 ord(ax)=7: True quotient by N(Z83) of order 3403 (84 vertices) [9.8s]
    pair ord(x)=21 ord(ax)=41: True quotient by N(Z83) of order 3403 (84 vertices) [9.9s]
    pair ord(x)=21 ord(ax)=41: True quotient by N(Z83) of order 3403 (84 vertices) [10.3s]
    pair ord(x)=21 ord(ax)=7: True quotient by N(Z83) of order 3403 (84 vertices) [10.3s]
    pair ord(x)=21 ord(ax)=41: True quotient by N(Z83) of order 3403 (84 vertices) [10.5s]
    pair ord(x)=21 ord(ax)=41: True quotient by N(Z83) of order 3403 (84 vertices) [10.6s]
    pair ord(x)=41 ord(ax)=21: True quotient by N(Z7) of order 84 (3403 vertices) [11.1s]
    pair ord(x)=41 ord(ax)=41: True quotient by N(Z7) of order 84 (3403 vertices) [11.2s]
    pair ord(x)=41 ord(ax)=41: True quotient by N(Z7) of order 84 (3403 vertices) [11.1s]
    pair ord(x)=41 ord(ax)=14: True quotient by N(Z7) of order 84 (3403 vertices) [10.9s]
    pair ord(x)=41 ord(ax)=14: True quotient by N(Z7) of order 84 (3403 vertices) [10.9s]
    pair ord(x)=41 ord(ax)=41: True quotient by N(Z7) of order 84 (3403 vertices) [10.9s]
    pair ord(x)=41 ord(ax)=42: True quotient by N(Z7) of order 84 (3403 vertices) [11.0s]
    pair ord(x)=41 ord(ax)=41: True quotient by N(Z7) of order 84 (3403 vertices) [10.5s]
    pair ord(x)=41 ord(ax)=41: True quotient by N(Z7) of order 84 (3403 vertices) [10.5s]
    pair ord(x)=41 ord(ax)=21: True quotient by N(Z7) of order 84 (3403 vertices) [10.3s]
    pair ord(x)=41 ord(ax)=41: True quotient by N(Z7) of order 84 (3403 vertices) [10.2s]
    pair ord(x)=41 ord(ax)=41: True quotient by N(Z7) of order 84 (3403 vertices) [10.2s]
    pair ord(x)=41 ord(ax)=41: True quotient by N(Z7) of order 84 (3403 vertices) [10.3s]
    pair ord(x)=41 ord(ax)=21: True quotient by N(Z7) of order 84 (3403 vertices) [10.3s]
    pair ord(x)=41 ord(ax)=7: True quotient by N(Z7) of order 84 (3403 vertices) [10.2s]
    pair ord(x)=41 ord(ax)=41: True quotient by N(Z7) of order 84 (3403 vertices) [10.3s]
    pair ord(x)=41 ord(ax)=41: True quotient by N(Z7) of order 84 (3403 vertices) [10.1s]
    pair ord(x)=41 ord(ax)=42: True quotient by N(Z7) of order 84 (3403 vertices) [10.2s]
    pair ord(x)=41 ord(ax)=6: True quotient by N(Z7) of order 84 (3403 vertices) [10.2s]
    pair ord(x)=41 ord(ax)=42: True quotient by N(Z7) of order 84 (3403 vertices) [10.2s]
    pair ord(x)=41 ord(ax)=42: True quotient by N(Z7) of order 84 (3403 vertices) [10.2s]
    pair ord(x)=41 ord(ax)=21: True quotient by N(Z7) of order 84 (3403 vertices) [10.1s]
    pair ord(x)=41 ord(ax)=21: True quotient by N(Z7) of order 84 (3403 vertices) [10.2s]
    pair ord(x)=41 ord(ax)=14: True quotient by N(Z7) of order 84 (3403 vertices) [10.1s]
    pair ord(x)=41 ord(ax)=41: True quotient by N(Z7) of order 84 (3403 vertices) [10.1s]
    pair ord(x)=41 ord(ax)=14: True quotient by N(Z7) of order 84 (3403 vertices) [10.1s]
    pair ord(x)=41 ord(ax)=41: True quotient by N(Z7) of order 84 (3403 vertices) [10.2s]
    pair ord(x)=41 ord(ax)=41: True quotient by N(Z7) of order 84 (3403 vertices) [10.2s]
    pair ord(x)=41 ord(ax)=3: True quotient by N(Z7) of order 84 (3403 vertices) [10.1s]
    pair ord(x)=41 ord(ax)=83: True quotient by N(Z7) of order 84 (3403 vertices) [10.1s]
    pair ord(x)=41 ord(ax)=7: True quotient by N(Z7) of order 84 (3403 vertices) [10.1s]
    pair ord(x)=41 ord(ax)=42: True quotient by N(Z7) of order 84 (3403 vertices) [10.2s]
    pair ord(x)=41 ord(ax)=6: True quotient by N(Z7) of order 84 (3403 vertices) [10.2s]
    pair ord(x)=41 ord(ax)=7: True quotient by N(Z7) of order 84 (3403 vertices) [10.2s]
    pair ord(x)=41 ord(ax)=21: True quotient by N(Z7) of order 84 (3403 vertices) [10.2s]
    pair ord(x)=41 ord(ax)=41: True quotient by N(Z7) of order 84 (3403 vertices) [10.3s]
    pair ord(x)=41 ord(ax)=41: True quotient by N(Z7) of order 84 (3403 vertices) [10.1s]
    pair ord(x)=41 ord(ax)=41: True quotient by N(Z7) of order 84 (3403 vertices) [10.1s]
    pair ord(x)=41 ord(ax)=41: True quotient by N(Z7) of order 84 (3403 vertices) [10.1s]
    pair ord(x)=41 ord(ax)=41: True quotient by N(Z7) of order 84 (3403 vertices) [10.2s]
    pair ord(x)=41 ord(ax)=7: True quotient by N(Z7) of order 84 (3403 vertices) [10.2s]
    pair ord(x)=41 ord(ax)=42: True quotient by N(Z7) of order 84 (3403 vertices) [10.1s]
    pair ord(x)=41 ord(ax)=42: True quotient by N(Z7) of order 84 (3403 vertices) [10.0s]
    pair ord(x)=41 ord(ax)=41: True quotient by N(Z7) of order 84 (3403 vertices) [9.9s]
    pair ord(x)=41 ord(ax)=42: True quotient by N(Z7) of order 84 (3403 vertices) [9.9s]
    pair ord(x)=41 ord(ax)=21: True quotient by N(Z7) of order 84 (3403 vertices) [9.9s]
    pair ord(x)=41 ord(ax)=42: True quotient by N(Z7) of order 84 (3403 vertices) [9.9s]
    pair ord(x)=41 ord(ax)=41: True quotient by N(Z7) of order 84 (3403 vertices) [9.8s]
    pair ord(x)=41 ord(ax)=41: True quotient by N(Z7) of order 84 (3403 vertices) [9.7s]
    pair ord(x)=41 ord(ax)=41: True quotient by N(Z7) of order 84 (3403 vertices) [9.6s]
    pair ord(x)=41 ord(ax)=7: True quotient by N(Z7) of order 84 (3403 vertices) [9.7s]
    pair ord(x)=41 ord(ax)=41: True quotient by N(Z7) of order 84 (3403 vertices) [9.7s]
    pair ord(x)=41 ord(ax)=41: True quotient by N(Z7) of order 84 (3403 vertices) [9.7s]
    pair ord(x)=41 ord(ax)=21: True quotient by N(Z7) of order 84 (3403 vertices) [9.7s]
    pair ord(x)=41 ord(ax)=41: True quotient by N(Z7) of order 84 (3403 vertices) [9.7s]
    pair ord(x)=41 ord(ax)=41: True quotient by N(Z7) of order 84 (3403 vertices) [9.8s]
    pair ord(x)=41 ord(ax)=41: True quotient by N(Z7) of order 84 (3403 vertices) [9.9s]
    pair ord(x)=41 ord(ax)=42: True quotient by N(Z7) of order 84 (3403 vertices) [9.9s]
    pair ord(x)=41 ord(ax)=3: True quotient by N(Z7) of order 84 (3403 vertices) [10.2s]
    pair ord(x)=41 ord(ax)=41: True quotient by N(Z7) of order 84 (3403 vertices) [10.3s]
    pair ord(x)=41 ord(ax)=41: True quotient by N(Z7) of order 84 (3403 vertices) [10.3s]
    pair ord(x)=41 ord(ax)=41: True quotient by N(Z7) of order 84 (3403 vertices) [10.3s]
    pair ord(x)=83 ord(ax)=7: True quotient by N(Z7) of order 84 (3403 vertices) [10.6s]
    pair ord(x)=83 ord(ax)=83: True quotient by N(Z7) of order 84 (3403 vertices) [10.6s]
    pair ord(x)=83 ord(ax)=41: True quotient by N(Z7) of order 84 (3403 vertices) [10.8s]
    pair ord(x)=83 ord(ax)=41: True quotient by N(Z7) of order 84 (3403 vertices) [11.0s]
    pair ord(x)=83 ord(ax)=41: True quotient by N(Z7) of order 84 (3403 vertices) [11.2s]
    pair ord(x)=83 ord(ax)=41: True quotient by N(Z7) of order 84 (3403 vertices) [11.2s]
    pair ord(x)=83 ord(ax)=41: True quotient by N(Z7) of order 84 (3403 vertices) [11.2s]
    pair ord(x)=83 ord(ax)=41: True quotient by N(Z7) of order 84 (3403 vertices) [11.2s]
    pair ord(x)=83 ord(ax)=41: True quotient by N(Z7) of order 84 (3403 vertices) [10.9s]
    pair ord(x)=83 ord(ax)=41: True quotient by N(Z7) of order 84 (3403 vertices) [11.0s]
    pair ord(x)=83 ord(ax)=14: True quotient by N(Z7) of order 84 (3403 vertices) [11.0s]
    pair ord(x)=83 ord(ax)=21: True quotient by N(Z7) of order 84 (3403 vertices) [10.6s]
    pair ord(x)=83 ord(ax)=42: True quotient by N(Z7) of order 84 (3403 vertices) [10.5s]
    pair ord(x)=83 ord(ax)=3: True quotient by N(Z7) of order 84 (3403 vertices) [10.4s]
    pair ord(x)=83 ord(ax)=41: True quotient by N(Z7) of order 84 (3403 vertices) [10.3s]
    pair ord(x)=83 ord(ax)=21: True quotient by N(Z7) of order 84 (3403 vertices) [10.0s]
    pair ord(x)=83 ord(ax)=42: True quotient by N(Z7) of order 84 (3403 vertices) [10.0s]
    pair ord(x)=83 ord(ax)=42: True quotient by N(Z7) of order 84 (3403 vertices) [9.9s]
    pair ord(x)=83 ord(ax)=21: True quotient by N(Z7) of order 84 (3403 vertices) [9.7s]
    pair ord(x)=83 ord(ax)=21: True quotient by N(Z7) of order 84 (3403 vertices) [9.7s]
    pair ord(x)=83 ord(ax)=42: True quotient by N(Z7) of order 84 (3403 vertices) [9.7s]
    pair ord(x)=83 ord(ax)=41: True quotient by N(Z7) of order 84 (3403 vertices) [9.7s]
    pair ord(x)=83 ord(ax)=7: True quotient by N(Z7) of order 84 (3403 vertices) [9.7s]
    pair ord(x)=83 ord(ax)=41: True quotient by N(Z7) of order 84 (3403 vertices) [9.6s]
    pair ord(x)=83 ord(ax)=41: True quotient by N(Z7) of order 84 (3403 vertices) [9.7s]
    pair ord(x)=83 ord(ax)=41: True quotient by N(Z7) of order 84 (3403 vertices) [9.8s]
    pair ord(x)=83 ord(ax)=21: True quotient by N(Z7) of order 84 (3403 vertices) [9.8s]
    pair ord(x)=83 ord(ax)=41: True quotient by N(Z7) of order 84 (3403 vertices) [9.8s]
    pair ord(x)=83 ord(ax)=41: True quotient by N(Z7) of order 84 (3403 vertices) [9.7s]
    pair ord(x)=83 ord(ax)=41: True quotient by N(Z7) of order 84 (3403 vertices) [9.7s]
    pair ord(x)=83 ord(ax)=41: True quotient by N(Z7) of order 84 (3403 vertices) [9.8s]
    pair ord(x)=83 ord(ax)=6: True quotient by N(Z7) of order 84 (3403 vertices) [9.8s]
    pair ord(x)=83 ord(ax)=21: True quotient by N(Z7) of order 84 (3403 vertices) [9.8s]
    pair ord(x)=83 ord(ax)=42: True quotient by N(Z7) of order 84 (3403 vertices) [9.8s]
    pair ord(x)=83 ord(ax)=42: True quotient by N(Z7) of order 84 (3403 vertices) [9.7s]
    pair ord(x)=83 ord(ax)=41: True quotient by N(Z7) of order 84 (3403 vertices) [9.6s]
    pair ord(x)=83 ord(ax)=41: True quotient by N(Z7) of order 84 (3403 vertices) [9.7s]
    pair ord(x)=83 ord(ax)=14: True quotient by N(Z7) of order 84 (3403 vertices) [9.8s]
    pair ord(x)=83 ord(ax)=14: True quotient by N(Z7) of order 84 (3403 vertices) [9.7s]
    pair ord(x)=83 ord(ax)=41: True quotient by N(Z7) of order 84 (3403 vertices) [9.8s]
    pair ord(x)=83 ord(ax)=7: True quotient by N(Z7) of order 84 (3403 vertices) [9.7s]
    pair ord(x)=7 ord(ax)=41: True quotient by N(Z83) of order 3403 (84 vertices) [9.3s]
    pair ord(x)=7 ord(ax)=42: True quotient by N(Z83) of order 3403 (84 vertices) [9.3s]
    pair ord(x)=7 ord(ax)=41: True quotient by N(Z83) of order 3403 (84 vertices) [9.3s]
    pair ord(x)=7 ord(ax)=21: True quotient by N(Z83) of order 3403 (84 vertices) [9.4s]
    pair ord(x)=7 ord(ax)=7: True quotient by N(Z83) of order 3403 (84 vertices) [9.3s]
    pair ord(x)=7 ord(ax)=21: True quotient by N(Z83) of order 3403 (84 vertices) [9.3s]
    pair ord(x)=7 ord(ax)=42: True quotient by N(Z83) of order 3403 (84 vertices) [9.4s]
    pair ord(x)=7 ord(ax)=41: True quotient by N(Z83) of order 3403 (84 vertices) [9.3s]
    pair ord(x)=7 ord(ax)=41: True quotient by N(Z83) of order 3403 (84 vertices) [9.3s]
    pair ord(x)=7 ord(ax)=21: True quotient by N(Z83) of order 3403 (84 vertices) [9.3s]
    pair ord(x)=7 ord(ax)=41: True quotient by N(Z83) of order 3403 (84 vertices) [9.2s]
    pair ord(x)=7 ord(ax)=42: True quotient by N(Z83) of order 3403 (84 vertices) [9.2s]
    pair ord(x)=7 ord(ax)=41: True quotient by N(Z83) of order 3403 (84 vertices) [9.2s]
    pair ord(x)=7 ord(ax)=41: True quotient by N(Z83) of order 3403 (84 vertices) [9.2s]
    pair ord(x)=7 ord(ax)=83: True quotient by N(Z83) of order 3403 (84 vertices) [9.2s]
    pair ord(x)=7 ord(ax)=41: True quotient by N(Z83) of order 3403 (84 vertices) [9.3s]
    pair ord(x)=7 ord(ax)=41: True quotient by N(Z83) of order 3403 (84 vertices) [9.3s]
    pair ord(x)=7 ord(ax)=21: True quotient by N(Z83) of order 3403 (84 vertices) [9.4s]
    pair ord(x)=7 ord(ax)=7: True quotient by N(Z83) of order 3403 (84 vertices) [9.3s]
    pair ord(x)=7 ord(ax)=41: True quotient by N(Z83) of order 3403 (84 vertices) [9.4s]
    pair ord(x)=7 ord(ax)=42: True quotient by N(Z83) of order 3403 (84 vertices) [9.4s]
    pair ord(x)=7 ord(ax)=7: True quotient by N(Z83) of order 3403 (84 vertices) [9.3s]
    pair ord(x)=7 ord(ax)=41: True quotient by N(Z83) of order 3403 (84 vertices) [9.4s]
    pair ord(x)=7 ord(ax)=14: True quotient by N(Z83) of order 3403 (84 vertices) [9.3s]
    pair ord(x)=7 ord(ax)=41: True quotient by N(Z83) of order 3403 (84 vertices) [9.3s]
    pair ord(x)=7 ord(ax)=7: True quotient by N(Z83) of order 3403 (84 vertices) [9.3s]
    pair ord(x)=7 ord(ax)=41: True quotient by N(Z83) of order 3403 (84 vertices) [9.3s]
    pair ord(x)=7 ord(ax)=41: True quotient by N(Z83) of order 3403 (84 vertices) [9.2s]
    pair ord(x)=7 ord(ax)=41: True quotient by N(Z83) of order 3403 (84 vertices) [9.2s]
    pair ord(x)=7 ord(ax)=41: True quotient by N(Z83) of order 3403 (84 vertices) [9.2s]
    pair ord(x)=7 ord(ax)=41: True quotient by N(Z83) of order 3403 (84 vertices) [9.3s]
    pair ord(x)=7 ord(ax)=41: True quotient by N(Z83) of order 3403 (84 vertices) [9.4s]
    pair ord(x)=7 ord(ax)=14: True quotient by N(Z83) of order 3403 (84 vertices) [9.3s]
    pair ord(x)=7 ord(ax)=21: True quotient by N(Z83) of order 3403 (84 vertices) [9.4s]
    pair ord(x)=7 ord(ax)=42: True quotient by N(Z83) of order 3403 (84 vertices) [9.3s]
    pair ord(x)=7 ord(ax)=41: True quotient by N(Z83) of order 3403 (84 vertices) [9.3s]
    pair ord(x)=7 ord(ax)=41: True quotient by N(Z83) of order 3403 (84 vertices) [9.4s]
    pair ord(x)=7 ord(ax)=21: True quotient by N(Z83) of order 3403 (84 vertices) [9.3s]
    pair ord(x)=7 ord(ax)=41: True quotient by N(Z83) of order 3403 (84 vertices) [9.3s]
    pair ord(x)=7 ord(ax)=42: True quotient by N(Z83) of order 3403 (84 vertices) [9.2s]
    pair ord(x)=7 ord(ax)=41: True quotient by N(Z83) of order 3403 (84 vertices) [9.3s]
    pair ord(x)=7 ord(ax)=41: True quotient by N(Z83) of order 3403 (84 vertices) [9.2s]
    pair ord(x)=7 ord(ax)=41: True quotient by N(Z83) of order 3403 (84 vertices) [9.3s]
    pair ord(x)=7 ord(ax)=41: True quotient by N(Z83) of order 3403 (84 vertices) [9.3s]
    pair ord(x)=7 ord(ax)=3: True quotient by N(Z83) of order 3403 (84 vertices) [9.3s]
    pair ord(x)=7 ord(ax)=6: True quotient by N(Z83) of order 3403 (84 vertices) [9.3s]
    pair ord(x)=7 ord(ax)=3: True quotient by N(Z83) of order 3403 (84 vertices) [9.2s]
    pair ord(x)=7 ord(ax)=14: True quotient by N(Z83) of order 3403 (84 vertices) [9.2s]
    pair ord(x)=7 ord(ax)=41: True quotient by N(Z83) of order 3403 (84 vertices) [9.3s]
    pair ord(x)=7 ord(ax)=21: True quotient by N(Z83) of order 3403 (84 vertices) [9.3s]
    pair ord(x)=7 ord(ax)=41: True quotient by N(Z83) of order 3403 (84 vertices) [9.4s]
    pair ord(x)=7 ord(ax)=7: True quotient by N(Z83) of order 3403 (84 vertices) [9.3s]
    pair ord(x)=7 ord(ax)=41: True quotient by N(Z83) of order 3403 (84 vertices) [9.3s]
    pair ord(x)=7 ord(ax)=41: True quotient by N(Z83) of order 3403 (84 vertices) [9.3s]
    pair ord(x)=7 ord(ax)=41: True quotient by N(Z83) of order 3403 (84 vertices) [9.1s]
    pair ord(x)=7 ord(ax)=41: True quotient by N(Z83) of order 3403 (84 vertices) [9.2s]
    pair ord(x)=7 ord(ax)=41: True quotient by N(Z83) of order 3403 (84 vertices) [9.2s]
    pair ord(x)=7 ord(ax)=42: True quotient by N(Z83) of order 3403 (84 vertices) [9.1s]
    pair ord(x)=7 ord(ax)=6: True quotient by N(Z83) of order 3403 (84 vertices) [9.1s]
    pair ord(x)=7 ord(ax)=14: True quotient by N(Z83) of order 3403 (84 vertices) [9.2s]
    pair ord(x)=21 ord(ax)=41: True quotient by N(Z83) of order 3403 (84 vertices) [9.1s]
    pair ord(x)=21 ord(ax)=41: True quotient by N(Z83) of order 3403 (84 vertices) [9.2s]
    pair ord(x)=21 ord(ax)=41: True quotient by N(Z83) of order 3403 (84 vertices) [9.2s]
    pair ord(x)=21 ord(ax)=14: True quotient by N(Z83) of order 3403 (84 vertices) [9.2s]
    pair ord(x)=21 ord(ax)=21: True quotient by N(Z83) of order 3403 (84 vertices) [9.2s]
    pair ord(x)=21 ord(ax)=14: True quotient by N(Z83) of order 3403 (84 vertices) [9.1s]
    pair ord(x)=21 ord(ax)=41: True quotient by N(Z83) of order 3403 (84 vertices) [9.2s]
    pair ord(x)=21 ord(ax)=6: True quotient by N(Z83) of order 3403 (84 vertices) [9.2s]
    pair ord(x)=21 ord(ax)=83: True quotient by N(Z83) of order 3403 (84 vertices) [9.1s]
    pair ord(x)=21 ord(ax)=21: True quotient by N(Z83) of order 3403 (84 vertices) [9.2s]
    pair ord(x)=21 ord(ax)=14: True quotient by N(Z83) of order 3403 (84 vertices) [9.2s]
    pair ord(x)=21 ord(ax)=41: True quotient by N(Z83) of order 3403 (84 vertices) [9.1s]
    pair ord(x)=21 ord(ax)=7: True quotient by N(Z83) of order 3403 (84 vertices) [9.1s]
    pair ord(x)=21 ord(ax)=7: True quotient by N(Z83) of order 3403 (84 vertices) [9.1s]
    pair ord(x)=21 ord(ax)=21: True quotient by N(Z83) of order 3403 (84 vertices) [9.1s]
    pair ord(x)=21 ord(ax)=42: True quotient by N(Z83) of order 3403 (84 vertices) [9.1s]
    pair ord(x)=21 ord(ax)=41: True quotient by N(Z83) of order 3403 (84 vertices) [9.1s]
    pair ord(x)=21 ord(ax)=41: True quotient by N(Z83) of order 3403 (84 vertices) [9.2s]
    pair ord(x)=21 ord(ax)=41: True quotient by N(Z83) of order 3403 (84 vertices) [9.1s]
    pair ord(x)=21 ord(ax)=21: True quotient by N(Z83) of order 3403 (84 vertices) [9.2s]
    pair ord(x)=21 ord(ax)=42: True quotient by N(Z83) of order 3403 (84 vertices) [9.2s]
    pair ord(x)=21 ord(ax)=42: True quotient by N(Z83) of order 3403 (84 vertices) [9.2s]
    pair ord(x)=21 ord(ax)=21: True quotient by N(Z83) of order 3403 (84 vertices) [9.2s]
    pair ord(x)=21 ord(ax)=14: True quotient by N(Z83) of order 3403 (84 vertices) [9.3s]
    pair ord(x)=21 ord(ax)=41: True quotient by N(Z83) of order 3403 (84 vertices) [9.2s]
    pair ord(x)=21 ord(ax)=41: True quotient by N(Z83) of order 3403 (84 vertices) [9.3s]
    pair ord(x)=21 ord(ax)=41: True quotient by N(Z83) of order 3403 (84 vertices) [9.3s]
    pair ord(x)=21 ord(ax)=41: True quotient by N(Z83) of order 3403 (84 vertices) [9.3s]
    pair ord(x)=21 ord(ax)=42: True quotient by N(Z83) of order 3403 (84 vertices) [9.3s]
    pair ord(x)=21 ord(ax)=41: True quotient by N(Z83) of order 3403 (84 vertices) [9.3s]
    pair ord(x)=21 ord(ax)=7: True quotient by N(Z83) of order 3403 (84 vertices) [9.4s]
    pair ord(x)=21 ord(ax)=41: True quotient by N(Z83) of order 3403 (84 vertices) [9.3s]
    pair ord(x)=21 ord(ax)=21: True quotient by N(Z83) of order 3403 (84 vertices) [9.3s]
    pair ord(x)=21 ord(ax)=41: True quotient by N(Z83) of order 3403 (84 vertices) [9.3s]
    pair ord(x)=21 ord(ax)=42: True quotient by N(Z83) of order 3403 (84 vertices) [9.3s]
    pair ord(x)=21 ord(ax)=41: True quotient by N(Z83) of order 3403 (84 vertices) [9.3s]
    pair ord(x)=21 ord(ax)=41: True quotient by N(Z83) of order 3403 (84 vertices) [9.3s]
    pair ord(x)=21 ord(ax)=41: True quotient by N(Z83) of order 3403 (84 vertices) [9.3s]
    pair ord(x)=21 ord(ax)=41: True quotient by N(Z83) of order 3403 (84 vertices) [9.2s]
    pair ord(x)=21 ord(ax)=41: True quotient by N(Z83) of order 3403 (84 vertices) [9.2s]
    pair ord(x)=21 ord(ax)=42: True quotient by N(Z83) of order 3403 (84 vertices) [9.2s]
    pair ord(x)=21 ord(ax)=14: True quotient by N(Z83) of order 3403 (84 vertices) [9.2s]
    pair ord(x)=21 ord(ax)=41: True quotient by N(Z83) of order 3403 (84 vertices) [9.3s]
    pair ord(x)=21 ord(ax)=41: True quotient by N(Z83) of order 3403 (84 vertices) [9.3s]
    pair ord(x)=21 ord(ax)=21: True quotient by N(Z83) of order 3403 (84 vertices) [9.3s]
    pair ord(x)=21 ord(ax)=41: True quotient by N(Z83) of order 3403 (84 vertices) [9.3s]
    pair ord(x)=21 ord(ax)=3: True quotient by N(Z83) of order 3403 (84 vertices) [9.3s]
    pair ord(x)=21 ord(ax)=42: True quotient by N(Z83) of order 3403 (84 vertices) [9.4s]
    pair ord(x)=21 ord(ax)=42: True quotient by N(Z83) of order 3403 (84 vertices) [9.4s]
    pair ord(x)=21 ord(ax)=41: True quotient by N(Z83) of order 3403 (84 vertices) [9.4s]
    pair ord(x)=21 ord(ax)=21: True quotient by N(Z83) of order 3403 (84 vertices) [9.4s]
    pair ord(x)=21 ord(ax)=41: True quotient by N(Z83) of order 3403 (84 vertices) [9.4s]
    pair ord(x)=21 ord(ax)=41: True quotient by N(Z83) of order 3403 (84 vertices) [9.3s]
    pair ord(x)=21 ord(ax)=41: True quotient by N(Z83) of order 3403 (84 vertices) [9.2s]
    pair ord(x)=21 ord(ax)=41: True quotient by N(Z83) of order 3403 (84 vertices) [9.2s]
    pair ord(x)=21 ord(ax)=6: True quotient by N(Z83) of order 3403 (84 vertices) [9.2s]
    pair ord(x)=21 ord(ax)=21: True quotient by N(Z83) of order 3403 (84 vertices) [9.3s]
    pair ord(x)=21 ord(ax)=21: True quotient by N(Z83) of order 3403 (84 vertices) [9.3s]
    pair ord(x)=21 ord(ax)=41: True quotient by N(Z83) of order 3403 (84 vertices) [9.4s]
    pair ord(x)=21 ord(ax)=41: True quotient by N(Z83) of order 3403 (84 vertices) [9.3s]
    pair ord(x)=41 ord(ax)=14: True quotient by N(Z7) of order 84 (3403 vertices) [9.8s]
    pair ord(x)=41 ord(ax)=42: True quotient by N(Z7) of order 84 (3403 vertices) [9.8s]
    pair ord(x)=41 ord(ax)=6: True quotient by N(Z7) of order 84 (3403 vertices) [9.8s]
    pair ord(x)=41 ord(ax)=41: True quotient by N(Z7) of order 84 (3403 vertices) [9.9s]
    pair ord(x)=41 ord(ax)=41: True quotient by N(Z7) of order 84 (3403 vertices) [9.9s]
    pair ord(x)=41 ord(ax)=21: True quotient by N(Z7) of order 84 (3403 vertices) [9.9s]
    pair ord(x)=41 ord(ax)=42: True quotient by N(Z7) of order 84 (3403 vertices) [9.8s]
    pair ord(x)=41 ord(ax)=41: True quotient by N(Z7) of order 84 (3403 vertices) [9.9s]
    pair ord(x)=41 ord(ax)=7: True quotient by N(Z7) of order 84 (3403 vertices) [9.8s]
    pair ord(x)=41 ord(ax)=41: True quotient by N(Z7) of order 84 (3403 vertices) [9.8s]
    pair ord(x)=41 ord(ax)=41: True quotient by N(Z7) of order 84 (3403 vertices) [9.9s]
    pair ord(x)=41 ord(ax)=41: True quotient by N(Z7) of order 84 (3403 vertices) [9.8s]
    pair ord(x)=41 ord(ax)=41: True quotient by N(Z7) of order 84 (3403 vertices) [9.8s]
    pair ord(x)=41 ord(ax)=41: True quotient by N(Z7) of order 84 (3403 vertices) [9.9s]
    pair ord(x)=41 ord(ax)=21: True quotient by N(Z7) of order 84 (3403 vertices) [9.8s]
    pair ord(x)=41 ord(ax)=21: True quotient by N(Z7) of order 84 (3403 vertices) [9.9s]
    pair ord(x)=41 ord(ax)=41: True quotient by N(Z7) of order 84 (3403 vertices) [9.9s]
    pair ord(x)=41 ord(ax)=21: True quotient by N(Z7) of order 84 (3403 vertices) [9.8s]
    pair ord(x)=41 ord(ax)=21: True quotient by N(Z7) of order 84 (3403 vertices) [9.8s]
    pair ord(x)=41 ord(ax)=83: True quotient by N(Z7) of order 84 (3403 vertices) [9.7s]
    pair ord(x)=41 ord(ax)=41: True quotient by N(Z7) of order 84 (3403 vertices) [9.8s]
    pair ord(x)=41 ord(ax)=14: True quotient by N(Z7) of order 84 (3403 vertices) [9.7s]
    pair ord(x)=41 ord(ax)=42: True quotient by N(Z7) of order 84 (3403 vertices) [9.7s]
    pair ord(x)=41 ord(ax)=41: True quotient by N(Z7) of order 84 (3403 vertices) [9.7s]
    pair ord(x)=41 ord(ax)=21: True quotient by N(Z7) of order 84 (3403 vertices) [9.8s]
    pair ord(x)=41 ord(ax)=41: True quotient by N(Z7) of order 84 (3403 vertices) [9.8s]
    pair ord(x)=41 ord(ax)=41: True quotient by N(Z7) of order 84 (3403 vertices) [9.9s]
    pair ord(x)=41 ord(ax)=3: True quotient by N(Z7) of order 84 (3403 vertices) [9.9s]
    pair ord(x)=41 ord(ax)=7: True quotient by N(Z7) of order 84 (3403 vertices) [9.9s]
    pair ord(x)=41 ord(ax)=42: True quotient by N(Z7) of order 84 (3403 vertices) [9.9s]
    pair ord(x)=41 ord(ax)=14: True quotient by N(Z7) of order 84 (3403 vertices) [9.9s]
    pair ord(x)=41 ord(ax)=7: True quotient by N(Z7) of order 84 (3403 vertices) [10.0s]
    pair ord(x)=41 ord(ax)=21: True quotient by N(Z7) of order 84 (3403 vertices) [10.0s]
    pair ord(x)=41 ord(ax)=41: True quotient by N(Z7) of order 84 (3403 vertices) [9.8s]
    pair ord(x)=41 ord(ax)=41: True quotient by N(Z7) of order 84 (3403 vertices) [9.8s]
    pair ord(x)=41 ord(ax)=21: True quotient by N(Z7) of order 84 (3403 vertices) [9.8s]
    pair ord(x)=41 ord(ax)=41: True quotient by N(Z7) of order 84 (3403 vertices) [9.8s]
    pair ord(x)=41 ord(ax)=41: True quotient by N(Z7) of order 84 (3403 vertices) [9.7s]
    pair ord(x)=41 ord(ax)=21: True quotient by N(Z7) of order 84 (3403 vertices) [9.8s]
    pair ord(x)=41 ord(ax)=41: True quotient by N(Z7) of order 84 (3403 vertices) [9.7s]
    pair ord(x)=41 ord(ax)=41: True quotient by N(Z7) of order 84 (3403 vertices) [9.8s]
    pair ord(x)=41 ord(ax)=41: True quotient by N(Z7) of order 84 (3403 vertices) [9.8s]
    pair ord(x)=41 ord(ax)=41: True quotient by N(Z7) of order 84 (3403 vertices) [9.9s]
    pair ord(x)=41 ord(ax)=41: True quotient by N(Z7) of order 84 (3403 vertices) [9.8s]
    pair ord(x)=41 ord(ax)=42: True quotient by N(Z7) of order 84 (3403 vertices) [9.9s]
    pair ord(x)=41 ord(ax)=42: True quotient by N(Z7) of order 84 (3403 vertices) [9.9s]
    pair ord(x)=41 ord(ax)=21: True quotient by N(Z7) of order 84 (3403 vertices) [9.9s]
    pair ord(x)=41 ord(ax)=6: True quotient by N(Z7) of order 84 (3403 vertices) [9.8s]
    pair ord(x)=41 ord(ax)=41: True quotient by N(Z7) of order 84 (3403 vertices) [9.7s]
    pair ord(x)=41 ord(ax)=7: True quotient by N(Z7) of order 84 (3403 vertices) [9.7s]
    pair ord(x)=41 ord(ax)=41: True quotient by N(Z7) of order 84 (3403 vertices) [9.6s]
    pair ord(x)=41 ord(ax)=41: True quotient by N(Z7) of order 84 (3403 vertices) [9.6s]
    pair ord(x)=41 ord(ax)=41: True quotient by N(Z7) of order 84 (3403 vertices) [9.6s]
    pair ord(x)=41 ord(ax)=42: True quotient by N(Z7) of order 84 (3403 vertices) [9.8s]
    pair ord(x)=41 ord(ax)=42: True quotient by N(Z7) of order 84 (3403 vertices) [9.7s]
    pair ord(x)=41 ord(ax)=41: True quotient by N(Z7) of order 84 (3403 vertices) [9.7s]
    pair ord(x)=41 ord(ax)=21: True quotient by N(Z7) of order 84 (3403 vertices) [9.7s]
    pair ord(x)=41 ord(ax)=41: True quotient by N(Z7) of order 84 (3403 vertices) [9.9s]
    pair ord(x)=41 ord(ax)=41: True quotient by N(Z7) of order 84 (3403 vertices) [9.8s]
    pair ord(x)=41 ord(ax)=14: True quotient by N(Z7) of order 84 (3403 vertices) [9.8s]
    pair ord(x)=41 ord(ax)=42: True quotient by N(Z7) of order 84 (3403 vertices) [9.8s]
    pair ord(x)=41 ord(ax)=7: True quotient by N(Z7) of order 84 (3403 vertices) [9.8s]
    pair ord(x)=41 ord(ax)=41: True quotient by N(Z7) of order 84 (3403 vertices) [9.8s]
    pair ord(x)=41 ord(ax)=42: True quotient by N(Z7) of order 84 (3403 vertices) [9.8s]
    pair ord(x)=41 ord(ax)=21: True quotient by N(Z7) of order 84 (3403 vertices) [10.0s]
    pair ord(x)=41 ord(ax)=3: True quotient by N(Z7) of order 84 (3403 vertices) [10.3s]
    pair ord(x)=41 ord(ax)=42: True quotient by N(Z7) of order 84 (3403 vertices) [10.2s]
    pair ord(x)=41 ord(ax)=14: True quotient by N(Z7) of order 84 (3403 vertices) [10.3s]
    pair ord(x)=41 ord(ax)=41: True quotient by N(Z7) of order 84 (3403 vertices) [10.3s]
    pair ord(x)=41 ord(ax)=21: True quotient by N(Z7) of order 84 (3403 vertices) [10.4s]
    pair ord(x)=41 ord(ax)=21: True quotient by N(Z7) of order 84 (3403 vertices) [10.6s]
    pair ord(x)=41 ord(ax)=42: True quotient by N(Z7) of order 84 (3403 vertices) [10.7s]
    pair ord(x)=41 ord(ax)=3: True quotient by N(Z7) of order 84 (3403 vertices) [11.9s]
    pair ord(x)=41 ord(ax)=6: True quotient by N(Z7) of order 84 (3403 vertices) [10.8s]
    pair ord(x)=41 ord(ax)=41: True quotient by N(Z7) of order 84 (3403 vertices) [10.8s]
    pair ord(x)=41 ord(ax)=41: True quotient by N(Z7) of order 84 (3403 vertices) [10.9s]
    pair ord(x)=41 ord(ax)=7: True quotient by N(Z7) of order 84 (3403 vertices) [10.9s]
    pair ord(x)=41 ord(ax)=41: True quotient by N(Z7) of order 84 (3403 vertices) [10.7s]
    pair ord(x)=41 ord(ax)=41: True quotient by N(Z7) of order 84 (3403 vertices) [10.5s]
    pair ord(x)=41 ord(ax)=41: True quotient by N(Z7) of order 84 (3403 vertices) [10.6s]
    pair ord(x)=41 ord(ax)=41: True quotient by N(Z7) of order 84 (3403 vertices) [10.4s]
    pair ord(x)=41 ord(ax)=41: True quotient by N(Z7) of order 84 (3403 vertices) [10.3s]
    pair ord(x)=41 ord(ax)=41: True quotient by N(Z7) of order 84 (3403 vertices) [10.2s]
    pair ord(x)=41 ord(ax)=21: True quotient by N(Z7) of order 84 (3403 vertices) [10.3s]
    pair ord(x)=41 ord(ax)=41: True quotient by N(Z7) of order 84 (3403 vertices) [10.3s]
    pair ord(x)=41 ord(ax)=41: True quotient by N(Z7) of order 84 (3403 vertices) [10.2s]
    pair ord(x)=41 ord(ax)=42: True quotient by N(Z7) of order 84 (3403 vertices) [10.3s]
    pair ord(x)=41 ord(ax)=41: True quotient by N(Z7) of order 84 (3403 vertices) [10.5s]
    pair ord(x)=41 ord(ax)=21: True quotient by N(Z7) of order 84 (3403 vertices) [10.5s]
    pair ord(x)=41 ord(ax)=21: True quotient by N(Z7) of order 84 (3403 vertices) [10.5s]
    pair ord(x)=41 ord(ax)=41: True quotient by N(Z7) of order 84 (3403 vertices) [10.6s]
    pair ord(x)=41 ord(ax)=7: True quotient by N(Z7) of order 84 (3403 vertices) [10.5s]
    pair ord(x)=41 ord(ax)=41: True quotient by N(Z7) of order 84 (3403 vertices) [10.5s]
    pair ord(x)=41 ord(ax)=7: True quotient by N(Z7) of order 84 (3403 vertices) [10.6s]
    pair ord(x)=41 ord(ax)=41: True quotient by N(Z7) of order 84 (3403 vertices) [10.5s]
    pair ord(x)=41 ord(ax)=41: True quotient by N(Z7) of order 84 (3403 vertices) [10.6s]
    pair ord(x)=41 ord(ax)=41: True quotient by N(Z7) of order 84 (3403 vertices) [10.7s]
    pair ord(x)=41 ord(ax)=7: True quotient by N(Z7) of order 84 (3403 vertices) [10.4s]
    pair ord(x)=41 ord(ax)=21: True quotient by N(Z7) of order 84 (3403 vertices) [10.3s]
    pair ord(x)=41 ord(ax)=41: True quotient by N(Z7) of order 84 (3403 vertices) [10.4s]
    pair ord(x)=41 ord(ax)=14: True quotient by N(Z7) of order 84 (3403 vertices) [10.6s]
    pair ord(x)=41 ord(ax)=41: True quotient by N(Z7) of order 84 (3403 vertices) [10.7s]
    pair ord(x)=41 ord(ax)=41: True quotient by N(Z7) of order 84 (3403 vertices) [10.6s]
    pair ord(x)=41 ord(ax)=83: True quotient by N(Z7) of order 84 (3403 vertices) [10.7s]
    pair ord(x)=41 ord(ax)=41: True quotient by N(Z7) of order 84 (3403 vertices) [10.6s]
    pair ord(x)=41 ord(ax)=6: True quotient by N(Z7) of order 84 (3403 vertices) [10.7s]
    pair ord(x)=41 ord(ax)=21: True quotient by N(Z7) of order 84 (3403 vertices) [10.5s]
    pair ord(x)=41 ord(ax)=41: True quotient by N(Z7) of order 84 (3403 vertices) [10.7s]
    pair ord(x)=41 ord(ax)=41: True quotient by N(Z7) of order 84 (3403 vertices) [10.8s]
    pair ord(x)=41 ord(ax)=42: True quotient by N(Z7) of order 84 (3403 vertices) [10.9s]
    pair ord(x)=41 ord(ax)=21: True quotient by N(Z7) of order 84 (3403 vertices) [10.6s]
    pair ord(x)=41 ord(ax)=42: True quotient by N(Z7) of order 84 (3403 vertices) [10.4s]
    pair ord(x)=41 ord(ax)=42: True quotient by N(Z7) of order 84 (3403 vertices) [10.4s]
    pair ord(x)=41 ord(ax)=41: True quotient by N(Z7) of order 84 (3403 vertices) [10.4s]
    pair ord(x)=41 ord(ax)=41: True quotient by N(Z7) of order 84 (3403 vertices) [10.5s]
    pair ord(x)=41 ord(ax)=41: True quotient by N(Z7) of order 84 (3403 vertices) [10.4s]
    pair ord(x)=41 ord(ax)=41: True quotient by N(Z7) of order 84 (3403 vertices) [10.4s]
    pair ord(x)=41 ord(ax)=41: True quotient by N(Z7) of order 84 (3403 vertices) [10.3s]
    pair ord(x)=41 ord(ax)=14: True quotient by N(Z7) of order 84 (3403 vertices) [10.2s]
    pair ord(x)=41 ord(ax)=21: True quotient by N(Z7) of order 84 (3403 vertices) [10.0s]
    pair ord(x)=41 ord(ax)=14: True quotient by N(Z7) of order 84 (3403 vertices) [10.0s]
    pair ord(x)=41 ord(ax)=14: True quotient by N(Z7) of order 84 (3403 vertices) [9.9s]
    pair ord(x)=41 ord(ax)=42: True quotient by N(Z7) of order 84 (3403 vertices) [9.8s]
    pair ord(x)=41 ord(ax)=41: True quotient by N(Z7) of order 84 (3403 vertices) [9.8s]
    pair ord(x)=41 ord(ax)=83: True quotient by N(Z7) of order 84 (3403 vertices) [9.8s]
    pair ord(x)=41 ord(ax)=3: True quotient by N(Z7) of order 84 (3403 vertices) [9.7s]
    pair ord(x)=41 ord(ax)=7: True quotient by N(Z7) of order 84 (3403 vertices) [9.8s]
    pair ord(x)=41 ord(ax)=42: True quotient by N(Z7) of order 84 (3403 vertices) [9.9s]
    pair ord(x)=41 ord(ax)=42: True quotient by N(Z7) of order 84 (3403 vertices) [9.8s]
    pair ord(x)=41 ord(ax)=41: True quotient by N(Z7) of order 84 (3403 vertices) [9.8s]
    pair ord(x)=41 ord(ax)=41: True quotient by N(Z7) of order 84 (3403 vertices) [9.8s]
    pair ord(x)=41 ord(ax)=41: True quotient by N(Z7) of order 84 (3403 vertices) [9.8s]
    pair ord(x)=41 ord(ax)=41: True quotient by N(Z7) of order 84 (3403 vertices) [9.8s]
    pair ord(x)=41 ord(ax)=41: True quotient by N(Z7) of order 84 (3403 vertices) [9.8s]
    pair ord(x)=41 ord(ax)=41: True quotient by N(Z7) of order 84 (3403 vertices) [9.8s]
    pair ord(x)=41 ord(ax)=41: True quotient by N(Z7) of order 84 (3403 vertices) [9.8s]
    pair ord(x)=41 ord(ax)=21: True quotient by N(Z7) of order 84 (3403 vertices) [9.7s]
    pair ord(x)=41 ord(ax)=41: True quotient by N(Z7) of order 84 (3403 vertices) [9.8s]
    pair ord(x)=41 ord(ax)=41: True quotient by N(Z7) of order 84 (3403 vertices) [9.8s]
    pair ord(x)=41 ord(ax)=42: True quotient by N(Z7) of order 84 (3403 vertices) [9.9s]
    pair ord(x)=41 ord(ax)=41: True quotient by N(Z7) of order 84 (3403 vertices) [9.8s]
    pair ord(x)=41 ord(ax)=42: True quotient by N(Z7) of order 84 (3403 vertices) [9.7s]
    pair ord(x)=41 ord(ax)=41: True quotient by N(Z7) of order 84 (3403 vertices) [9.8s]
    pair ord(x)=41 ord(ax)=42: True quotient by N(Z7) of order 84 (3403 vertices) [9.8s]
    pair ord(x)=41 ord(ax)=42: True quotient by N(Z7) of order 84 (3403 vertices) [9.7s]
    pair ord(x)=41 ord(ax)=6: True quotient by N(Z7) of order 84 (3403 vertices) [9.8s]
    pair ord(x)=41 ord(ax)=41: True quotient by N(Z7) of order 84 (3403 vertices) [9.7s]
    pair ord(x)=41 ord(ax)=41: True quotient by N(Z7) of order 84 (3403 vertices) [9.7s]
    pair ord(x)=41 ord(ax)=21: True quotient by N(Z7) of order 84 (3403 vertices) [9.8s]
    pair ord(x)=41 ord(ax)=14: True quotient by N(Z7) of order 84 (3403 vertices) [9.7s]
    pair ord(x)=41 ord(ax)=41: True quotient by N(Z7) of order 84 (3403 vertices) [9.7s]
    pair ord(x)=41 ord(ax)=14: True quotient by N(Z7) of order 84 (3403 vertices) [9.8s]
    pair ord(x)=41 ord(ax)=41: True quotient by N(Z7) of order 84 (3403 vertices) [9.8s]
    pair ord(x)=41 ord(ax)=41: True quotient by N(Z7) of order 84 (3403 vertices) [9.8s]
    pair ord(x)=41 ord(ax)=41: True quotient by N(Z7) of order 84 (3403 vertices) [9.7s]
    pair ord(x)=41 ord(ax)=21: True quotient by N(Z7) of order 84 (3403 vertices) [9.9s]
    pair ord(x)=41 ord(ax)=41: True quotient by N(Z7) of order 84 (3403 vertices) [9.8s]
    pair ord(x)=41 ord(ax)=42: True quotient by N(Z7) of order 84 (3403 vertices) [9.7s]
    pair ord(x)=41 ord(ax)=14: True quotient by N(Z7) of order 84 (3403 vertices) [9.7s]
    pair ord(x)=41 ord(ax)=41: True quotient by N(Z7) of order 84 (3403 vertices) [9.7s]
    pair ord(x)=41 ord(ax)=41: True quotient by N(Z7) of order 84 (3403 vertices) [9.8s]
    pair ord(x)=41 ord(ax)=21: True quotient by N(Z7) of order 84 (3403 vertices) [9.7s]
    pair ord(x)=41 ord(ax)=41: True quotient by N(Z7) of order 84 (3403 vertices) [9.8s]
    pair ord(x)=41 ord(ax)=6: True quotient by N(Z7) of order 84 (3403 vertices) [9.8s]
    pair ord(x)=41 ord(ax)=7: True quotient by N(Z7) of order 84 (3403 vertices) [9.9s]
    pair ord(x)=41 ord(ax)=41: True quotient by N(Z7) of order 84 (3403 vertices) [9.7s]
    pair ord(x)=41 ord(ax)=41: True quotient by N(Z7) of order 84 (3403 vertices) [9.8s]
    pair ord(x)=41 ord(ax)=7: True quotient by N(Z7) of order 84 (3403 vertices) [9.8s]
    pair ord(x)=41 ord(ax)=7: True quotient by N(Z7) of order 84 (3403 vertices) [9.8s]
    pair ord(x)=41 ord(ax)=21: True quotient by N(Z7) of order 84 (3403 vertices) [10.0s]
    pair ord(x)=41 ord(ax)=41: True quotient by N(Z7) of order 84 (3403 vertices) [10.0s]
    pair ord(x)=41 ord(ax)=14: True quotient by N(Z7) of order 84 (3403 vertices) [10.1s]
    pair ord(x)=41 ord(ax)=21: True quotient by N(Z7) of order 84 (3403 vertices) [9.9s]
    pair ord(x)=41 ord(ax)=41: True quotient by N(Z7) of order 84 (3403 vertices) [10.0s]
    pair ord(x)=41 ord(ax)=42: True quotient by N(Z7) of order 84 (3403 vertices) [9.9s]
    pair ord(x)=41 ord(ax)=21: True quotient by N(Z7) of order 84 (3403 vertices) [10.0s]
    pair ord(x)=41 ord(ax)=21: True quotient by N(Z7) of order 84 (3403 vertices) [9.9s]
    pair ord(x)=41 ord(ax)=21: True quotient by N(Z7) of order 84 (3403 vertices) [9.9s]
    pair ord(x)=41 ord(ax)=41: True quotient by N(Z7) of order 84 (3403 vertices) [10.0s]
    pair ord(x)=41 ord(ax)=21: True quotient by N(Z7) of order 84 (3403 vertices) [10.1s]
    pair ord(x)=41 ord(ax)=21: True quotient by N(Z7) of order 84 (3403 vertices) [10.2s]
    pair ord(x)=41 ord(ax)=21: True quotient by N(Z7) of order 84 (3403 vertices) [10.4s]
    pair ord(x)=41 ord(ax)=7: True quotient by N(Z7) of order 84 (3403 vertices) [10.3s]
    pair ord(x)=41 ord(ax)=41: True quotient by N(Z7) of order 84 (3403 vertices) [10.5s]
    pair ord(x)=41 ord(ax)=41: True quotient by N(Z7) of order 84 (3403 vertices) [10.5s]
    pair ord(x)=41 ord(ax)=41: True quotient by N(Z7) of order 84 (3403 vertices) [10.6s]
    pair ord(x)=41 ord(ax)=21: True quotient by N(Z7) of order 84 (3403 vertices) [10.4s]
    pair ord(x)=41 ord(ax)=41: True quotient by N(Z7) of order 84 (3403 vertices) [10.4s]
    pair ord(x)=41 ord(ax)=3: True quotient by N(Z7) of order 84 (3403 vertices) [10.3s]
    pair ord(x)=41 ord(ax)=41: True quotient by N(Z7) of order 84 (3403 vertices) [10.4s]
    pair ord(x)=41 ord(ax)=14: True quotient by N(Z7) of order 84 (3403 vertices) [10.3s]
    pair ord(x)=41 ord(ax)=83: True quotient by N(Z7) of order 84 (3403 vertices) [10.2s]
    pair ord(x)=41 ord(ax)=41: True quotient by N(Z7) of order 84 (3403 vertices) [10.4s]
    pair ord(x)=41 ord(ax)=41: True quotient by N(Z7) of order 84 (3403 vertices) [10.2s]
    pair ord(x)=41 ord(ax)=41: True quotient by N(Z7) of order 84 (3403 vertices) [10.2s]
    pair ord(x)=41 ord(ax)=41: True quotient by N(Z7) of order 84 (3403 vertices) [10.1s]
    pair ord(x)=41 ord(ax)=41: True quotient by N(Z7) of order 84 (3403 vertices) [10.2s]
    pair ord(x)=41 ord(ax)=7: True quotient by N(Z7) of order 84 (3403 vertices) [10.2s]
    pair ord(x)=41 ord(ax)=21: True quotient by N(Z7) of order 84 (3403 vertices) [10.1s]
    pair ord(x)=41 ord(ax)=41: True quotient by N(Z7) of order 84 (3403 vertices) [10.2s]
    pair ord(x)=41 ord(ax)=41: True quotient by N(Z7) of order 84 (3403 vertices) [10.2s]
    pair ord(x)=41 ord(ax)=21: True quotient by N(Z7) of order 84 (3403 vertices) [10.2s]
    pair ord(x)=41 ord(ax)=41: True quotient by N(Z7) of order 84 (3403 vertices) [10.3s]
    pair ord(x)=41 ord(ax)=41: True quotient by N(Z7) of order 84 (3403 vertices) [10.1s]
    pair ord(x)=41 ord(ax)=42: True quotient by N(Z7) of order 84 (3403 vertices) [10.0s]
    pair ord(x)=41 ord(ax)=42: True quotient by N(Z7) of order 84 (3403 vertices) [10.4s]
    pair ord(x)=41 ord(ax)=21: True quotient by N(Z7) of order 84 (3403 vertices) [10.4s]
    pair ord(x)=41 ord(ax)=41: True quotient by N(Z7) of order 84 (3403 vertices) [10.5s]
    pair ord(x)=41 ord(ax)=6: True quotient by N(Z7) of order 84 (3403 vertices) [10.5s]
    pair ord(x)=41 ord(ax)=42: True quotient by N(Z7) of order 84 (3403 vertices) [10.5s]
    pair ord(x)=41 ord(ax)=7: True quotient by N(Z7) of order 84 (3403 vertices) [10.8s]
    pair ord(x)=41 ord(ax)=41: True quotient by N(Z7) of order 84 (3403 vertices) [11.0s]
    pair ord(x)=41 ord(ax)=41: True quotient by N(Z7) of order 84 (3403 vertices) [11.0s]
    pair ord(x)=41 ord(ax)=42: True quotient by N(Z7) of order 84 (3403 vertices) [11.3s]
    pair ord(x)=41 ord(ax)=41: True quotient by N(Z7) of order 84 (3403 vertices) [11.4s]
    pair ord(x)=41 ord(ax)=41: True quotient by N(Z7) of order 84 (3403 vertices) [11.6s]
    pair ord(x)=41 ord(ax)=41: True quotient by N(Z7) of order 84 (3403 vertices) [11.3s]
    pair ord(x)=41 ord(ax)=41: True quotient by N(Z7) of order 84 (3403 vertices) [11.1s]
    pair ord(x)=41 ord(ax)=14: True quotient by N(Z7) of order 84 (3403 vertices) [11.1s]
    pair ord(x)=41 ord(ax)=41: True quotient by N(Z7) of order 84 (3403 vertices) [11.1s]
    pair ord(x)=41 ord(ax)=21: True quotient by N(Z7) of order 84 (3403 vertices) [10.9s]
    pair ord(x)=41 ord(ax)=41: True quotient by N(Z7) of order 84 (3403 vertices) [10.6s]
    pair ord(x)=41 ord(ax)=41: True quotient by N(Z7) of order 84 (3403 vertices) [10.4s]
    pair ord(x)=41 ord(ax)=41: True quotient by N(Z7) of order 84 (3403 vertices) [10.4s]
    pair ord(x)=41 ord(ax)=7: True quotient by N(Z7) of order 84 (3403 vertices) [10.0s]
    pair ord(x)=41 ord(ax)=41: True quotient by N(Z7) of order 84 (3403 vertices) [9.7s]
    pair ord(x)=41 ord(ax)=21: True quotient by N(Z7) of order 84 (3403 vertices) [9.5s]
    pair ord(x)=41 ord(ax)=42: True quotient by N(Z7) of order 84 (3403 vertices) [9.6s]
    pair ord(x)=41 ord(ax)=7: True quotient by N(Z7) of order 84 (3403 vertices) [9.6s]
    pair ord(x)=41 ord(ax)=41: True quotient by N(Z7) of order 84 (3403 vertices) [9.6s]
    pair ord(x)=41 ord(ax)=42: True quotient by N(Z7) of order 84 (3403 vertices) [9.6s]
    pair ord(x)=41 ord(ax)=41: True quotient by N(Z7) of order 84 (3403 vertices) [9.5s]
    pair ord(x)=41 ord(ax)=41: True quotient by N(Z7) of order 84 (3403 vertices) [9.6s]
    pair ord(x)=41 ord(ax)=14: True quotient by N(Z7) of order 84 (3403 vertices) [9.7s]
    pair ord(x)=41 ord(ax)=21: True quotient by N(Z7) of order 84 (3403 vertices) [9.7s]
    pair ord(x)=41 ord(ax)=42: True quotient by N(Z7) of order 84 (3403 vertices) [9.7s]
    pair ord(x)=41 ord(ax)=42: True quotient by N(Z7) of order 84 (3403 vertices) [9.8s]
    pair ord(x)=41 ord(ax)=41: True quotient by N(Z7) of order 84 (3403 vertices) [9.7s]
    pair ord(x)=41 ord(ax)=14: True quotient by N(Z7) of order 84 (3403 vertices) [9.6s]
    pair ord(x)=41 ord(ax)=41: True quotient by N(Z7) of order 84 (3403 vertices) [9.6s]
    pair ord(x)=41 ord(ax)=21: True quotient by N(Z7) of order 84 (3403 vertices) [9.2s]
    pair ord(x)=41 ord(ax)=42: True quotient by N(Z7) of order 84 (3403 vertices) [8.9s]
    pair ord(x)=41 ord(ax)=41: True quotient by N(Z7) of order 84 (3403 vertices) [9.0s]
    pair ord(x)=41 ord(ax)=3: True quotient by N(Z7) of order 84 (3403 vertices) [8.6s]
    pair ord(x)=41 ord(ax)=41: True quotient by N(Z7) of order 84 (3403 vertices) [8.2s]
    pair ord(x)=41 ord(ax)=41: True quotient by N(Z7) of order 84 (3403 vertices) [8.1s]
    pair ord(x)=41 ord(ax)=42: True quotient by N(Z7) of order 84 (3403 vertices) [7.3s]
    pair ord(x)=41 ord(ax)=7: True quotient by N(Z7) of order 84 (3403 vertices) [7.1s]
PSL(2,83)      |G|= 285852  inv.classes=1  pairs= 1880  non-colourable=0  undecided=0  largest quotient solved=3486  [2243.2s]

SUMMARY
PSL(2,83)        285852 classes=1 pairs= 1880 bad=0 undecided=0 maxq=3486
== PGL(2,67): order 300696 built in 4.4s
  [PGL(2,67)] |G|=300696 degree=68 odd classes=25 involution classes=2 subgroup candidates=26 (largest 4422)  setup 382.3s
  [PGL(2,67)] generating pairs (a,x) up to conjugacy and inversion: 808  (393.4s)
    pair ord(x)=17 ord(ax)=66: True quotient by N(Z67) of order 4422 (68 vertices) [8.9s]
    pair ord(x)=17 ord(ax)=6: True quotient by N(Z67) of order 4422 (68 vertices) [9.0s]
    pair ord(x)=17 ord(ax)=68: True quotient by N(Z67) of order 4422 (68 vertices) [9.0s]
    pair ord(x)=17 ord(ax)=68: True quotient by N(Z67) of order 4422 (68 vertices) [9.0s]
    pair ord(x)=17 ord(ax)=66: True quotient by N(Z67) of order 4422 (68 vertices) [9.0s]
    pair ord(x)=17 ord(ax)=68: True quotient by N(Z67) of order 4422 (68 vertices) [9.0s]
    pair ord(x)=17 ord(ax)=4: True quotient by N(Z67) of order 4422 (68 vertices) [9.0s]
    pair ord(x)=17 ord(ax)=68: True quotient by N(Z67) of order 4422 (68 vertices) [9.0s]
    pair ord(x)=17 ord(ax)=66: True quotient by N(Z67) of order 4422 (68 vertices) [9.0s]
    pair ord(x)=17 ord(ax)=68: True quotient by N(Z67) of order 4422 (68 vertices) [9.0s]
    pair ord(x)=17 ord(ax)=68: True quotient by N(Z67) of order 4422 (68 vertices) [9.1s]
    pair ord(x)=17 ord(ax)=66: True quotient by N(Z67) of order 4422 (68 vertices) [8.9s]
    pair ord(x)=17 ord(ax)=68: True quotient by N(Z67) of order 4422 (68 vertices) [8.9s]
    pair ord(x)=17 ord(ax)=68: True quotient by N(Z67) of order 4422 (68 vertices) [8.9s]
    pair ord(x)=17 ord(ax)=68: True quotient by N(Z67) of order 4422 (68 vertices) [8.9s]
    pair ord(x)=17 ord(ax)=66: True quotient by N(Z67) of order 4422 (68 vertices) [8.8s]
    pair ord(x)=17 ord(ax)=66: True quotient by N(Z67) of order 4422 (68 vertices) [8.9s]
    pair ord(x)=17 ord(ax)=22: True quotient by N(Z67) of order 4422 (68 vertices) [8.9s]
    pair ord(x)=17 ord(ax)=22: True quotient by N(Z67) of order 4422 (68 vertices) [8.9s]
    pair ord(x)=17 ord(ax)=68: True quotient by N(Z67) of order 4422 (68 vertices) [8.9s]
    pair ord(x)=17 ord(ax)=66: True quotient by N(Z67) of order 4422 (68 vertices) [8.9s]
    pair ord(x)=17 ord(ax)=66: True quotient by N(Z67) of order 4422 (68 vertices) [8.9s]
    pair ord(x)=17 ord(ax)=68: True quotient by N(Z67) of order 4422 (68 vertices) [8.5s]
    pair ord(x)=17 ord(ax)=66: True quotient by N(Z67) of order 4422 (68 vertices) [8.5s]
    pair ord(x)=17 ord(ax)=68: True quotient by N(Z67) of order 4422 (68 vertices) [8.5s]
    pair ord(x)=17 ord(ax)=22: True quotient by N(Z67) of order 4422 (68 vertices) [8.6s]
    pair ord(x)=17 ord(ax)=66: True quotient by N(Z67) of order 4422 (68 vertices) [8.6s]
    pair ord(x)=17 ord(ax)=22: True quotient by N(Z67) of order 4422 (68 vertices) [8.6s]
    pair ord(x)=17 ord(ax)=68: True quotient by N(Z67) of order 4422 (68 vertices) [8.6s]
    pair ord(x)=17 ord(ax)=68: True quotient by N(Z67) of order 4422 (68 vertices) [8.6s]
    pair ord(x)=17 ord(ax)=22: True quotient by N(Z67) of order 4422 (68 vertices) [8.6s]
    pair ord(x)=17 ord(ax)=68: True quotient by N(Z67) of order 4422 (68 vertices) [8.6s]
    pair ord(x)=17 ord(ax)=68: True quotient by N(Z67) of order 4422 (68 vertices) [8.6s]
    pair ord(x)=33 ord(ax)=68: True quotient by N(Z17) of order 136 (2211 vertices) [9.7s]
    pair ord(x)=33 ord(ax)=66: True quotient by N(Z17) of order 136 (2211 vertices) [9.7s]
    pair ord(x)=33 ord(ax)=22: True quotient by N(Z17) of order 136 (2211 vertices) [9.7s]
    pair ord(x)=33 ord(ax)=68: True quotient by N(Z17) of order 136 (2211 vertices) [9.8s]
    pair ord(x)=33 ord(ax)=22: True quotient by N(Z17) of order 136 (2211 vertices) [9.7s]
    pair ord(x)=33 ord(ax)=4: True quotient by N(Z17) of order 136 (2211 vertices) [9.7s]
    pair ord(x)=33 ord(ax)=68: True quotient by N(Z17) of order 136 (2211 vertices) [9.8s]
    pair ord(x)=33 ord(ax)=6: True quotient by N(Z17) of order 136 (2211 vertices) [9.8s]
    pair ord(x)=33 ord(ax)=68: True quotient by N(Z17) of order 136 (2211 vertices) [9.8s]
    pair ord(x)=33 ord(ax)=66: True quotient by N(Z17) of order 136 (2211 vertices) [9.7s]
    pair ord(x)=33 ord(ax)=22: True quotient by N(Z17) of order 136 (2211 vertices) [9.8s]
    pair ord(x)=33 ord(ax)=22: True quotient by N(Z17) of order 136 (2211 vertices) [8.8s]
    pair ord(x)=33 ord(ax)=68: True quotient by N(Z17) of order 136 (2211 vertices) [8.9s]
    pair ord(x)=33 ord(ax)=68: True quotient by N(Z17) of order 136 (2211 vertices) [8.9s]
    pair ord(x)=33 ord(ax)=66: True quotient by N(Z17) of order 136 (2211 vertices) [8.8s]
    pair ord(x)=33 ord(ax)=68: True quotient by N(Z17) of order 136 (2211 vertices) [8.9s]
    pair ord(x)=33 ord(ax)=68: True quotient by N(Z17) of order 136 (2211 vertices) [8.9s]
    pair ord(x)=33 ord(ax)=66: True quotient by N(Z17) of order 136 (2211 vertices) [8.9s]
    pair ord(x)=33 ord(ax)=66: True quotient by N(Z17) of order 136 (2211 vertices) [8.9s]
    pair ord(x)=33 ord(ax)=66: True quotient by N(Z17) of order 136 (2211 vertices) [8.9s]
    pair ord(x)=33 ord(ax)=68: True quotient by N(Z17) of order 136 (2211 vertices) [8.9s]
    pair ord(x)=33 ord(ax)=68: True quotient by N(Z17) of order 136 (2211 vertices) [8.9s]
    pair ord(x)=33 ord(ax)=68: True quotient by N(Z17) of order 136 (2211 vertices) [9.4s]
    pair ord(x)=33 ord(ax)=68: True quotient by N(Z17) of order 136 (2211 vertices) [9.5s]
    pair ord(x)=33 ord(ax)=66: True quotient by N(Z17) of order 136 (2211 vertices) [9.4s]
    pair ord(x)=33 ord(ax)=68: True quotient by N(Z17) of order 136 (2211 vertices) [9.4s]
    pair ord(x)=33 ord(ax)=68: True quotient by N(Z17) of order 136 (2211 vertices) [9.4s]
    pair ord(x)=33 ord(ax)=22: True quotient by N(Z17) of order 136 (2211 vertices) [9.4s]
    pair ord(x)=33 ord(ax)=68: True quotient by N(Z17) of order 136 (2211 vertices) [9.5s]
    pair ord(x)=33 ord(ax)=66: True quotient by N(Z17) of order 136 (2211 vertices) [9.4s]
    pair ord(x)=33 ord(ax)=66: True quotient by N(Z17) of order 136 (2211 vertices) [9.5s]
    pair ord(x)=33 ord(ax)=68: True quotient by N(Z17) of order 136 (2211 vertices) [9.4s]
    pair ord(x)=11 ord(ax)=68: True quotient by N(Z17) of order 136 (2211 vertices) [9.5s]
    pair ord(x)=11 ord(ax)=22: True quotient by N(Z17) of order 136 (2211 vertices) [9.2s]
    pair ord(x)=11 ord(ax)=68: True quotient by N(Z17) of order 136 (2211 vertices) [9.2s]
    pair ord(x)=11 ord(ax)=68: True quotient by N(Z17) of order 136 (2211 vertices) [9.2s]
    pair ord(x)=11 ord(ax)=68: True quotient by N(Z17) of order 136 (2211 vertices) [9.3s]
    pair ord(x)=11 ord(ax)=68: True quotient by N(Z17) of order 136 (2211 vertices) [9.3s]
    pair ord(x)=11 ord(ax)=66: True quotient by N(Z17) of order 136 (2211 vertices) [9.3s]
    pair ord(x)=11 ord(ax)=68: True quotient by N(Z17) of order 136 (2211 vertices) [9.3s]
    pair ord(x)=11 ord(ax)=68: True quotient by N(Z17) of order 136 (2211 vertices) [9.2s]
    pair ord(x)=11 ord(ax)=68: True quotient by N(Z17) of order 136 (2211 vertices) [9.3s]
    pair ord(x)=11 ord(ax)=68: True quotient by N(Z17) of order 136 (2211 vertices) [10.3s]
    pair ord(x)=11 ord(ax)=66: True quotient by N(Z17) of order 136 (2211 vertices) [10.5s]
    pair ord(x)=11 ord(ax)=66: True quotient by N(Z17) of order 136 (2211 vertices) [9.1s]
    pair ord(x)=11 ord(ax)=68: True quotient by N(Z17) of order 136 (2211 vertices) [9.2s]
    pair ord(x)=11 ord(ax)=68: True quotient by N(Z17) of order 136 (2211 vertices) [9.2s]
    pair ord(x)=11 ord(ax)=66: True quotient by N(Z17) of order 136 (2211 vertices) [9.2s]
    pair ord(x)=11 ord(ax)=68: True quotient by N(Z17) of order 136 (2211 vertices) [9.2s]
    pair ord(x)=11 ord(ax)=22: True quotient by N(Z17) of order 136 (2211 vertices) [9.2s]
    pair ord(x)=11 ord(ax)=66: True quotient by N(Z17) of order 136 (2211 vertices) [9.2s]
    pair ord(x)=11 ord(ax)=68: True quotient by N(Z17) of order 136 (2211 vertices) [9.3s]
    pair ord(x)=11 ord(ax)=66: True quotient by N(Z17) of order 136 (2211 vertices) [9.3s]
    pair ord(x)=11 ord(ax)=68: True quotient by N(Z17) of order 136 (2211 vertices) [9.1s]
    pair ord(x)=11 ord(ax)=4: True quotient by N(Z17) of order 136 (2211 vertices) [9.0s]
    pair ord(x)=11 ord(ax)=68: True quotient by N(Z17) of order 136 (2211 vertices) [9.0s]
    pair ord(x)=11 ord(ax)=22: True quotient by N(Z17) of order 136 (2211 vertices) [9.0s]
    pair ord(x)=11 ord(ax)=66: True quotient by N(Z17) of order 136 (2211 vertices) [9.1s]
    pair ord(x)=11 ord(ax)=6: True quotient by N(Z17) of order 136 (2211 vertices) [9.0s]
    pair ord(x)=11 ord(ax)=66: True quotient by N(Z17) of order 136 (2211 vertices) [9.2s]
    pair ord(x)=11 ord(ax)=66: True quotient by N(Z17) of order 136 (2211 vertices) [9.0s]
    pair ord(x)=11 ord(ax)=22: True quotient by N(Z17) of order 136 (2211 vertices) [9.1s]
    pair ord(x)=11 ord(ax)=68: True quotient by N(Z17) of order 136 (2211 vertices) [9.1s]
    pair ord(x)=11 ord(ax)=66: True quotient by N(Z17) of order 136 (2211 vertices) [9.2s]
    pair ord(x)=11 ord(ax)=66: True quotient by N(Z17) of order 136 (2211 vertices) [9.0s]
    pair ord(x)=11 ord(ax)=68: True quotient by N(Z17) of order 136 (2211 vertices) [9.2s]
    pair ord(x)=11 ord(ax)=22: True quotient by N(Z17) of order 136 (2211 vertices) [9.1s]
    pair ord(x)=11 ord(ax)=66: True quotient by N(Z17) of order 136 (2211 vertices) [9.0s]
    pair ord(x)=11 ord(ax)=68: True quotient by N(Z17) of order 136 (2211 vertices) [9.2s]
    pair ord(x)=11 ord(ax)=68: True quotient by N(Z17) of order 136 (2211 vertices) [9.1s]
    pair ord(x)=11 ord(ax)=68: True quotient by N(Z17) of order 136 (2211 vertices) [9.1s]
    pair ord(x)=11 ord(ax)=66: True quotient by N(Z17) of order 136 (2211 vertices) [9.1s]
    pair ord(x)=11 ord(ax)=68: True quotient by N(Z17) of order 136 (2211 vertices) [9.1s]
    pair ord(x)=11 ord(ax)=66: True quotient by N(Z17) of order 136 (2211 vertices) [9.1s]
    pair ord(x)=11 ord(ax)=68: True quotient by N(Z17) of order 136 (2211 vertices) [9.2s]
    pair ord(x)=11 ord(ax)=68: True quotient by N(Z17) of order 136 (2211 vertices) [9.1s]
    pair ord(x)=11 ord(ax)=68: True quotient by N(Z17) of order 136 (2211 vertices) [9.1s]
    pair ord(x)=11 ord(ax)=66: True quotient by N(Z17) of order 136 (2211 vertices) [9.7s]
    pair ord(x)=11 ord(ax)=66: True quotient by N(Z17) of order 136 (2211 vertices) [9.8s]
    pair ord(x)=11 ord(ax)=66: True quotient by N(Z17) of order 136 (2211 vertices) [9.8s]
    pair ord(x)=11 ord(ax)=68: True quotient by N(Z17) of order 136 (2211 vertices) [9.8s]
    pair ord(x)=11 ord(ax)=22: True quotient by N(Z17) of order 136 (2211 vertices) [9.7s]
    pair ord(x)=11 ord(ax)=66: True quotient by N(Z17) of order 136 (2211 vertices) [9.8s]
    pair ord(x)=11 ord(ax)=68: True quotient by N(Z17) of order 136 (2211 vertices) [9.8s]
    pair ord(x)=11 ord(ax)=68: True quotient by N(Z17) of order 136 (2211 vertices) [9.9s]
    pair ord(x)=11 ord(ax)=68: True quotient by N(Z17) of order 136 (2211 vertices) [9.9s]
    pair ord(x)=11 ord(ax)=68: True quotient by N(Z17) of order 136 (2211 vertices) [9.5s]
    pair ord(x)=11 ord(ax)=68: True quotient by N(Z17) of order 136 (2211 vertices) [9.7s]
    pair ord(x)=11 ord(ax)=6: True quotient by N(Z17) of order 136 (2211 vertices) [9.2s]
    pair ord(x)=11 ord(ax)=68: True quotient by N(Z17) of order 136 (2211 vertices) [9.0s]
    pair ord(x)=11 ord(ax)=22: True quotient by N(Z17) of order 136 (2211 vertices) [8.9s]
    pair ord(x)=11 ord(ax)=4: True quotient by N(Z17) of order 136 (2211 vertices) [9.0s]
    pair ord(x)=11 ord(ax)=68: True quotient by N(Z17) of order 136 (2211 vertices) [9.1s]
    pair ord(x)=11 ord(ax)=66: True quotient by N(Z17) of order 136 (2211 vertices) [9.0s]
    pair ord(x)=11 ord(ax)=66: True quotient by N(Z17) of order 136 (2211 vertices) [9.0s]
    pair ord(x)=11 ord(ax)=22: True quotient by N(Z17) of order 136 (2211 vertices) [9.0s]
    pair ord(x)=11 ord(ax)=22: True quotient by N(Z17) of order 136 (2211 vertices) [9.0s]
    pair ord(x)=11 ord(ax)=68: True quotient by N(Z17) of order 136 (2211 vertices) [8.9s]
    pair ord(x)=11 ord(ax)=66: True quotient by N(Z17) of order 136 (2211 vertices) [10.4s]
    pair ord(x)=11 ord(ax)=22: True quotient by N(Z17) of order 136 (2211 vertices) [8.9s]
    pair ord(x)=11 ord(ax)=66: True quotient by N(Z17) of order 136 (2211 vertices) [9.0s]
    pair ord(x)=11 ord(ax)=68: True quotient by N(Z17) of order 136 (2211 vertices) [9.0s]
    pair ord(x)=11 ord(ax)=68: True quotient by N(Z17) of order 136 (2211 vertices) [8.9s]
    pair ord(x)=11 ord(ax)=66: True quotient by N(Z17) of order 136 (2211 vertices) [8.9s]
    pair ord(x)=11 ord(ax)=68: True quotient by N(Z17) of order 136 (2211 vertices) [8.9s]
    pair ord(x)=11 ord(ax)=66: True quotient by N(Z17) of order 136 (2211 vertices) [8.9s]
    pair ord(x)=11 ord(ax)=68: True quotient by N(Z17) of order 136 (2211 vertices) [8.9s]
    pair ord(x)=11 ord(ax)=68: True quotient by N(Z17) of order 136 (2211 vertices) [9.6s]
    pair ord(x)=11 ord(ax)=66: True quotient by N(Z17) of order 136 (2211 vertices) [9.9s]
    pair ord(x)=11 ord(ax)=68: True quotient by N(Z17) of order 136 (2211 vertices) [9.0s]
    pair ord(x)=11 ord(ax)=66: True quotient by N(Z17) of order 136 (2211 vertices) [9.1s]
    pair ord(x)=11 ord(ax)=68: True quotient by N(Z17) of order 136 (2211 vertices) [9.0s]
    pair ord(x)=11 ord(ax)=66: True quotient by N(Z17) of order 136 (2211 vertices) [9.0s]
    pair ord(x)=11 ord(ax)=6: True quotient by N(Z17) of order 136 (2211 vertices) [9.0s]
    pair ord(x)=11 ord(ax)=68: True quotient by N(Z17) of order 136 (2211 vertices) [9.0s]
    pair ord(x)=11 ord(ax)=66: True quotient by N(Z17) of order 136 (2211 vertices) [9.0s]
    pair ord(x)=11 ord(ax)=68: True quotient by N(Z17) of order 136 (2211 vertices) [9.0s]
    pair ord(x)=11 ord(ax)=68: True quotient by N(Z17) of order 136 (2211 vertices) [9.0s]
    pair ord(x)=11 ord(ax)=68: True quotient by N(Z17) of order 136 (2211 vertices) [9.1s]
    pair ord(x)=11 ord(ax)=68: True quotient by N(Z17) of order 136 (2211 vertices) [8.9s]
    pair ord(x)=11 ord(ax)=4: True quotient by N(Z17) of order 136 (2211 vertices) [8.9s]
    pair ord(x)=11 ord(ax)=68: True quotient by N(Z17) of order 136 (2211 vertices) [9.0s]
    pair ord(x)=11 ord(ax)=68: True quotient by N(Z17) of order 136 (2211 vertices) [9.0s]
    pair ord(x)=11 ord(ax)=68: True quotient by N(Z17) of order 136 (2211 vertices) [9.0s]
    pair ord(x)=11 ord(ax)=22: True quotient by N(Z17) of order 136 (2211 vertices) [9.1s]
    pair ord(x)=11 ord(ax)=66: True quotient by N(Z17) of order 136 (2211 vertices) [9.0s]
    pair ord(x)=11 ord(ax)=22: True quotient by N(Z17) of order 136 (2211 vertices) [9.0s]
    pair ord(x)=11 ord(ax)=66: True quotient by N(Z17) of order 136 (2211 vertices) [9.0s]
    pair ord(x)=33 ord(ax)=66: True quotient by N(Z17) of order 136 (2211 vertices) [8.9s]
    pair ord(x)=33 ord(ax)=68: True quotient by N(Z17) of order 136 (2211 vertices) [8.9s]
    pair ord(x)=33 ord(ax)=68: True quotient by N(Z17) of order 136 (2211 vertices) [8.9s]
    pair ord(x)=33 ord(ax)=22: True quotient by N(Z17) of order 136 (2211 vertices) [8.8s]
    pair ord(x)=33 ord(ax)=22: True quotient by N(Z17) of order 136 (2211 vertices) [8.9s]
    pair ord(x)=33 ord(ax)=68: True quotient by N(Z17) of order 136 (2211 vertices) [8.9s]
    pair ord(x)=33 ord(ax)=68: True quotient by N(Z17) of order 136 (2211 vertices) [8.9s]
    pair ord(x)=33 ord(ax)=68: True quotient by N(Z17) of order 136 (2211 vertices) [9.0s]
    pair ord(x)=33 ord(ax)=66: True quotient by N(Z17) of order 136 (2211 vertices) [9.0s]
    pair ord(x)=33 ord(ax)=68: True quotient by N(Z17) of order 136 (2211 vertices) [9.0s]
    pair ord(x)=33 ord(ax)=68: True quotient by N(Z17) of order 136 (2211 vertices) [8.9s]
    pair ord(x)=33 ord(ax)=68: True quotient by N(Z17) of order 136 (2211 vertices) [8.9s]
    pair ord(x)=33 ord(ax)=66: True quotient by N(Z17) of order 136 (2211 vertices) [8.9s]
    pair ord(x)=33 ord(ax)=66: True quotient by N(Z17) of order 136 (2211 vertices) [8.9s]
    pair ord(x)=33 ord(ax)=66: True quotient by N(Z17) of order 136 (2211 vertices) [8.8s]
    pair ord(x)=33 ord(ax)=68: True quotient by N(Z17) of order 136 (2211 vertices) [9.0s]
    pair ord(x)=33 ord(ax)=6: True quotient by N(Z17) of order 136 (2211 vertices) [9.0s]
    pair ord(x)=33 ord(ax)=68: True quotient by N(Z17) of order 136 (2211 vertices) [8.9s]
    pair ord(x)=33 ord(ax)=68: True quotient by N(Z17) of order 136 (2211 vertices) [9.0s]
    pair ord(x)=33 ord(ax)=66: True quotient by N(Z17) of order 136 (2211 vertices) [9.0s]
    pair ord(x)=33 ord(ax)=66: True quotient by N(Z17) of order 136 (2211 vertices) [9.0s]
    pair ord(x)=33 ord(ax)=22: True quotient by N(Z17) of order 136 (2211 vertices) [9.0s]
    pair ord(x)=33 ord(ax)=68: True quotient by N(Z17) of order 136 (2211 vertices) [9.0s]
    pair ord(x)=33 ord(ax)=22: True quotient by N(Z17) of order 136 (2211 vertices) [9.0s]
    pair ord(x)=33 ord(ax)=68: True quotient by N(Z17) of order 136 (2211 vertices) [9.0s]
    pair ord(x)=33 ord(ax)=66: True quotient by N(Z17) of order 136 (2211 vertices) [8.9s]
    pair ord(x)=33 ord(ax)=66: True quotient by N(Z17) of order 136 (2211 vertices) [8.9s]
    pair ord(x)=33 ord(ax)=68: True quotient by N(Z17) of order 136 (2211 vertices) [9.0s]
    pair ord(x)=33 ord(ax)=68: True quotient by N(Z17) of order 136 (2211 vertices) [9.0s]
    pair ord(x)=33 ord(ax)=68: True quotient by N(Z17) of order 136 (2211 vertices) [8.9s]
    pair ord(x)=33 ord(ax)=4: True quotient by N(Z17) of order 136 (2211 vertices) [9.0s]
    pair ord(x)=33 ord(ax)=22: True quotient by N(Z17) of order 136 (2211 vertices) [8.9s]
    pair ord(x)=67 ord(ax)=66: True quotient by N(Z17) of order 136 (2211 vertices) [9.0s]
    pair ord(x)=67 ord(ax)=66: True quotient by N(Z17) of order 136 (2211 vertices) [9.0s]
    pair ord(x)=67 ord(ax)=66: True quotient by N(Z17) of order 136 (2211 vertices) [9.0s]
    pair ord(x)=67 ord(ax)=66: True quotient by N(Z17) of order 136 (2211 vertices) [8.9s]
    pair ord(x)=67 ord(ax)=66: True quotient by N(Z17) of order 136 (2211 vertices) [8.9s]
    pair ord(x)=67 ord(ax)=68: True quotient by N(Z17) of order 136 (2211 vertices) [8.9s]
    pair ord(x)=67 ord(ax)=66: True quotient by N(Z17) of order 136 (2211 vertices) [8.9s]
    pair ord(x)=67 ord(ax)=22: True quotient by N(Z17) of order 136 (2211 vertices) [8.8s]
    pair ord(x)=67 ord(ax)=6: True quotient by N(Z17) of order 136 (2211 vertices) [8.9s]
    pair ord(x)=67 ord(ax)=66: True quotient by N(Z17) of order 136 (2211 vertices) [9.0s]
    pair ord(x)=67 ord(ax)=22: True quotient by N(Z17) of order 136 (2211 vertices) [8.9s]
    pair ord(x)=67 ord(ax)=68: True quotient by N(Z17) of order 136 (2211 vertices) [8.9s]
    pair ord(x)=67 ord(ax)=22: True quotient by N(Z17) of order 136 (2211 vertices) [9.0s]
    pair ord(x)=67 ord(ax)=68: True quotient by N(Z17) of order 136 (2211 vertices) [8.9s]
    pair ord(x)=67 ord(ax)=68: True quotient by N(Z17) of order 136 (2211 vertices) [8.9s]
    pair ord(x)=67 ord(ax)=68: True quotient by N(Z17) of order 136 (2211 vertices) [8.9s]
    pair ord(x)=67 ord(ax)=66: True quotient by N(Z17) of order 136 (2211 vertices) [8.9s]
    pair ord(x)=67 ord(ax)=68: True quotient by N(Z17) of order 136 (2211 vertices) [8.8s]
    pair ord(x)=67 ord(ax)=66: True quotient by N(Z17) of order 136 (2211 vertices) [8.9s]
    pair ord(x)=67 ord(ax)=68: True quotient by N(Z17) of order 136 (2211 vertices) [8.9s]
    pair ord(x)=67 ord(ax)=68: True quotient by N(Z17) of order 136 (2211 vertices) [8.9s]
    pair ord(x)=67 ord(ax)=68: True quotient by N(Z17) of order 136 (2211 vertices) [8.9s]
    pair ord(x)=67 ord(ax)=22: True quotient by N(Z17) of order 136 (2211 vertices) [9.0s]
    pair ord(x)=67 ord(ax)=66: True quotient by N(Z17) of order 136 (2211 vertices) [9.0s]
    pair ord(x)=67 ord(ax)=68: True quotient by N(Z17) of order 136 (2211 vertices) [8.9s]
    pair ord(x)=67 ord(ax)=68: True quotient by N(Z17) of order 136 (2211 vertices) [8.9s]
    pair ord(x)=67 ord(ax)=68: True quotient by N(Z17) of order 136 (2211 vertices) [9.0s]
    pair ord(x)=67 ord(ax)=22: True quotient by N(Z17) of order 136 (2211 vertices) [9.0s]
    pair ord(x)=67 ord(ax)=4: True quotient by N(Z17) of order 136 (2211 vertices) [9.0s]
    pair ord(x)=67 ord(ax)=68: True quotient by N(Z17) of order 136 (2211 vertices) [9.0s]
    pair ord(x)=67 ord(ax)=68: True quotient by N(Z17) of order 136 (2211 vertices) [9.0s]
    pair ord(x)=67 ord(ax)=68: True quotient by N(Z17) of order 136 (2211 vertices) [9.0s]
    pair ord(x)=67 ord(ax)=68: True quotient by N(Z17) of order 136 (2211 vertices) [8.9s]
    pair ord(x)=33 ord(ax)=68: True quotient by N(Z17) of order 136 (2211 vertices) [9.0s]
    pair ord(x)=33 ord(ax)=66: True quotient by N(Z17) of order 136 (2211 vertices) [8.9s]
    pair ord(x)=33 ord(ax)=68: True quotient by N(Z17) of order 136 (2211 vertices) [9.0s]
    pair ord(x)=33 ord(ax)=68: True quotient by N(Z17) of order 136 (2211 vertices) [9.0s]
    pair ord(x)=33 ord(ax)=68: True quotient by N(Z17) of order 136 (2211 vertices) [9.0s]
    pair ord(x)=33 ord(ax)=68: True quotient by N(Z17) of order 136 (2211 vertices) [9.0s]
    pair ord(x)=33 ord(ax)=68: True quotient by N(Z17) of order 136 (2211 vertices) [9.0s]
    pair ord(x)=33 ord(ax)=22: True quotient by N(Z17) of order 136 (2211 vertices) [9.0s]
    pair ord(x)=33 ord(ax)=68: True quotient by N(Z17) of order 136 (2211 vertices) [9.0s]
    pair ord(x)=33 ord(ax)=66: True quotient by N(Z17) of order 136 (2211 vertices) [9.0s]
    pair ord(x)=33 ord(ax)=68: True quotient by N(Z17) of order 136 (2211 vertices) [9.0s]
    pair ord(x)=33 ord(ax)=66: True quotient by N(Z17) of order 136 (2211 vertices) [9.0s]
    pair ord(x)=33 ord(ax)=22: True quotient by N(Z17) of order 136 (2211 vertices) [9.0s]
    pair ord(x)=33 ord(ax)=68: True quotient by N(Z17) of order 136 (2211 vertices) [9.0s]
    pair ord(x)=33 ord(ax)=68: True quotient by N(Z17) of order 136 (2211 vertices) [9.0s]
    pair ord(x)=33 ord(ax)=68: True quotient by N(Z17) of order 136 (2211 vertices) [9.0s]
    pair ord(x)=33 ord(ax)=66: True quotient by N(Z17) of order 136 (2211 vertices) [8.9s]
    pair ord(x)=33 ord(ax)=68: True quotient by N(Z17) of order 136 (2211 vertices) [9.0s]
    pair ord(x)=33 ord(ax)=66: True quotient by N(Z17) of order 136 (2211 vertices) [8.9s]
    pair ord(x)=33 ord(ax)=6: True quotient by N(Z17) of order 136 (2211 vertices) [9.1s]
    pair ord(x)=33 ord(ax)=68: True quotient by N(Z17) of order 136 (2211 vertices) [9.0s]
    pair ord(x)=33 ord(ax)=68: True quotient by N(Z17) of order 136 (2211 vertices) [9.0s]
    pair ord(x)=33 ord(ax)=66: True quotient by N(Z17) of order 136 (2211 vertices) [9.0s]
    pair ord(x)=33 ord(ax)=66: True quotient by N(Z17) of order 136 (2211 vertices) [9.0s]
    pair ord(x)=33 ord(ax)=68: True quotient by N(Z17) of order 136 (2211 vertices) [9.0s]
    pair ord(x)=33 ord(ax)=4: True quotient by N(Z17) of order 136 (2211 vertices) [9.0s]
    pair ord(x)=33 ord(ax)=22: True quotient by N(Z17) of order 136 (2211 vertices) [8.9s]
    pair ord(x)=33 ord(ax)=22: True quotient by N(Z17) of order 136 (2211 vertices) [9.0s]
    pair ord(x)=33 ord(ax)=66: True quotient by N(Z17) of order 136 (2211 vertices) [9.1s]
    pair ord(x)=17 ord(ax)=68: True quotient by N(Z67) of order 4422 (68 vertices) [8.7s]
    pair ord(x)=33 ord(ax)=66: True quotient by N(Z17) of order 136 (2211 vertices) [8.9s]
    pair ord(x)=33 ord(ax)=22: True quotient by N(Z17) of order 136 (2211 vertices) [9.0s]
    pair ord(x)=33 ord(ax)=68: True quotient by N(Z17) of order 136 (2211 vertices) [9.0s]
    pair ord(x)=17 ord(ax)=68: True quotient by N(Z67) of order 4422 (68 vertices) [8.7s]
    pair ord(x)=17 ord(ax)=22: True quotient by N(Z67) of order 4422 (68 vertices) [8.7s]
    pair ord(x)=17 ord(ax)=66: True quotient by N(Z67) of order 4422 (68 vertices) [8.7s]
    pair ord(x)=17 ord(ax)=68: True quotient by N(Z67) of order 4422 (68 vertices) [8.7s]
    pair ord(x)=17 ord(ax)=6: True quotient by N(Z67) of order 4422 (68 vertices) [8.6s]
    pair ord(x)=17 ord(ax)=68: True quotient by N(Z67) of order 4422 (68 vertices) [8.7s]
    pair ord(x)=17 ord(ax)=68: True quotient by N(Z67) of order 4422 (68 vertices) [8.7s]
    pair ord(x)=17 ord(ax)=68: True quotient by N(Z67) of order 4422 (68 vertices) [8.7s]
    pair ord(x)=17 ord(ax)=68: True quotient by N(Z67) of order 4422 (68 vertices) [8.7s]
    pair ord(x)=17 ord(ax)=66: True quotient by N(Z67) of order 4422 (68 vertices) [8.7s]
    pair ord(x)=17 ord(ax)=22: True quotient by N(Z67) of order 4422 (68 vertices) [8.7s]
    pair ord(x)=17 ord(ax)=68: True quotient by N(Z67) of order 4422 (68 vertices) [8.7s]
    pair ord(x)=17 ord(ax)=22: True quotient by N(Z67) of order 4422 (68 vertices) [8.7s]
    pair ord(x)=17 ord(ax)=68: True quotient by N(Z67) of order 4422 (68 vertices) [8.7s]
    pair ord(x)=17 ord(ax)=68: True quotient by N(Z67) of order 4422 (68 vertices) [8.7s]
    pair ord(x)=17 ord(ax)=66: True quotient by N(Z67) of order 4422 (68 vertices) [8.7s]
    pair ord(x)=17 ord(ax)=22: True quotient by N(Z67) of order 4422 (68 vertices) [8.6s]
    pair ord(x)=17 ord(ax)=66: True quotient by N(Z67) of order 4422 (68 vertices) [8.5s]
    pair ord(x)=17 ord(ax)=4: True quotient by N(Z67) of order 4422 (68 vertices) [8.6s]
    pair ord(x)=17 ord(ax)=66: True quotient by N(Z67) of order 4422 (68 vertices) [8.6s]
    pair ord(x)=17 ord(ax)=66: True quotient by N(Z67) of order 4422 (68 vertices) [8.7s]
    pair ord(x)=17 ord(ax)=68: True quotient by N(Z67) of order 4422 (68 vertices) [8.6s]
    pair ord(x)=17 ord(ax)=68: True quotient by N(Z67) of order 4422 (68 vertices) [8.6s]
    pair ord(x)=17 ord(ax)=66: True quotient by N(Z67) of order 4422 (68 vertices) [8.7s]
    pair ord(x)=17 ord(ax)=68: True quotient by N(Z67) of order 4422 (68 vertices) [8.6s]
    pair ord(x)=17 ord(ax)=68: True quotient by N(Z67) of order 4422 (68 vertices) [8.7s]
    pair ord(x)=17 ord(ax)=68: True quotient by N(Z67) of order 4422 (68 vertices) [8.7s]
    pair ord(x)=17 ord(ax)=66: True quotient by N(Z67) of order 4422 (68 vertices) [8.6s]
    pair ord(x)=17 ord(ax)=22: True quotient by N(Z67) of order 4422 (68 vertices) [8.6s]
    pair ord(x)=17 ord(ax)=66: True quotient by N(Z67) of order 4422 (68 vertices) [8.7s]
    pair ord(x)=17 ord(ax)=66: True quotient by N(Z67) of order 4422 (68 vertices) [8.7s]
    pair ord(x)=17 ord(ax)=68: True quotient by N(Z67) of order 4422 (68 vertices) [8.7s]
    pair ord(x)=33 ord(ax)=66: True quotient by N(Z17) of order 136 (2211 vertices) [9.0s]
    pair ord(x)=33 ord(ax)=6: True quotient by N(Z17) of order 136 (2211 vertices) [9.0s]
    pair ord(x)=33 ord(ax)=66: True quotient by N(Z17) of order 136 (2211 vertices) [9.0s]
    pair ord(x)=33 ord(ax)=68: True quotient by N(Z17) of order 136 (2211 vertices) [9.0s]
    pair ord(x)=33 ord(ax)=4: True quotient by N(Z17) of order 136 (2211 vertices) [9.0s]
    pair ord(x)=33 ord(ax)=66: True quotient by N(Z17) of order 136 (2211 vertices) [9.0s]
    pair ord(x)=33 ord(ax)=68: True quotient by N(Z17) of order 136 (2211 vertices) [9.0s]
    pair ord(x)=33 ord(ax)=66: True quotient by N(Z17) of order 136 (2211 vertices) [9.0s]
    pair ord(x)=33 ord(ax)=22: True quotient by N(Z17) of order 136 (2211 vertices) [9.0s]
    pair ord(x)=33 ord(ax)=66: True quotient by N(Z17) of order 136 (2211 vertices) [9.0s]
    pair ord(x)=33 ord(ax)=22: True quotient by N(Z17) of order 136 (2211 vertices) [9.0s]
    pair ord(x)=33 ord(ax)=22: True quotient by N(Z17) of order 136 (2211 vertices) [9.0s]
    pair ord(x)=33 ord(ax)=68: True quotient by N(Z17) of order 136 (2211 vertices) [8.9s]
    pair ord(x)=33 ord(ax)=68: True quotient by N(Z17) of order 136 (2211 vertices) [8.9s]
    pair ord(x)=33 ord(ax)=22: True quotient by N(Z17) of order 136 (2211 vertices) [9.0s]
    pair ord(x)=33 ord(ax)=68: True quotient by N(Z17) of order 136 (2211 vertices) [8.9s]
    pair ord(x)=33 ord(ax)=68: True quotient by N(Z17) of order 136 (2211 vertices) [8.9s]
    pair ord(x)=33 ord(ax)=68: True quotient by N(Z17) of order 136 (2211 vertices) [8.9s]
    pair ord(x)=33 ord(ax)=68: True quotient by N(Z17) of order 136 (2211 vertices) [9.0s]
    pair ord(x)=33 ord(ax)=66: True quotient by N(Z17) of order 136 (2211 vertices) [9.0s]
    pair ord(x)=33 ord(ax)=68: True quotient by N(Z17) of order 136 (2211 vertices) [9.0s]
    pair ord(x)=33 ord(ax)=66: True quotient by N(Z17) of order 136 (2211 vertices) [9.0s]
    pair ord(x)=33 ord(ax)=66: True quotient by N(Z17) of order 136 (2211 vertices) [8.9s]
    pair ord(x)=33 ord(ax)=22: True quotient by N(Z17) of order 136 (2211 vertices) [8.9s]
    pair ord(x)=33 ord(ax)=68: True quotient by N(Z17) of order 136 (2211 vertices) [8.9s]
    pair ord(x)=33 ord(ax)=68: True quotient by N(Z17) of order 136 (2211 vertices) [9.0s]
    pair ord(x)=33 ord(ax)=68: True quotient by N(Z17) of order 136 (2211 vertices) [8.9s]
    pair ord(x)=33 ord(ax)=68: True quotient by N(Z17) of order 136 (2211 vertices) [8.9s]
    pair ord(x)=33 ord(ax)=66: True quotient by N(Z17) of order 136 (2211 vertices) [8.9s]
    pair ord(x)=33 ord(ax)=68: True quotient by N(Z17) of order 136 (2211 vertices) [8.9s]
    pair ord(x)=33 ord(ax)=68: True quotient by N(Z17) of order 136 (2211 vertices) [8.9s]
    pair ord(x)=33 ord(ax)=68: True quotient by N(Z17) of order 136 (2211 vertices) [8.9s]
    pair ord(x)=33 ord(ax)=68: True quotient by N(Z17) of order 136 (2211 vertices) [8.9s]
    pair ord(x)=33 ord(ax)=68: True quotient by N(Z17) of order 136 (2211 vertices) [8.9s]
    pair ord(x)=33 ord(ax)=22: True quotient by N(Z17) of order 136 (2211 vertices) [8.9s]
    pair ord(x)=33 ord(ax)=68: True quotient by N(Z17) of order 136 (2211 vertices) [8.9s]
    pair ord(x)=33 ord(ax)=68: True quotient by N(Z17) of order 136 (2211 vertices) [8.9s]
    pair ord(x)=33 ord(ax)=68: True quotient by N(Z17) of order 136 (2211 vertices) [8.9s]
    pair ord(x)=33 ord(ax)=68: True quotient by N(Z17) of order 136 (2211 vertices) [8.8s]
    pair ord(x)=33 ord(ax)=66: True quotient by N(Z17) of order 136 (2211 vertices) [9.0s]
    pair ord(x)=33 ord(ax)=68: True quotient by N(Z17) of order 136 (2211 vertices) [8.9s]
    pair ord(x)=33 ord(ax)=22: True quotient by N(Z17) of order 136 (2211 vertices) [8.9s]
    pair ord(x)=33 ord(ax)=6: True quotient by N(Z17) of order 136 (2211 vertices) [8.9s]
    pair ord(x)=33 ord(ax)=68: True quotient by N(Z17) of order 136 (2211 vertices) [8.9s]
    pair ord(x)=33 ord(ax)=4: True quotient by N(Z17) of order 136 (2211 vertices) [8.9s]
    pair ord(x)=33 ord(ax)=68: True quotient by N(Z17) of order 136 (2211 vertices) [8.9s]
    pair ord(x)=33 ord(ax)=68: True quotient by N(Z17) of order 136 (2211 vertices) [8.9s]
    pair ord(x)=33 ord(ax)=66: True quotient by N(Z17) of order 136 (2211 vertices) [9.0s]
    pair ord(x)=33 ord(ax)=66: True quotient by N(Z17) of order 136 (2211 vertices) [8.9s]
    pair ord(x)=33 ord(ax)=66: True quotient by N(Z17) of order 136 (2211 vertices) [8.9s]
    pair ord(x)=33 ord(ax)=22: True quotient by N(Z17) of order 136 (2211 vertices) [9.0s]
    pair ord(x)=33 ord(ax)=22: True quotient by N(Z17) of order 136 (2211 vertices) [9.1s]
    pair ord(x)=33 ord(ax)=22: True quotient by N(Z17) of order 136 (2211 vertices) [9.1s]
    pair ord(x)=33 ord(ax)=68: True quotient by N(Z17) of order 136 (2211 vertices) [9.1s]
    pair ord(x)=33 ord(ax)=68: True quotient by N(Z17) of order 136 (2211 vertices) [9.2s]
    pair ord(x)=33 ord(ax)=68: True quotient by N(Z17) of order 136 (2211 vertices) [9.1s]
    pair ord(x)=33 ord(ax)=66: True quotient by N(Z17) of order 136 (2211 vertices) [9.2s]
    pair ord(x)=33 ord(ax)=66: True quotient by N(Z17) of order 136 (2211 vertices) [9.2s]
    pair ord(x)=33 ord(ax)=68: True quotient by N(Z17) of order 136 (2211 vertices) [9.2s]
    pair ord(x)=33 ord(ax)=68: True quotient by N(Z17) of order 136 (2211 vertices) [9.2s]
    pair ord(x)=33 ord(ax)=68: True quotient by N(Z17) of order 136 (2211 vertices) [9.4s]
    pair ord(x)=33 ord(ax)=66: True quotient by N(Z17) of order 136 (2211 vertices) [9.5s]
    pair ord(x)=33 ord(ax)=66: True quotient by N(Z17) of order 136 (2211 vertices) [9.5s]
    pair ord(x)=33 ord(ax)=66: True quotient by N(Z17) of order 136 (2211 vertices) [9.5s]
    pair ord(x)=11 ord(ax)=68: True quotient by N(Z17) of order 136 (2211 vertices) [9.4s]
    pair ord(x)=11 ord(ax)=68: True quotient by N(Z17) of order 136 (2211 vertices) [9.4s]
    pair ord(x)=11 ord(ax)=66: True quotient by N(Z17) of order 136 (2211 vertices) [9.5s]
    pair ord(x)=11 ord(ax)=22: True quotient by N(Z17) of order 136 (2211 vertices) [9.5s]
    pair ord(x)=11 ord(ax)=66: True quotient by N(Z17) of order 136 (2211 vertices) [9.4s]
    pair ord(x)=11 ord(ax)=66: True quotient by N(Z17) of order 136 (2211 vertices) [9.5s]
    pair ord(x)=11 ord(ax)=68: True quotient by N(Z17) of order 136 (2211 vertices) [9.5s]
    pair ord(x)=11 ord(ax)=68: True quotient by N(Z17) of order 136 (2211 vertices) [9.3s]
    pair ord(x)=11 ord(ax)=68: True quotient by N(Z17) of order 136 (2211 vertices) [9.1s]
    pair ord(x)=11 ord(ax)=68: True quotient by N(Z17) of order 136 (2211 vertices) [9.0s]
    pair ord(x)=11 ord(ax)=66: True quotient by N(Z17) of order 136 (2211 vertices) [9.0s]
    pair ord(x)=11 ord(ax)=68: True quotient by N(Z17) of order 136 (2211 vertices) [9.1s]
    pair ord(x)=11 ord(ax)=4: True quotient by N(Z17) of order 136 (2211 vertices) [9.0s]
    pair ord(x)=11 ord(ax)=68: True quotient by N(Z17) of order 136 (2211 vertices) [9.7s]
    pair ord(x)=11 ord(ax)=22: True quotient by N(Z17) of order 136 (2211 vertices) [9.0s]
    pair ord(x)=11 ord(ax)=66: True quotient by N(Z17) of order 136 (2211 vertices) [9.0s]
    pair ord(x)=11 ord(ax)=22: True quotient by N(Z17) of order 136 (2211 vertices) [9.0s]
    pair ord(x)=11 ord(ax)=68: True quotient by N(Z17) of order 136 (2211 vertices) [9.1s]
    pair ord(x)=11 ord(ax)=68: True quotient by N(Z17) of order 136 (2211 vertices) [9.0s]
    pair ord(x)=11 ord(ax)=68: True quotient by N(Z17) of order 136 (2211 vertices) [9.0s]
    pair ord(x)=11 ord(ax)=66: True quotient by N(Z17) of order 136 (2211 vertices) [9.0s]
    pair ord(x)=11 ord(ax)=6: True quotient by N(Z17) of order 136 (2211 vertices) [9.0s]
    pair ord(x)=11 ord(ax)=66: True quotient by N(Z17) of order 136 (2211 vertices) [9.1s]
    pair ord(x)=11 ord(ax)=68: True quotient by N(Z17) of order 136 (2211 vertices) [9.1s]
    pair ord(x)=11 ord(ax)=22: True quotient by N(Z17) of order 136 (2211 vertices) [9.0s]
    pair ord(x)=11 ord(ax)=66: True quotient by N(Z17) of order 136 (2211 vertices) [9.0s]
    pair ord(x)=11 ord(ax)=68: True quotient by N(Z17) of order 136 (2211 vertices) [9.0s]
    pair ord(x)=11 ord(ax)=66: True quotient by N(Z17) of order 136 (2211 vertices) [9.0s]
    pair ord(x)=11 ord(ax)=66: True quotient by N(Z17) of order 136 (2211 vertices) [9.2s]
    pair ord(x)=11 ord(ax)=68: True quotient by N(Z17) of order 136 (2211 vertices) [9.0s]
    pair ord(x)=11 ord(ax)=68: True quotient by N(Z17) of order 136 (2211 vertices) [9.0s]
    pair ord(x)=17 ord(ax)=68: True quotient by N(Z67) of order 4422 (68 vertices) [8.6s]
    pair ord(x)=11 ord(ax)=68: True quotient by N(Z17) of order 136 (2211 vertices) [9.1s]
    pair ord(x)=17 ord(ax)=68: True quotient by N(Z67) of order 4422 (68 vertices) [8.6s]
    pair ord(x)=17 ord(ax)=68: True quotient by N(Z67) of order 4422 (68 vertices) [8.5s]
    pair ord(x)=17 ord(ax)=68: True quotient by N(Z67) of order 4422 (68 vertices) [8.6s]
    pair ord(x)=17 ord(ax)=22: True quotient by N(Z67) of order 4422 (68 vertices) [8.6s]
    pair ord(x)=17 ord(ax)=68: True quotient by N(Z67) of order 4422 (68 vertices) [8.6s]
    pair ord(x)=17 ord(ax)=68: True quotient by N(Z67) of order 4422 (68 vertices) [8.6s]
    pair ord(x)=17 ord(ax)=66: True quotient by N(Z67) of order 4422 (68 vertices) [8.6s]
    pair ord(x)=17 ord(ax)=68: True quotient by N(Z67) of order 4422 (68 vertices) [8.7s]
    pair ord(x)=17 ord(ax)=6: True quotient by N(Z67) of order 4422 (68 vertices) [8.7s]
    pair ord(x)=17 ord(ax)=22: True quotient by N(Z67) of order 4422 (68 vertices) [8.6s]
    pair ord(x)=17 ord(ax)=68: True quotient by N(Z67) of order 4422 (68 vertices) [8.7s]
    pair ord(x)=17 ord(ax)=66: True quotient by N(Z67) of order 4422 (68 vertices) [8.7s]
    pair ord(x)=17 ord(ax)=22: True quotient by N(Z67) of order 4422 (68 vertices) [8.7s]
    pair ord(x)=17 ord(ax)=66: True quotient by N(Z67) of order 4422 (68 vertices) [8.7s]
    pair ord(x)=17 ord(ax)=22: True quotient by N(Z67) of order 4422 (68 vertices) [8.7s]
    pair ord(x)=17 ord(ax)=66: True quotient by N(Z67) of order 4422 (68 vertices) [8.7s]
    pair ord(x)=17 ord(ax)=68: True quotient by N(Z67) of order 4422 (68 vertices) [8.6s]
    pair ord(x)=17 ord(ax)=66: True quotient by N(Z67) of order 4422 (68 vertices) [8.6s]
    pair ord(x)=17 ord(ax)=4: True quotient by N(Z67) of order 4422 (68 vertices) [8.6s]
    pair ord(x)=17 ord(ax)=66: True quotient by N(Z67) of order 4422 (68 vertices) [8.6s]
    pair ord(x)=17 ord(ax)=68: True quotient by N(Z67) of order 4422 (68 vertices) [8.6s]
    pair ord(x)=17 ord(ax)=22: True quotient by N(Z67) of order 4422 (68 vertices) [8.7s]
    pair ord(x)=17 ord(ax)=66: True quotient by N(Z67) of order 4422 (68 vertices) [8.7s]
    pair ord(x)=17 ord(ax)=68: True quotient by N(Z67) of order 4422 (68 vertices) [8.7s]
    pair ord(x)=17 ord(ax)=68: True quotient by N(Z67) of order 4422 (68 vertices) [8.7s]
    pair ord(x)=17 ord(ax)=68: True quotient by N(Z67) of order 4422 (68 vertices) [8.7s]
    pair ord(x)=17 ord(ax)=68: True quotient by N(Z67) of order 4422 (68 vertices) [8.7s]
    pair ord(x)=17 ord(ax)=68: True quotient by N(Z67) of order 4422 (68 vertices) [8.7s]
    pair ord(x)=17 ord(ax)=66: True quotient by N(Z67) of order 4422 (68 vertices) [8.7s]
    pair ord(x)=17 ord(ax)=68: True quotient by N(Z67) of order 4422 (68 vertices) [8.7s]
    pair ord(x)=17 ord(ax)=66: True quotient by N(Z67) of order 4422 (68 vertices) [8.7s]
    pair ord(x)=17 ord(ax)=66: True quotient by N(Z67) of order 4422 (68 vertices) [8.8s]
    pair ord(x)=33 ord(ax)=68: True quotient by N(Z17) of order 136 (2211 vertices) [9.1s]
    pair ord(x)=33 ord(ax)=68: True quotient by N(Z17) of order 136 (2211 vertices) [9.0s]
    pair ord(x)=33 ord(ax)=68: True quotient by N(Z17) of order 136 (2211 vertices) [9.1s]
    pair ord(x)=33 ord(ax)=68: True quotient by N(Z17) of order 136 (2211 vertices) [9.1s]
    pair ord(x)=33 ord(ax)=68: True quotient by N(Z17) of order 136 (2211 vertices) [9.2s]
    pair ord(x)=33 ord(ax)=66: True quotient by N(Z17) of order 136 (2211 vertices) [9.0s]
    pair ord(x)=33 ord(ax)=68: True quotient by N(Z17) of order 136 (2211 vertices) [9.1s]
    pair ord(x)=33 ord(ax)=66: True quotient by N(Z17) of order 136 (2211 vertices) [9.1s]
    pair ord(x)=33 ord(ax)=66: True quotient by N(Z17) of order 136 (2211 vertices) [9.0s]
    pair ord(x)=33 ord(ax)=68: True quotient by N(Z17) of order 136 (2211 vertices) [9.0s]
    pair ord(x)=33 ord(ax)=68: True quotient by N(Z17) of order 136 (2211 vertices) [9.0s]
    pair ord(x)=33 ord(ax)=66: True quotient by N(Z17) of order 136 (2211 vertices) [9.0s]
    pair ord(x)=33 ord(ax)=4: True quotient by N(Z17) of order 136 (2211 vertices) [9.0s]
    pair ord(x)=33 ord(ax)=66: True quotient by N(Z17) of order 136 (2211 vertices) [9.0s]
    pair ord(x)=33 ord(ax)=66: True quotient by N(Z17) of order 136 (2211 vertices) [9.1s]
    pair ord(x)=33 ord(ax)=22: True quotient by N(Z17) of order 136 (2211 vertices) [9.0s]
    pair ord(x)=33 ord(ax)=68: True quotient by N(Z17) of order 136 (2211 vertices) [9.0s]
    pair ord(x)=33 ord(ax)=66: True quotient by N(Z17) of order 136 (2211 vertices) [9.0s]
    pair ord(x)=33 ord(ax)=22: True quotient by N(Z17) of order 136 (2211 vertices) [9.1s]
    pair ord(x)=33 ord(ax)=68: True quotient by N(Z17) of order 136 (2211 vertices) [9.0s]
    pair ord(x)=33 ord(ax)=68: True quotient by N(Z17) of order 136 (2211 vertices) [9.1s]
    pair ord(x)=33 ord(ax)=22: True quotient by N(Z17) of order 136 (2211 vertices) [9.1s]
    pair ord(x)=33 ord(ax)=22: True quotient by N(Z17) of order 136 (2211 vertices) [9.1s]
    pair ord(x)=33 ord(ax)=22: True quotient by N(Z17) of order 136 (2211 vertices) [9.0s]
    pair ord(x)=33 ord(ax)=68: True quotient by N(Z17) of order 136 (2211 vertices) [9.0s]
    pair ord(x)=33 ord(ax)=66: True quotient by N(Z17) of order 136 (2211 vertices) [9.0s]
    pair ord(x)=33 ord(ax)=68: True quotient by N(Z17) of order 136 (2211 vertices) [9.0s]
    pair ord(x)=33 ord(ax)=68: True quotient by N(Z17) of order 136 (2211 vertices) [9.0s]
    pair ord(x)=33 ord(ax)=66: True quotient by N(Z17) of order 136 (2211 vertices) [9.1s]
    pair ord(x)=33 ord(ax)=6: True quotient by N(Z17) of order 136 (2211 vertices) [9.0s]
    pair ord(x)=33 ord(ax)=68: True quotient by N(Z17) of order 136 (2211 vertices) [9.1s]
    pair ord(x)=33 ord(ax)=68: True quotient by N(Z17) of order 136 (2211 vertices) [8.9s]
    pair ord(x)=3 ord(ax)=22: True quotient by N(Z17) of order 136 (2211 vertices) [9.7s]
    pair ord(x)=3 ord(ax)=66: True quotient by N(Z17) of order 136 (2211 vertices) [9.7s]
    pair ord(x)=3 ord(ax)=22: True quotient by N(Z17) of order 136 (2211 vertices) [9.8s]
    pair ord(x)=3 ord(ax)=66: True quotient by N(Z17) of order 136 (2211 vertices) [9.7s]
    pair ord(x)=3 ord(ax)=66: True quotient by N(Z17) of order 136 (2211 vertices) [9.8s]
    pair ord(x)=3 ord(ax)=66: True quotient by N(Z17) of order 136 (2211 vertices) [9.8s]
    pair ord(x)=3 ord(ax)=66: True quotient by N(Z17) of order 136 (2211 vertices) [9.8s]
    pair ord(x)=3 ord(ax)=22: True quotient by N(Z17) of order 136 (2211 vertices) [9.6s]
    pair ord(x)=3 ord(ax)=66: True quotient by N(Z17) of order 136 (2211 vertices) [9.7s]
    pair ord(x)=3 ord(ax)=22: True quotient by N(Z17) of order 136 (2211 vertices) [9.7s]
    pair ord(x)=3 ord(ax)=66: True quotient by N(Z17) of order 136 (2211 vertices) [10.0s]
    pair ord(x)=3 ord(ax)=68: True quotient by C(x67) of order 67 (4488 vertices) [29.6s]
    pair ord(x)=3 ord(ax)=66: True quotient by N(Z17) of order 136 (2211 vertices) [9.8s]
    pair ord(x)=3 ord(ax)=68: True quotient by C(x67) of order 67 (4488 vertices) [30.1s]
    pair ord(x)=3 ord(ax)=68: True quotient by C(x67) of order 67 (4488 vertices) [29.6s]
    pair ord(x)=3 ord(ax)=68: True quotient by C(x67) of order 67 (4488 vertices) [30.1s]
    pair ord(x)=3 ord(ax)=66: True quotient by N(Z17) of order 136 (2211 vertices) [9.9s]
    pair ord(x)=3 ord(ax)=22: True quotient by N(Z17) of order 136 (2211 vertices) [9.9s]
    pair ord(x)=3 ord(ax)=68: True quotient by C(x67) of order 67 (4488 vertices) [30.7s]
    pair ord(x)=3 ord(ax)=68: True quotient by C(x67) of order 67 (4488 vertices) [31.3s]
    pair ord(x)=3 ord(ax)=68: True quotient by C(x67) of order 67 (4488 vertices) [32.4s]
    pair ord(x)=3 ord(ax)=68: True quotient by C(x67) of order 67 (4488 vertices) [34.7s]
    pair ord(x)=3 ord(ax)=68: True quotient by C(x67) of order 67 (4488 vertices) [29.4s]
    pair ord(x)=3 ord(ax)=66: True quotient by N(Z17) of order 136 (2211 vertices) [9.7s]
    pair ord(x)=11 ord(ax)=4: True quotient by N(Z17) of order 136 (2211 vertices) [9.0s]
    pair ord(x)=11 ord(ax)=66: True quotient by N(Z17) of order 136 (2211 vertices) [9.1s]
    pair ord(x)=11 ord(ax)=66: True quotient by N(Z17) of order 136 (2211 vertices) [9.1s]
    pair ord(x)=3 ord(ax)=68: True quotient by C(x67) of order 67 (4488 vertices) [30.7s]
    pair ord(x)=11 ord(ax)=6: True quotient by N(Z17) of order 136 (2211 vertices) [9.2s]
    pair ord(x)=11 ord(ax)=68: True quotient by N(Z17) of order 136 (2211 vertices) [9.1s]
    pair ord(x)=3 ord(ax)=68: True quotient by C(x67) of order 67 (4488 vertices) [29.9s]
    pair ord(x)=11 ord(ax)=68: True quotient by N(Z17) of order 136 (2211 vertices) [9.1s]
    pair ord(x)=3 ord(ax)=68: True quotient by C(x67) of order 67 (4488 vertices) [33.4s]
    pair ord(x)=3 ord(ax)=68: True quotient by C(x67) of order 67 (4488 vertices) [29.4s]
    pair ord(x)=11 ord(ax)=68: True quotient by N(Z17) of order 136 (2211 vertices) [9.2s]
    pair ord(x)=11 ord(ax)=66: True quotient by N(Z17) of order 136 (2211 vertices) [9.2s]
    pair ord(x)=11 ord(ax)=68: True quotient by N(Z17) of order 136 (2211 vertices) [10.6s]
    pair ord(x)=11 ord(ax)=68: True quotient by N(Z17) of order 136 (2211 vertices) [9.0s]
    pair ord(x)=3 ord(ax)=68: True quotient by C(x67) of order 67 (4488 vertices) [31.0s]
    pair ord(x)=11 ord(ax)=66: True quotient by N(Z17) of order 136 (2211 vertices) [9.1s]
    pair ord(x)=3 ord(ax)=68: True quotient by C(x67) of order 67 (4488 vertices) [30.2s]
    pair ord(x)=11 ord(ax)=68: True quotient by N(Z17) of order 136 (2211 vertices) [8.9s]
    pair ord(x)=11 ord(ax)=68: True quotient by N(Z17) of order 136 (2211 vertices) [8.9s]
    pair ord(x)=3 ord(ax)=68: True quotient by C(x67) of order 67 (4488 vertices) [31.3s]
    pair ord(x)=11 ord(ax)=68: True quotient by N(Z17) of order 136 (2211 vertices) [9.0s]
    pair ord(x)=11 ord(ax)=66: True quotient by N(Z17) of order 136 (2211 vertices) [9.0s]
    pair ord(x)=11 ord(ax)=68: True quotient by N(Z17) of order 136 (2211 vertices) [9.0s]
    pair ord(x)=11 ord(ax)=68: True quotient by N(Z17) of order 136 (2211 vertices) [8.9s]
    pair ord(x)=11 ord(ax)=68: True quotient by N(Z17) of order 136 (2211 vertices) [9.0s]
    pair ord(x)=11 ord(ax)=22: True quotient by N(Z17) of order 136 (2211 vertices) [9.0s]
    pair ord(x)=11 ord(ax)=68: True quotient by N(Z17) of order 136 (2211 vertices) [9.2s]
    pair ord(x)=11 ord(ax)=68: True quotient by N(Z17) of order 136 (2211 vertices) [9.0s]
    pair ord(x)=11 ord(ax)=68: True quotient by N(Z17) of order 136 (2211 vertices) [8.9s]
    pair ord(x)=11 ord(ax)=68: True quotient by N(Z17) of order 136 (2211 vertices) [9.0s]
    pair ord(x)=11 ord(ax)=66: True quotient by N(Z17) of order 136 (2211 vertices) [9.0s]
    pair ord(x)=11 ord(ax)=22: True quotient by N(Z17) of order 136 (2211 vertices) [8.9s]
    pair ord(x)=11 ord(ax)=66: True quotient by N(Z17) of order 136 (2211 vertices) [8.9s]
    pair ord(x)=11 ord(ax)=68: True quotient by N(Z17) of order 136 (2211 vertices) [8.9s]
    pair ord(x)=11 ord(ax)=22: True quotient by N(Z17) of order 136 (2211 vertices) [9.0s]
    pair ord(x)=11 ord(ax)=22: True quotient by N(Z17) of order 136 (2211 vertices) [8.9s]
    pair ord(x)=11 ord(ax)=66: True quotient by N(Z17) of order 136 (2211 vertices) [9.0s]
    pair ord(x)=11 ord(ax)=66: True quotient by N(Z17) of order 136 (2211 vertices) [9.1s]
    pair ord(x)=11 ord(ax)=66: True quotient by N(Z17) of order 136 (2211 vertices) [9.0s]
    pair ord(x)=33 ord(ax)=66: True quotient by N(Z17) of order 136 (2211 vertices) [8.9s]
    pair ord(x)=33 ord(ax)=66: True quotient by N(Z17) of order 136 (2211 vertices) [9.0s]
    pair ord(x)=33 ord(ax)=6: True quotient by N(Z17) of order 136 (2211 vertices) [8.9s]
    pair ord(x)=33 ord(ax)=66: True quotient by N(Z17) of order 136 (2211 vertices) [8.8s]
    pair ord(x)=33 ord(ax)=68: True quotient by N(Z17) of order 136 (2211 vertices) [8.7s]
    pair ord(x)=33 ord(ax)=66: True quotient by N(Z17) of order 136 (2211 vertices) [8.7s]
    pair ord(x)=33 ord(ax)=66: True quotient by N(Z17) of order 136 (2211 vertices) [8.7s]
    pair ord(x)=33 ord(ax)=22: True quotient by N(Z17) of order 136 (2211 vertices) [8.8s]
    pair ord(x)=33 ord(ax)=66: True quotient by N(Z17) of order 136 (2211 vertices) [8.8s]
    pair ord(x)=33 ord(ax)=68: True quotient by N(Z17) of order 136 (2211 vertices) [8.9s]
    pair ord(x)=33 ord(ax)=22: True quotient by N(Z17) of order 136 (2211 vertices) [8.9s]
    pair ord(x)=33 ord(ax)=68: True quotient by N(Z17) of order 136 (2211 vertices) [8.9s]
    pair ord(x)=33 ord(ax)=68: True quotient by N(Z17) of order 136 (2211 vertices) [8.9s]
    pair ord(x)=33 ord(ax)=66: True quotient by N(Z17) of order 136 (2211 vertices) [8.9s]
    pair ord(x)=33 ord(ax)=68: True quotient by N(Z17) of order 136 (2211 vertices) [8.8s]
    pair ord(x)=33 ord(ax)=22: True quotient by N(Z17) of order 136 (2211 vertices) [8.8s]
    pair ord(x)=33 ord(ax)=68: True quotient by N(Z17) of order 136 (2211 vertices) [8.8s]
    pair ord(x)=33 ord(ax)=22: True quotient by N(Z17) of order 136 (2211 vertices) [8.9s]
    pair ord(x)=33 ord(ax)=68: True quotient by N(Z17) of order 136 (2211 vertices) [8.9s]
    pair ord(x)=33 ord(ax)=4: True quotient by N(Z17) of order 136 (2211 vertices) [8.8s]
    pair ord(x)=33 ord(ax)=68: True quotient by N(Z17) of order 136 (2211 vertices) [8.9s]
    pair ord(x)=33 ord(ax)=68: True quotient by N(Z17) of order 136 (2211 vertices) [8.7s]
    pair ord(x)=33 ord(ax)=66: True quotient by N(Z17) of order 136 (2211 vertices) [8.8s]
    pair ord(x)=33 ord(ax)=68: True quotient by N(Z17) of order 136 (2211 vertices) [8.8s]
    pair ord(x)=33 ord(ax)=68: True quotient by N(Z17) of order 136 (2211 vertices) [8.8s]
    pair ord(x)=33 ord(ax)=68: True quotient by N(Z17) of order 136 (2211 vertices) [8.9s]
    pair ord(x)=33 ord(ax)=22: True quotient by N(Z17) of order 136 (2211 vertices) [8.8s]
    pair ord(x)=33 ord(ax)=68: True quotient by N(Z17) of order 136 (2211 vertices) [8.9s]
    pair ord(x)=33 ord(ax)=68: True quotient by N(Z17) of order 136 (2211 vertices) [8.9s]
    pair ord(x)=33 ord(ax)=66: True quotient by N(Z17) of order 136 (2211 vertices) [9.0s]
    pair ord(x)=33 ord(ax)=68: True quotient by N(Z17) of order 136 (2211 vertices) [8.9s]
    pair ord(x)=33 ord(ax)=68: True quotient by N(Z17) of order 136 (2211 vertices) [9.0s]
    pair ord(x)=33 ord(ax)=68: True quotient by N(Z17) of order 136 (2211 vertices) [8.9s]
    pair ord(x)=33 ord(ax)=68: True quotient by N(Z17) of order 136 (2211 vertices) [8.9s]
    pair ord(x)=33 ord(ax)=6: True quotient by N(Z17) of order 136 (2211 vertices) [8.9s]
    pair ord(x)=33 ord(ax)=68: True quotient by N(Z17) of order 136 (2211 vertices) [8.9s]
    pair ord(x)=33 ord(ax)=66: True quotient by N(Z17) of order 136 (2211 vertices) [9.0s]
    pair ord(x)=33 ord(ax)=68: True quotient by N(Z17) of order 136 (2211 vertices) [9.2s]
    pair ord(x)=33 ord(ax)=66: True quotient by N(Z17) of order 136 (2211 vertices) [9.1s]
    pair ord(x)=33 ord(ax)=68: True quotient by N(Z17) of order 136 (2211 vertices) [9.1s]
    pair ord(x)=33 ord(ax)=68: True quotient by N(Z17) of order 136 (2211 vertices) [9.1s]
    pair ord(x)=33 ord(ax)=22: True quotient by N(Z17) of order 136 (2211 vertices) [9.0s]
    pair ord(x)=33 ord(ax)=68: True quotient by N(Z17) of order 136 (2211 vertices) [9.0s]
    pair ord(x)=33 ord(ax)=68: True quotient by N(Z17) of order 136 (2211 vertices) [9.1s]
    pair ord(x)=33 ord(ax)=66: True quotient by N(Z17) of order 136 (2211 vertices) [9.0s]
    pair ord(x)=33 ord(ax)=66: True quotient by N(Z17) of order 136 (2211 vertices) [9.0s]
    pair ord(x)=33 ord(ax)=68: True quotient by N(Z17) of order 136 (2211 vertices) [9.0s]
    pair ord(x)=33 ord(ax)=68: True quotient by N(Z17) of order 136 (2211 vertices) [9.0s]
    pair ord(x)=33 ord(ax)=22: True quotient by N(Z17) of order 136 (2211 vertices) [9.0s]
    pair ord(x)=33 ord(ax)=68: True quotient by N(Z17) of order 136 (2211 vertices) [9.0s]
    pair ord(x)=33 ord(ax)=68: True quotient by N(Z17) of order 136 (2211 vertices) [9.0s]
    pair ord(x)=33 ord(ax)=68: True quotient by N(Z17) of order 136 (2211 vertices) [9.0s]
    pair ord(x)=33 ord(ax)=68: True quotient by N(Z17) of order 136 (2211 vertices) [9.1s]
    pair ord(x)=33 ord(ax)=66: True quotient by N(Z17) of order 136 (2211 vertices) [9.0s]
    pair ord(x)=33 ord(ax)=4: True quotient by N(Z17) of order 136 (2211 vertices) [9.0s]
    pair ord(x)=33 ord(ax)=66: True quotient by N(Z17) of order 136 (2211 vertices) [9.0s]
    pair ord(x)=33 ord(ax)=66: True quotient by N(Z17) of order 136 (2211 vertices) [8.9s]
    pair ord(x)=33 ord(ax)=22: True quotient by N(Z17) of order 136 (2211 vertices) [9.0s]
    pair ord(x)=33 ord(ax)=66: True quotient by N(Z17) of order 136 (2211 vertices) [8.9s]
    pair ord(x)=33 ord(ax)=68: True quotient by N(Z17) of order 136 (2211 vertices) [9.0s]
    pair ord(x)=33 ord(ax)=22: True quotient by N(Z17) of order 136 (2211 vertices) [9.0s]
    pair ord(x)=33 ord(ax)=22: True quotient by N(Z17) of order 136 (2211 vertices) [9.0s]
    pair ord(x)=33 ord(ax)=68: True quotient by N(Z17) of order 136 (2211 vertices) [9.0s]
    pair ord(x)=33 ord(ax)=66: True quotient by N(Z17) of order 136 (2211 vertices) [9.0s]
    pair ord(x)=17 ord(ax)=66: True quotient by N(Z67) of order 4422 (68 vertices) [8.7s]
    pair ord(x)=17 ord(ax)=68: True quotient by N(Z67) of order 4422 (68 vertices) [8.7s]
    pair ord(x)=17 ord(ax)=68: True quotient by N(Z67) of order 4422 (68 vertices) [8.7s]
    pair ord(x)=17 ord(ax)=22: True quotient by N(Z67) of order 4422 (68 vertices) [8.7s]
    pair ord(x)=17 ord(ax)=68: True quotient by N(Z67) of order 4422 (68 vertices) [8.7s]
    pair ord(x)=17 ord(ax)=66: True quotient by N(Z67) of order 4422 (68 vertices) [8.6s]
    pair ord(x)=17 ord(ax)=22: True quotient by N(Z67) of order 4422 (68 vertices) [8.6s]
    pair ord(x)=17 ord(ax)=4: True quotient by N(Z67) of order 4422 (68 vertices) [8.6s]
    pair ord(x)=17 ord(ax)=66: True quotient by N(Z67) of order 4422 (68 vertices) [8.6s]
    pair ord(x)=17 ord(ax)=66: True quotient by N(Z67) of order 4422 (68 vertices) [8.6s]
    pair ord(x)=17 ord(ax)=22: True quotient by N(Z67) of order 4422 (68 vertices) [8.7s]
    pair ord(x)=17 ord(ax)=68: True quotient by N(Z67) of order 4422 (68 vertices) [8.7s]
    pair ord(x)=17 ord(ax)=68: True quotient by N(Z67) of order 4422 (68 vertices) [8.7s]
    pair ord(x)=17 ord(ax)=68: True quotient by N(Z67) of order 4422 (68 vertices) [8.7s]
    pair ord(x)=17 ord(ax)=68: True quotient by N(Z67) of order 4422 (68 vertices) [8.7s]
    pair ord(x)=17 ord(ax)=6: True quotient by N(Z67) of order 4422 (68 vertices) [8.7s]
    pair ord(x)=17 ord(ax)=66: True quotient by N(Z67) of order 4422 (68 vertices) [8.7s]
    pair ord(x)=17 ord(ax)=68: True quotient by N(Z67) of order 4422 (68 vertices) [8.7s]
    pair ord(x)=17 ord(ax)=68: True quotient by N(Z67) of order 4422 (68 vertices) [8.6s]
    pair ord(x)=17 ord(ax)=68: True quotient by N(Z67) of order 4422 (68 vertices) [8.6s]
    pair ord(x)=17 ord(ax)=68: True quotient by N(Z67) of order 4422 (68 vertices) [8.6s]
    pair ord(x)=17 ord(ax)=22: True quotient by N(Z67) of order 4422 (68 vertices) [8.7s]
    pair ord(x)=17 ord(ax)=68: True quotient by N(Z67) of order 4422 (68 vertices) [8.7s]
    pair ord(x)=17 ord(ax)=68: True quotient by N(Z67) of order 4422 (68 vertices) [8.7s]
    pair ord(x)=17 ord(ax)=68: True quotient by N(Z67) of order 4422 (68 vertices) [8.7s]
    pair ord(x)=17 ord(ax)=68: True quotient by N(Z67) of order 4422 (68 vertices) [8.7s]
    pair ord(x)=17 ord(ax)=66: True quotient by N(Z67) of order 4422 (68 vertices) [8.7s]
    pair ord(x)=17 ord(ax)=22: True quotient by N(Z67) of order 4422 (68 vertices) [8.6s]
    pair ord(x)=17 ord(ax)=68: True quotient by N(Z67) of order 4422 (68 vertices) [8.7s]
    pair ord(x)=17 ord(ax)=66: True quotient by N(Z67) of order 4422 (68 vertices) [8.7s]
    pair ord(x)=17 ord(ax)=66: True quotient by N(Z67) of order 4422 (68 vertices) [8.6s]
    pair ord(x)=17 ord(ax)=66: True quotient by N(Z67) of order 4422 (68 vertices) [8.6s]
    pair ord(x)=17 ord(ax)=66: True quotient by N(Z67) of order 4422 (68 vertices) [8.6s]
    pair ord(x)=17 ord(ax)=68: True quotient by N(Z67) of order 4422 (68 vertices) [8.6s]
    pair ord(x)=17 ord(ax)=22: True quotient by N(Z67) of order 4422 (68 vertices) [8.6s]
    pair ord(x)=17 ord(ax)=68: True quotient by N(Z67) of order 4422 (68 vertices) [8.6s]
    pair ord(x)=17 ord(ax)=4: True quotient by N(Z67) of order 4422 (68 vertices) [8.7s]
    pair ord(x)=17 ord(ax)=66: True quotient by N(Z67) of order 4422 (68 vertices) [8.6s]
    pair ord(x)=17 ord(ax)=66: True quotient by N(Z67) of order 4422 (68 vertices) [8.7s]
    pair ord(x)=17 ord(ax)=68: True quotient by N(Z67) of order 4422 (68 vertices) [8.7s]
    pair ord(x)=17 ord(ax)=22: True quotient by N(Z67) of order 4422 (68 vertices) [8.7s]
    pair ord(x)=17 ord(ax)=66: True quotient by N(Z67) of order 4422 (68 vertices) [8.7s]
    pair ord(x)=17 ord(ax)=68: True quotient by N(Z67) of order 4422 (68 vertices) [8.6s]
    pair ord(x)=17 ord(ax)=68: True quotient by N(Z67) of order 4422 (68 vertices) [8.6s]
    pair ord(x)=17 ord(ax)=6: True quotient by N(Z67) of order 4422 (68 vertices) [8.6s]
    pair ord(x)=17 ord(ax)=66: True quotient by N(Z67) of order 4422 (68 vertices) [8.7s]
    pair ord(x)=17 ord(ax)=22: True quotient by N(Z67) of order 4422 (68 vertices) [8.5s]
    pair ord(x)=17 ord(ax)=68: True quotient by N(Z67) of order 4422 (68 vertices) [8.6s]
    pair ord(x)=17 ord(ax)=68: True quotient by N(Z67) of order 4422 (68 vertices) [8.6s]
    pair ord(x)=17 ord(ax)=68: True quotient by N(Z67) of order 4422 (68 vertices) [8.7s]
    pair ord(x)=17 ord(ax)=66: True quotient by N(Z67) of order 4422 (68 vertices) [8.8s]
    pair ord(x)=17 ord(ax)=68: True quotient by N(Z67) of order 4422 (68 vertices) [8.7s]
    pair ord(x)=17 ord(ax)=68: True quotient by N(Z67) of order 4422 (68 vertices) [8.8s]
    pair ord(x)=17 ord(ax)=68: True quotient by N(Z67) of order 4422 (68 vertices) [8.8s]
    pair ord(x)=17 ord(ax)=66: True quotient by N(Z67) of order 4422 (68 vertices) [8.7s]
    pair ord(x)=17 ord(ax)=68: True quotient by N(Z67) of order 4422 (68 vertices) [8.7s]
    pair ord(x)=17 ord(ax)=66: True quotient by N(Z67) of order 4422 (68 vertices) [8.8s]
    pair ord(x)=17 ord(ax)=66: True quotient by N(Z67) of order 4422 (68 vertices) [8.7s]
    pair ord(x)=17 ord(ax)=22: True quotient by N(Z67) of order 4422 (68 vertices) [8.7s]
    pair ord(x)=17 ord(ax)=22: True quotient by N(Z67) of order 4422 (68 vertices) [8.6s]
    pair ord(x)=17 ord(ax)=68: True quotient by N(Z67) of order 4422 (68 vertices) [8.6s]
    pair ord(x)=17 ord(ax)=68: True quotient by N(Z67) of order 4422 (68 vertices) [8.7s]
    pair ord(x)=17 ord(ax)=66: True quotient by N(Z67) of order 4422 (68 vertices) [8.6s]
    pair ord(x)=17 ord(ax)=68: True quotient by N(Z67) of order 4422 (68 vertices) [8.6s]
    pair ord(x)=17 ord(ax)=66: True quotient by N(Z67) of order 4422 (68 vertices) [8.6s]
    pair ord(x)=17 ord(ax)=68: True quotient by N(Z67) of order 4422 (68 vertices) [8.7s]
    pair ord(x)=33 ord(ax)=68: True quotient by N(Z17) of order 136 (2211 vertices) [9.0s]
    pair ord(x)=33 ord(ax)=66: True quotient by N(Z17) of order 136 (2211 vertices) [9.0s]
    pair ord(x)=33 ord(ax)=68: True quotient by N(Z17) of order 136 (2211 vertices) [9.0s]
    pair ord(x)=33 ord(ax)=4: True quotient by N(Z17) of order 136 (2211 vertices) [9.0s]
    pair ord(x)=33 ord(ax)=68: True quotient by N(Z17) of order 136 (2211 vertices) [9.0s]
    pair ord(x)=33 ord(ax)=66: True quotient by N(Z17) of order 136 (2211 vertices) [9.0s]
    pair ord(x)=33 ord(ax)=68: True quotient by N(Z17) of order 136 (2211 vertices) [9.0s]
    pair ord(x)=33 ord(ax)=66: True quotient by N(Z17) of order 136 (2211 vertices) [9.0s]
    pair ord(x)=33 ord(ax)=68: True quotient by N(Z17) of order 136 (2211 vertices) [9.0s]
    pair ord(x)=33 ord(ax)=22: True quotient by N(Z17) of order 136 (2211 vertices) [9.0s]
    pair ord(x)=33 ord(ax)=66: True quotient by N(Z17) of order 136 (2211 vertices) [8.9s]
    pair ord(x)=33 ord(ax)=68: True quotient by N(Z17) of order 136 (2211 vertices) [9.1s]
    pair ord(x)=33 ord(ax)=6: True quotient by N(Z17) of order 136 (2211 vertices) [9.0s]
    pair ord(x)=33 ord(ax)=66: True quotient by N(Z17) of order 136 (2211 vertices) [9.0s]
    pair ord(x)=33 ord(ax)=68: True quotient by N(Z17) of order 136 (2211 vertices) [9.0s]
    pair ord(x)=33 ord(ax)=68: True quotient by N(Z17) of order 136 (2211 vertices) [9.0s]
    pair ord(x)=33 ord(ax)=68: True quotient by N(Z17) of order 136 (2211 vertices) [8.9s]
    pair ord(x)=33 ord(ax)=68: True quotient by N(Z17) of order 136 (2211 vertices) [8.9s]
    pair ord(x)=33 ord(ax)=66: True quotient by N(Z17) of order 136 (2211 vertices) [9.0s]
    pair ord(x)=33 ord(ax)=66: True quotient by N(Z17) of order 136 (2211 vertices) [8.9s]
    pair ord(x)=33 ord(ax)=68: True quotient by N(Z17) of order 136 (2211 vertices) [8.9s]
    pair ord(x)=33 ord(ax)=68: True quotient by N(Z17) of order 136 (2211 vertices) [9.0s]
    pair ord(x)=33 ord(ax)=22: True quotient by N(Z17) of order 136 (2211 vertices) [9.0s]
    pair ord(x)=33 ord(ax)=68: True quotient by N(Z17) of order 136 (2211 vertices) [9.1s]
    pair ord(x)=33 ord(ax)=66: True quotient by N(Z17) of order 136 (2211 vertices) [9.0s]
    pair ord(x)=33 ord(ax)=22: True quotient by N(Z17) of order 136 (2211 vertices) [9.0s]
    pair ord(x)=33 ord(ax)=68: True quotient by N(Z17) of order 136 (2211 vertices) [9.0s]
    pair ord(x)=33 ord(ax)=66: True quotient by N(Z17) of order 136 (2211 vertices) [9.0s]
    pair ord(x)=33 ord(ax)=68: True quotient by N(Z17) of order 136 (2211 vertices) [8.9s]
    pair ord(x)=33 ord(ax)=22: True quotient by N(Z17) of order 136 (2211 vertices) [9.0s]
    pair ord(x)=33 ord(ax)=68: True quotient by N(Z17) of order 136 (2211 vertices) [8.9s]
    pair ord(x)=33 ord(ax)=22: True quotient by N(Z17) of order 136 (2211 vertices) [9.0s]
    pair ord(x)=33 ord(ax)=66: True quotient by N(Z17) of order 136 (2211 vertices) [8.9s]
    pair ord(x)=33 ord(ax)=68: True quotient by N(Z17) of order 136 (2211 vertices) [8.9s]
    pair ord(x)=33 ord(ax)=22: True quotient by N(Z17) of order 136 (2211 vertices) [9.0s]
    pair ord(x)=33 ord(ax)=68: True quotient by N(Z17) of order 136 (2211 vertices) [9.0s]
    pair ord(x)=33 ord(ax)=68: True quotient by N(Z17) of order 136 (2211 vertices) [8.9s]
    pair ord(x)=33 ord(ax)=22: True quotient by N(Z17) of order 136 (2211 vertices) [9.0s]
    pair ord(x)=33 ord(ax)=66: True quotient by N(Z17) of order 136 (2211 vertices) [9.0s]
    pair ord(x)=33 ord(ax)=68: True quotient by N(Z17) of order 136 (2211 vertices) [9.0s]
    pair ord(x)=33 ord(ax)=6: True quotient by N(Z17) of order 136 (2211 vertices) [9.0s]
    pair ord(x)=33 ord(ax)=66: True quotient by N(Z17) of order 136 (2211 vertices) [9.0s]
    pair ord(x)=33 ord(ax)=66: True quotient by N(Z17) of order 136 (2211 vertices) [9.0s]
    pair ord(x)=33 ord(ax)=68: True quotient by N(Z17) of order 136 (2211 vertices) [9.0s]
    pair ord(x)=33 ord(ax)=68: True quotient by N(Z17) of order 136 (2211 vertices) [8.9s]
    pair ord(x)=33 ord(ax)=68: True quotient by N(Z17) of order 136 (2211 vertices) [8.9s]
    pair ord(x)=33 ord(ax)=66: True quotient by N(Z17) of order 136 (2211 vertices) [8.9s]
    pair ord(x)=33 ord(ax)=68: True quotient by N(Z17) of order 136 (2211 vertices) [9.0s]
    pair ord(x)=33 ord(ax)=68: True quotient by N(Z17) of order 136 (2211 vertices) [9.0s]
    pair ord(x)=33 ord(ax)=68: True quotient by N(Z17) of order 136 (2211 vertices) [9.0s]
    pair ord(x)=33 ord(ax)=68: True quotient by N(Z17) of order 136 (2211 vertices) [9.0s]
    pair ord(x)=33 ord(ax)=22: True quotient by N(Z17) of order 136 (2211 vertices) [9.1s]
    pair ord(x)=33 ord(ax)=68: True quotient by N(Z17) of order 136 (2211 vertices) [9.0s]
    pair ord(x)=33 ord(ax)=66: True quotient by N(Z17) of order 136 (2211 vertices) [9.0s]
    pair ord(x)=33 ord(ax)=66: True quotient by N(Z17) of order 136 (2211 vertices) [9.1s]
    pair ord(x)=33 ord(ax)=4: True quotient by N(Z17) of order 136 (2211 vertices) [9.1s]
    pair ord(x)=33 ord(ax)=68: True quotient by N(Z17) of order 136 (2211 vertices) [9.0s]
    pair ord(x)=33 ord(ax)=68: True quotient by N(Z17) of order 136 (2211 vertices) [9.0s]
    pair ord(x)=33 ord(ax)=68: True quotient by N(Z17) of order 136 (2211 vertices) [8.9s]
    pair ord(x)=33 ord(ax)=22: True quotient by N(Z17) of order 136 (2211 vertices) [8.9s]
    pair ord(x)=33 ord(ax)=68: True quotient by N(Z17) of order 136 (2211 vertices) [8.9s]
    pair ord(x)=33 ord(ax)=66: True quotient by N(Z17) of order 136 (2211 vertices) [9.0s]
    pair ord(x)=33 ord(ax)=66: True quotient by N(Z17) of order 136 (2211 vertices) [9.0s]
    pair ord(x)=33 ord(ax)=22: True quotient by N(Z17) of order 136 (2211 vertices) [9.0s]
    pair ord(x)=17 ord(ax)=68: True quotient by N(Z67) of order 4422 (68 vertices) [8.7s]
    pair ord(x)=17 ord(ax)=66: True quotient by N(Z67) of order 4422 (68 vertices) [8.7s]
    pair ord(x)=17 ord(ax)=66: True quotient by N(Z67) of order 4422 (68 vertices) [8.7s]
    pair ord(x)=17 ord(ax)=66: True quotient by N(Z67) of order 4422 (68 vertices) [8.7s]
    pair ord(x)=17 ord(ax)=66: True quotient by N(Z67) of order 4422 (68 vertices) [8.8s]
    pair ord(x)=17 ord(ax)=66: True quotient by N(Z67) of order 4422 (68 vertices) [8.7s]
    pair ord(x)=17 ord(ax)=68: True quotient by N(Z67) of order 4422 (68 vertices) [8.7s]
    pair ord(x)=17 ord(ax)=68: True quotient by N(Z67) of order 4422 (68 vertices) [8.7s]
    pair ord(x)=17 ord(ax)=22: True quotient by N(Z67) of order 4422 (68 vertices) [8.7s]
    pair ord(x)=17 ord(ax)=68: True quotient by N(Z67) of order 4422 (68 vertices) [8.7s]
    pair ord(x)=17 ord(ax)=68: True quotient by N(Z67) of order 4422 (68 vertices) [8.7s]
    pair ord(x)=17 ord(ax)=6: True quotient by N(Z67) of order 4422 (68 vertices) [8.7s]
    pair ord(x)=17 ord(ax)=68: True quotient by N(Z67) of order 4422 (68 vertices) [8.7s]
    pair ord(x)=17 ord(ax)=68: True quotient by N(Z67) of order 4422 (68 vertices) [8.7s]
    pair ord(x)=17 ord(ax)=68: True quotient by N(Z67) of order 4422 (68 vertices) [8.7s]
    pair ord(x)=17 ord(ax)=66: True quotient by N(Z67) of order 4422 (68 vertices) [8.6s]
    pair ord(x)=17 ord(ax)=66: True quotient by N(Z67) of order 4422 (68 vertices) [8.6s]
    pair ord(x)=17 ord(ax)=68: True quotient by N(Z67) of order 4422 (68 vertices) [8.6s]
    pair ord(x)=17 ord(ax)=68: True quotient by N(Z67) of order 4422 (68 vertices) [8.5s]
    pair ord(x)=17 ord(ax)=4: True quotient by N(Z67) of order 4422 (68 vertices) [8.5s]
    pair ord(x)=17 ord(ax)=22: True quotient by N(Z67) of order 4422 (68 vertices) [8.5s]
    pair ord(x)=17 ord(ax)=68: True quotient by N(Z67) of order 4422 (68 vertices) [8.6s]
    pair ord(x)=17 ord(ax)=66: True quotient by N(Z67) of order 4422 (68 vertices) [8.5s]
    pair ord(x)=17 ord(ax)=66: True quotient by N(Z67) of order 4422 (68 vertices) [8.8s]
    pair ord(x)=17 ord(ax)=22: True quotient by N(Z67) of order 4422 (68 vertices) [8.8s]
    pair ord(x)=17 ord(ax)=66: True quotient by N(Z67) of order 4422 (68 vertices) [8.8s]
    pair ord(x)=17 ord(ax)=68: True quotient by N(Z67) of order 4422 (68 vertices) [8.8s]
    pair ord(x)=17 ord(ax)=68: True quotient by N(Z67) of order 4422 (68 vertices) [8.8s]
    pair ord(x)=17 ord(ax)=22: True quotient by N(Z67) of order 4422 (68 vertices) [8.8s]
    pair ord(x)=17 ord(ax)=68: True quotient by N(Z67) of order 4422 (68 vertices) [8.8s]
    pair ord(x)=17 ord(ax)=68: True quotient by N(Z67) of order 4422 (68 vertices) [8.8s]
    pair ord(x)=17 ord(ax)=22: True quotient by N(Z67) of order 4422 (68 vertices) [8.7s]
    pair ord(x)=17 ord(ax)=68: True quotient by N(Z67) of order 4422 (68 vertices) [8.7s]
    pair ord(x)=17 ord(ax)=22: True quotient by N(Z67) of order 4422 (68 vertices) [8.7s]
    pair ord(x)=17 ord(ax)=66: True quotient by N(Z67) of order 4422 (68 vertices) [8.6s]
    pair ord(x)=17 ord(ax)=68: True quotient by N(Z67) of order 4422 (68 vertices) [8.6s]
    pair ord(x)=17 ord(ax)=66: True quotient by N(Z67) of order 4422 (68 vertices) [8.7s]
    pair ord(x)=17 ord(ax)=68: True quotient by N(Z67) of order 4422 (68 vertices) [8.6s]
    pair ord(x)=17 ord(ax)=66: True quotient by N(Z67) of order 4422 (68 vertices) [8.6s]
    pair ord(x)=17 ord(ax)=68: True quotient by N(Z67) of order 4422 (68 vertices) [8.6s]
    pair ord(x)=17 ord(ax)=68: True quotient by N(Z67) of order 4422 (68 vertices) [8.6s]
    pair ord(x)=17 ord(ax)=22: True quotient by N(Z67) of order 4422 (68 vertices) [8.6s]
    pair ord(x)=17 ord(ax)=66: True quotient by N(Z67) of order 4422 (68 vertices) [8.7s]
    pair ord(x)=17 ord(ax)=66: True quotient by N(Z67) of order 4422 (68 vertices) [8.6s]
    pair ord(x)=17 ord(ax)=68: True quotient by N(Z67) of order 4422 (68 vertices) [8.7s]
    pair ord(x)=17 ord(ax)=6: True quotient by N(Z67) of order 4422 (68 vertices) [8.6s]
    pair ord(x)=17 ord(ax)=68: True quotient by N(Z67) of order 4422 (68 vertices) [8.7s]
    pair ord(x)=17 ord(ax)=68: True quotient by N(Z67) of order 4422 (68 vertices) [8.6s]
    pair ord(x)=17 ord(ax)=66: True quotient by N(Z67) of order 4422 (68 vertices) [8.6s]
    pair ord(x)=17 ord(ax)=22: True quotient by N(Z67) of order 4422 (68 vertices) [8.6s]
    pair ord(x)=17 ord(ax)=68: True quotient by N(Z67) of order 4422 (68 vertices) [8.6s]
    pair ord(x)=17 ord(ax)=68: True quotient by N(Z67) of order 4422 (68 vertices) [8.7s]
    pair ord(x)=17 ord(ax)=66: True quotient by N(Z67) of order 4422 (68 vertices) [8.7s]
    pair ord(x)=17 ord(ax)=66: True quotient by N(Z67) of order 4422 (68 vertices) [8.6s]
    pair ord(x)=17 ord(ax)=22: True quotient by N(Z67) of order 4422 (68 vertices) [8.7s]
    pair ord(x)=17 ord(ax)=68: True quotient by N(Z67) of order 4422 (68 vertices) [8.7s]
    pair ord(x)=17 ord(ax)=68: True quotient by N(Z67) of order 4422 (68 vertices) [8.6s]
    pair ord(x)=17 ord(ax)=68: True quotient by N(Z67) of order 4422 (68 vertices) [8.6s]
    pair ord(x)=17 ord(ax)=68: True quotient by N(Z67) of order 4422 (68 vertices) [8.7s]
    pair ord(x)=17 ord(ax)=68: True quotient by N(Z67) of order 4422 (68 vertices) [8.6s]
    pair ord(x)=17 ord(ax)=4: True quotient by N(Z67) of order 4422 (68 vertices) [8.6s]
    pair ord(x)=17 ord(ax)=68: True quotient by N(Z67) of order 4422 (68 vertices) [8.6s]
    pair ord(x)=17 ord(ax)=66: True quotient by N(Z67) of order 4422 (68 vertices) [8.6s]
    pair ord(x)=17 ord(ax)=66: True quotient by N(Z67) of order 4422 (68 vertices) [8.7s]
    pair ord(x)=17 ord(ax)=22: True quotient by N(Z67) of order 4422 (68 vertices) [8.7s]
    pair ord(x)=17 ord(ax)=68: True quotient by N(Z67) of order 4422 (68 vertices) [8.8s]
    pair ord(x)=17 ord(ax)=68: True quotient by N(Z67) of order 4422 (68 vertices) [8.8s]
    pair ord(x)=17 ord(ax)=68: True quotient by N(Z67) of order 4422 (68 vertices) [8.7s]
    pair ord(x)=17 ord(ax)=22: True quotient by N(Z67) of order 4422 (68 vertices) [8.8s]
    pair ord(x)=17 ord(ax)=66: True quotient by N(Z67) of order 4422 (68 vertices) [8.8s]
    pair ord(x)=17 ord(ax)=66: True quotient by N(Z67) of order 4422 (68 vertices) [8.7s]
    pair ord(x)=17 ord(ax)=66: True quotient by N(Z67) of order 4422 (68 vertices) [8.7s]
    pair ord(x)=17 ord(ax)=66: True quotient by N(Z67) of order 4422 (68 vertices) [8.7s]
    pair ord(x)=17 ord(ax)=68: True quotient by N(Z67) of order 4422 (68 vertices) [8.6s]
    pair ord(x)=17 ord(ax)=68: True quotient by N(Z67) of order 4422 (68 vertices) [8.6s]
    pair ord(x)=17 ord(ax)=68: True quotient by N(Z67) of order 4422 (68 vertices) [8.6s]
    pair ord(x)=17 ord(ax)=66: True quotient by N(Z67) of order 4422 (68 vertices) [8.6s]
    pair ord(x)=17 ord(ax)=66: True quotient by N(Z67) of order 4422 (68 vertices) [8.7s]
    pair ord(x)=17 ord(ax)=68: True quotient by N(Z67) of order 4422 (68 vertices) [8.7s]
    pair ord(x)=17 ord(ax)=68: True quotient by N(Z67) of order 4422 (68 vertices) [8.7s]
    pair ord(x)=17 ord(ax)=22: True quotient by N(Z67) of order 4422 (68 vertices) [8.8s]
    pair ord(x)=17 ord(ax)=66: True quotient by N(Z67) of order 4422 (68 vertices) [8.8s]
    pair ord(x)=17 ord(ax)=66: True quotient by N(Z67) of order 4422 (68 vertices) [8.7s]
    pair ord(x)=17 ord(ax)=22: True quotient by N(Z67) of order 4422 (68 vertices) [8.7s]
    pair ord(x)=17 ord(ax)=68: True quotient by N(Z67) of order 4422 (68 vertices) [8.6s]
    pair ord(x)=17 ord(ax)=68: True quotient by N(Z67) of order 4422 (68 vertices) [8.6s]
    pair ord(x)=17 ord(ax)=68: True quotient by N(Z67) of order 4422 (68 vertices) [8.6s]
    pair ord(x)=17 ord(ax)=22: True quotient by N(Z67) of order 4422 (68 vertices) [8.6s]
    pair ord(x)=17 ord(ax)=4: True quotient by N(Z67) of order 4422 (68 vertices) [8.6s]
    pair ord(x)=17 ord(ax)=68: True quotient by N(Z67) of order 4422 (68 vertices) [8.5s]
    pair ord(x)=17 ord(ax)=66: True quotient by N(Z67) of order 4422 (68 vertices) [8.4s]
    pair ord(x)=17 ord(ax)=66: True quotient by N(Z67) of order 4422 (68 vertices) [8.3s]
    pair ord(x)=17 ord(ax)=68: True quotient by N(Z67) of order 4422 (68 vertices) [8.2s]
    pair ord(x)=17 ord(ax)=6: True quotient by N(Z67) of order 4422 (68 vertices) [8.2s]
    pair ord(x)=17 ord(ax)=68: True quotient by N(Z67) of order 4422 (68 vertices) [8.2s]
    pair ord(x)=17 ord(ax)=22: True quotient by N(Z67) of order 4422 (68 vertices) [6.6s]
    pair ord(x)=17 ord(ax)=68: True quotient by N(Z67) of order 4422 (68 vertices) [5.9s]
    pair ord(x)=17 ord(ax)=68: True quotient by N(Z67) of order 4422 (68 vertices) [5.8s]
    pair ord(x)=17 ord(ax)=68: True quotient by N(Z67) of order 4422 (68 vertices) [5.8s]
PGL(2,67)      |G|= 300696  inv.classes=2  pairs=  808  non-colourable=0  undecided=0  largest quotient solved=4488  [1084.0s]

SUMMARY
PSL(2,83)        285852 classes=1 pairs= 1880 bad=0 undecided=0 maxq=3486
PGL(2,67)        300696 classes=2 pairs=  808 bad=0 undecided=0 maxq=4488
